movimiento_id,fecha,tienda_id,producto_id,proveedor_id,tipo_movimiento,cantidad,costo_unitario
1,2024-05-18,3,SKU0037,7,ENTRADA,52,8450.36
2,2025-12-10,5,SKU0022,10,ENTRADA,53,2003.51
3,2025-12-05,3,SKU0030,,SALIDA,51,2418.47
4,2024-07-05,2,SKU0036,,AJUSTE,82,13119.6
5,2026-06-25,5,SKU0023,5,ENTRADA,63,8993.6
6,2025-06-28,3,SKU0039,8,ENTRADA,40,8187.4
7,2026-02-09,1,SKU0040,,SALIDA,80,3886.36
8,2025-12-19,4,SKU0042,,SALIDA,23,6622.98
9,2024-07-09,5,SKU0013,,SALIDA,59,2840.61
10,2024-05-26,5,SKU0025,5,ENTRADA,77,4907.86
11,2026-02-07,1,SKU0013,5,ENTRADA,51,3835.68
12,2024-10-29,4,SKU0019,10,ENTRADA,68,1939.81
13,2026-05-05,1,SKU0026,,SALIDA,38,4380.54
14,2026-01-29,5,SKU0025,,SALIDA,75,5850.62
15,2024-02-05,4,SKU0009,1,ENTRADA,78,2418.51
16,2026-03-02,1,SKU0025,5,ENTRADA,98,5024.37
17,2024-11-02,5,SKU0009,,SALIDA,56,1875.36
18,2024-03-17,3,SKU0013,,AJUSTE,67,2589.73
19,2025-12-13,5,SKU0026,,AJUSTE,81,4460.03
20,2025-08-16,4,SKU0027,5,ENTRADA,16,5851.25
21,2024-04-01,2,SKU0025,,SALIDA,96,4472.68
22,2025-04-28,1,SKU0019,10,ENTRADA,9,2042.23
23,2025-01-25,2,SKU0032,9,ENTRADA,12,2322.75
24,2025-06-07,3,SKU0010,6,ENTRADA,36,5448.52
25,2025-08-06,3,SKU0013,5,ENTRADA,44,3470.47
26,2025-02-01,1,SKU0025,5,ENTRADA,67,4575.83
27,2024-10-14,5,SKU0034,,SALIDA,77,1884.29
28,2024-04-30,4,SKU0005,2,ENTRADA,14,4854.67
29,2025-08-13,3,SKU0004,1,ENTRADA,2,6549.32
30,2025-12-21,3,SKU0015,1,ENTRADA,99,3064.67
31,2024-09-15,5,SKU0008,,SALIDA,48,2861.46
32,2025-06-15,3,SKU0002,,AJUSTE,80,2771.34
33,2024-02-23,2,SKU0010,6,ENTRADA,17,5978.03
34,2026-04-16,1,SKU0008,,AJUSTE,11,3269.87
35,2024-10-03,3,SKU0038,,SALIDA,96,4940.53
36,2025-05-13,3,SKU0007,6,ENTRADA,36,3901.09
37,2025-02-17,4,SKU0035,,AJUSTE,29,9709.07
38,2024-06-20,4,SKU0013,,SALIDA,76,3160.85
39,2026-06-08,3,SKU0010,6,ENTRADA,97,5797.17
40,2026-04-12,4,SKU0008,,AJUSTE,19,2680.28
41,2025-07-25,4,SKU0014,,AJUSTE,73,4447.06
42,2026-05-26,1,SKU0034,,AJUSTE,14,2382.2
43,2026-01-03,5,SKU0003,,SALIDA,20,1841.87
44,2025-03-25,4,SKU0011,,SALIDA,60,3040.47
45,2024-12-19,4,SKU0040,5,ENTRADA,87,3329.1
46,2025-03-22,4,SKU0033,,SALIDA,37,2362.62
47,2025-12-19,2,SKU0023,,SALIDA,28,9813.11
48,2024-11-01,5,SKU0020,,AJUSTE,69,1331.1
49,2024-04-02,2,SKU0032,,SALIDA,40,1888.17
50,2025-02-07,2,SKU0012,,SALIDA,26,1384.62
51,2025-06-09,4,SKU0005,,AJUSTE,87,5555.93
52,2026-05-17,5,SKU0012,4,ENTRADA,43,1370.07
53,2024-07-22,3,SKU0016,,SALIDA,47,2205.5
54,2026-02-28,2,SKU0034,,AJUSTE,61,2036.19
55,2026-07-17,4,SKU0017,,SALIDA,61,9619.15
56,2026-06-26,1,SKU0025,,AJUSTE,17,5264.54
57,2024-03-23,3,SKU0032,,SALIDA,91,2136.7
58,2025-05-07,4,SKU0033,9,ENTRADA,93,2288.13
59,2024-11-12,4,SKU0004,,SALIDA,27,5080.06
60,2026-04-02,4,SKU0014,,AJUSTE,47,4427.51
61,2024-12-24,3,SKU0007,6,ENTRADA,51,2878.39
62,2025-07-25,1,SKU0042,,SALIDA,38,7477.64
63,2024-01-10,3,SKU0006,,SALIDA,29,1266.74
64,2024-08-15,1,SKU0008,,SALIDA,11,2361.34
65,2025-08-03,3,SKU0019,10,ENTRADA,76,1981.53
66,2024-12-04,4,SKU0039,,SALIDA,46,9059.51
67,2025-09-28,3,SKU0020,5,ENTRADA,28,1409.56
68,2025-05-06,4,SKU0040,5,ENTRADA,16,4017.22
69,2025-08-30,2,SKU0024,8,ENTRADA,32,1818.58
70,2025-06-01,4,SKU0038,1,ENTRADA,80,5696.02
71,2026-01-30,4,SKU0040,5,ENTRADA,12,3468.94
72,2024-08-09,2,SKU0003,,SALIDA,29,1339.58
73,2026-05-16,5,SKU0039,,SALIDA,47,10606.23
74,2026-01-20,3,SKU0035,,AJUSTE,92,10945.21
75,2024-10-04,5,SKU0005,,AJUSTE,65,4434.02
76,2024-01-08,5,SKU0031,,SALIDA,7,2366.74
77,2025-03-16,1,SKU0009,,SALIDA,74,2438.76
78,2024-09-20,5,SKU0032,,SALIDA,28,1987.93
79,2025-01-11,5,SKU0015,1,ENTRADA,63,3945.26
80,2026-03-28,1,SKU0038,1,ENTRADA,28,5534.32
81,2026-04-28,2,SKU0011,1,ENTRADA,78,3071.49
82,2026-06-24,1,SKU0036,,SALIDA,2,14044.05
83,2024-01-02,1,SKU0014,,SALIDA,94,4208.65
84,2025-10-29,2,SKU0034,,SALIDA,72,2088.66
85,2026-04-05,4,SKU0030,,SALIDA,33,2232.67
86,2025-12-24,2,SKU0002,,SALIDA,50,2939.85
87,2024-05-02,4,SKU0023,5,ENTRADA,1,8829.3
88,2025-07-04,4,SKU0029,1,ENTRADA,21,4830.44
89,2024-09-26,2,SKU0036,7,ENTRADA,24,14079.03
90,2025-05-31,5,SKU0042,5,ENTRADA,16,7195.02
91,2024-03-13,5,SKU0014,,SALIDA,69,3323.14
92,2026-07-29,3,SKU0036,,SALIDA,18,14676.18
93,2025-12-13,5,SKU0014,5,ENTRADA,26,4428.6
94,2024-04-19,3,SKU0020,,AJUSTE,56,1527.16
95,2026-06-01,4,SKU0003,,SALIDA,85,1895.48
96,2026-05-13,3,SKU0003,,AJUSTE,46,1906.65
97,2025-06-25,2,SKU0007,6,ENTRADA,33,3675.71
98,2025-12-05,2,SKU0017,,SALIDA,67,10007.46
99,2025-02-06,5,SKU0018,,AJUSTE,12,2461.72
100,2026-07-12,3,SKU0034,,SALIDA,45,1993.65
101,2024-04-10,2,SKU0017,1,ENTRADA,4,9419.59
102,2024-04-22,4,SKU0016,,AJUSTE,88,2100.38
103,2024-06-02,3,SKU0002,,AJUSTE,91,2989.22
104,2026-03-13,4,SKU0015,,SALIDA,81,4291.64
105,2024-03-30,1,SKU0007,,SALIDA,94,3088.05
106,2025-08-07,3,SKU0023,,AJUSTE,81,9652.7
107,2025-04-09,3,SKU0037,7,ENTRADA,10,11129.79
108,2026-07-04,5,SKU0032,9,ENTRADA,14,2130.17
109,2024-09-24,2,SKU0027,,SALIDA,44,5721.06
110,2024-10-21,4,SKU0012,,SALIDA,60,1334.62
111,2024-12-14,4,SKU0032,,SALIDA,47,2057.13
112,2026-02-25,5,SKU0024,,SALIDA,10,1568.07
113,2025-12-05,1,SKU0020,,SALIDA,33,1874.21
114,2025-12-30,5,SKU0005,,SALIDA,29,5921.04
115,2024-12-16,1,SKU0036,,AJUSTE,84,13111.79
116,2024-11-02,2,SKU0020,,SALIDA,63,1658.28
117,2024-03-30,2,SKU0013,,AJUSTE,78,2486.69
118,2024-08-17,4,SKU0032,9,ENTRADA,47,2241.85
119,2026-02-06,1,SKU0003,1,ENTRADA,11,1516.71
120,2025-08-23,3,SKU0007,,SALIDA,68,4014.38
121,2024-06-26,3,SKU0020,5,ENTRADA,96,1356.45
122,2024-07-06,4,SKU0017,,AJUSTE,21,9121.17
123,2025-05-08,5,SKU0017,,AJUSTE,2,7972.06
124,2025-03-13,4,SKU0034,9,ENTRADA,50,2292.77
125,2025-07-09,4,SKU0017,,AJUSTE,3,8603.84
126,2026-07-04,5,SKU0041,,AJUSTE,12,6463.59
127,2024-08-22,2,SKU0031,,AJUSTE,85,2350.17
128,2024-12-08,4,SKU0025,,AJUSTE,74,4320.63
129,2024-10-25,4,SKU0015,,SALIDA,24,3727.81
130,2024-05-19,4,SKU0038,1,ENTRADA,6,5894.6
131,2024-06-28,4,SKU0013,5,ENTRADA,56,2750.0
132,2025-11-23,1,SKU0012,,SALIDA,66,1596.8
133,2026-03-18,5,SKU0037,,SALIDA,21,12942.61
134,2025-12-02,5,SKU0024,,SALIDA,14,1707.29
135,2024-02-19,3,SKU0042,,SALIDA,88,6387.86
136,2026-03-25,2,SKU0013,,SALIDA,60,2867.4
137,2024-12-25,3,SKU0008,,SALIDA,87,2627.49
138,2024-04-17,4,SKU0030,9,ENTRADA,81,2490.86
139,2024-10-07,1,SKU0027,,AJUSTE,55,5603.72
140,2025-01-20,5,SKU0027,,AJUSTE,89,6112.04
141,2025-06-19,5,SKU0042,,SALIDA,97,6075.73
142,2025-11-15,3,SKU0034,,AJUSTE,61,1917.8
143,2024-10-20,5,SKU0023,,SALIDA,62,9318.94
144,2026-07-24,3,SKU0038,1,ENTRADA,90,7075.01
145,2024-02-07,3,SKU0027,,SALIDA,64,4817.82
146,2025-03-11,2,SKU0025,5,ENTRADA,63,4686.96
147,2025-04-25,4,SKU0032,,SALIDA,77,2106.28
148,2026-01-09,3,SKU0017,,AJUSTE,57,10285.58
149,2024-10-09,4,SKU0025,,AJUSTE,34,4925.59
150,2025-05-04,3,SKU0041,,SALIDA,96,5486.92
151,2026-02-27,2,SKU0023,,SALIDA,57,10934.8
152,2024-06-09,1,SKU0021,10,ENTRADA,33,2107.87
153,2024-01-15,2,SKU0024,,SALIDA,64,1343.04
154,2026-03-21,1,SKU0042,,AJUSTE,93,7013.11
155,2026-07-18,5,SKU0034,,SALIDA,41,2539.95
156,2024-05-30,5,SKU0042,,SALIDA,43,7255.06
157,2026-03-16,4,SKU0016,,SALIDA,36,2841.41
158,2025-02-06,4,SKU0003,,AJUSTE,1,1499.81
159,2025-10-05,2,SKU0035,7,ENTRADA,94,10573.44
160,2025-10-18,5,SKU0026,8,ENTRADA,24,4131.22
161,2025-08-21,2,SKU0008,,SALIDA,77,2629.01
162,2024-10-18,1,SKU0034,,SALIDA,100,1667.51
163,2026-03-07,4,SKU0015,1,ENTRADA,8,4312.4
164,2024-01-26,1,SKU0018,,SALIDA,1,2777.37
165,2024-03-18,2,SKU0025,5,ENTRADA,91,4150.44
166,2026-05-17,3,SKU0002,3,ENTRADA,6,3552.17
167,2025-04-17,4,SKU0010,,SALIDA,67,5543.66
168,2024-05-28,4,SKU0035,,AJUSTE,56,8808.81
169,2026-05-19,4,SKU0019,,SALIDA,36,2038.63
170,2026-03-20,4,SKU0018,,SALIDA,96,2592.23
171,2024-12-28,2,SKU0014,,SALIDA,26,4072.35
172,2024-02-21,5,SKU0037,,SALIDA,34,8756.07
173,2025-05-03,2,SKU0039,8,ENTRADA,91,10484.94
174,2024-07-10,3,SKU0037,7,ENTRADA,7,11099.0
175,2025-08-13,2,SKU0002,,SALIDA,56,2599.28
176,2026-03-14,1,SKU0035,,AJUSTE,42,9912.85
177,2025-03-02,5,SKU0020,,SALIDA,76,1815.58
178,2024-02-05,5,SKU0031,,SALIDA,26,2091.76
179,2025-11-21,1,SKU0016,,SALIDA,12,2410.87
180,2024-07-15,3,SKU0014,,SALIDA,84,3558.17
181,2024-08-30,5,SKU0031,,AJUSTE,27,2307.21
182,2024-07-30,3,SKU0002,3,ENTRADA,53,2392.27
183,2024-11-10,1,SKU0030,,SALIDA,68,2254.26
184,2026-05-03,4,SKU0028,1,ENTRADA,62,1899.58
185,2024-02-11,1,SKU0035,7,ENTRADA,77,8738.35
186,2025-09-25,1,SKU0026,8,ENTRADA,73,3403.15
187,2024-10-04,4,SKU0013,,SALIDA,33,2802.52
188,2024-11-25,5,SKU0042,,AJUSTE,39,7419.91
189,2025-03-18,2,SKU0007,6,ENTRADA,64,3414.12
190,2025-07-23,4,SKU0033,9,ENTRADA,43,2456.67
191,2024-03-14,1,SKU0033,,SALIDA,75,1746.01
192,2024-11-10,4,SKU0003,,SALIDA,16,1600.04
193,2024-06-06,3,SKU0028,1,ENTRADA,64,1615.77
194,2024-08-13,5,SKU0030,9,ENTRADA,98,2301.49
195,2026-05-04,3,SKU0042,,SALIDA,68,8075.34
196,2025-06-30,2,SKU0033,9,ENTRADA,30,2012.88
197,2025-10-05,4,SKU0023,5,ENTRADA,56,10266.35
198,2026-02-26,3,SKU0022,10,ENTRADA,38,2176.58
199,2026-02-19,2,SKU0040,,SALIDA,24,4080.09
200,2026-07-23,1,SKU0040,5,ENTRADA,16,4521.09
201,2026-02-08,5,SKU0036,7,ENTRADA,85,16335.74
202,2025-01-24,2,SKU0017,1,ENTRADA,55,9111.28
203,2025-07-17,3,SKU0034,,AJUSTE,65,2326.11
204,2025-05-24,3,SKU0017,1,ENTRADA,71,9306.63
205,2026-05-25,3,SKU0037,,AJUSTE,28,9847.54
206,2025-06-09,1,SKU0012,,SALIDA,81,1636.86
207,2025-02-23,1,SKU0028,,SALIDA,20,1999.2
208,2024-07-22,1,SKU0040,5,ENTRADA,96,3360.53
209,2024-12-17,1,SKU0014,5,ENTRADA,78,4215.24
210,2024-09-04,4,SKU0040,,SALIDA,26,3206.46
211,2026-05-12,2,SKU0039,8,ENTRADA,46,10943.05
212,2026-02-05,3,SKU0026,,SALIDA,1,4772.44
213,2024-03-11,4,SKU0002,,AJUSTE,83,2875.12
214,2026-07-25,3,SKU0023,5,ENTRADA,24,10263.53
215,2025-07-03,2,SKU0014,5,ENTRADA,16,3562.04
216,2026-01-25,5,SKU0041,,SALIDA,28,5942.74
217,2026-07-31,1,SKU0021,10,ENTRADA,38,2532.66
218,2026-07-11,5,SKU0006,2,ENTRADA,90,1478.16
219,2024-04-27,5,SKU0025,5,ENTRADA,8,4210.32
220,2025-10-29,1,SKU0008,,AJUSTE,31,3074.44
221,2024-10-27,3,SKU0004,,SALIDA,68,5468.19
222,2026-03-10,2,SKU0029,,AJUSTE,46,4598.59
223,2026-05-29,5,SKU0032,,SALIDA,27,2402.58
224,2024-03-08,2,SKU0034,,SALIDA,92,1847.7
225,2026-07-29,2,SKU0021,,AJUSTE,14,2749.78
226,2024-09-05,5,SKU0006,2,ENTRADA,63,1331.86
227,2026-04-03,5,SKU0013,5,ENTRADA,56,3829.07
228,2026-02-22,5,SKU0009,,SALIDA,13,2571.01
229,2025-01-20,3,SKU0012,,SALIDA,83,1447.67
230,2026-03-28,5,SKU0027,,AJUSTE,85,6947.63
231,2026-04-02,3,SKU0022,,AJUSTE,6,1796.21
232,2024-07-18,1,SKU0033,,AJUSTE,55,2156.32
233,2025-08-31,3,SKU0040,,SALIDA,34,4085.34
234,2026-03-01,4,SKU0030,9,ENTRADA,87,2874.86
235,2025-12-03,3,SKU0001,,AJUSTE,71,2486.01
236,2026-05-26,3,SKU0008,6,ENTRADA,66,2989.9
237,2024-02-03,3,SKU0042,,SALIDA,53,6923.69
238,2025-12-05,2,SKU0003,,SALIDA,4,1532.94
239,2026-06-21,5,SKU0027,,SALIDA,45,7067.71
240,2025-08-03,2,SKU0039,,SALIDA,43,9221.0
241,2025-08-03,1,SKU0005,,AJUSTE,97,5815.83
242,2024-07-31,4,SKU0010,,SALIDA,100,5297.14
243,2026-07-22,4,SKU0029,,SALIDA,64,4350.97
244,2026-05-01,2,SKU0037,,SALIDA,37,12884.31
245,2025-05-31,2,SKU0008,6,ENTRADA,66,2685.8
246,2024-12-08,5,SKU0019,10,ENTRADA,62,1739.99
247,2025-05-29,1,SKU0040,5,ENTRADA,64,3290.19
248,2024-04-16,3,SKU0019,,SALIDA,77,1941.3
249,2024-09-20,3,SKU0036,,AJUSTE,89,13879.1
250,2024-09-04,3,SKU0030,9,ENTRADA,56,2223.46
251,2025-07-01,5,SKU0013,,SALIDA,54,3306.72
252,2024-01-01,1,SKU0032,9,ENTRADA,43,1930.69
253,2026-05-29,3,SKU0015,1,ENTRADA,22,4090.77
254,2024-08-15,4,SKU0028,,SALIDA,80,2020.86
255,2024-05-30,4,SKU0002,,SALIDA,16,3037.73
256,2025-12-17,4,SKU0010,6,ENTRADA,87,6012.78
257,2026-05-30,2,SKU0024,8,ENTRADA,37,1890.53
258,2026-04-01,2,SKU0008,,SALIDA,14,2921.79
259,2024-12-21,1,SKU0041,8,ENTRADA,44,5459.25
260,2024-01-27,3,SKU0024,,AJUSTE,31,1628.54
261,2025-08-25,3,SKU0023,,AJUSTE,44,10149.27
262,2026-05-29,4,SKU0024,8,ENTRADA,16,1682.2
263,2026-02-01,2,SKU0036,7,ENTRADA,48,16374.81
264,2026-04-03,4,SKU0031,,SALIDA,66,2074.94
265,2026-04-14,3,SKU0040,5,ENTRADA,39,4673.14
266,2026-07-01,1,SKU0038,1,ENTRADA,65,6113.03
267,2025-02-08,3,SKU0004,1,ENTRADA,11,6253.88
268,2026-06-17,3,SKU0024,,SALIDA,72,1627.66
269,2025-03-02,1,SKU0011,,AJUSTE,59,3099.76
270,2024-04-28,4,SKU0015,,AJUSTE,50,3637.17
271,2024-12-02,2,SKU0040,5,ENTRADA,86,3704.37
272,2024-06-06,5,SKU0003,,AJUSTE,67,1642.66
273,2024-06-28,3,SKU0035,7,ENTRADA,12,8294.57
274,2026-06-22,5,SKU0024,8,ENTRADA,77,1498.99
275,2026-02-17,3,SKU0007,6,ENTRADA,23,3240.7
276,2026-07-01,3,SKU0026,8,ENTRADA,5,4302.19
277,2025-10-22,2,SKU0013,5,ENTRADA,74,3087.93
278,2024-07-16,5,SKU0032,9,ENTRADA,24,2268.98
279,2026-07-07,5,SKU0016,,AJUSTE,82,2749.89
280,2025-11-29,1,SKU0011,,AJUSTE,69,3129.39
281,2026-06-07,3,SKU0034,,SALIDA,58,2288.81
282,2026-02-12,4,SKU0027,,SALIDA,52,5996.93
283,2024-09-09,2,SKU0018,10,ENTRADA,70,2386.07
284,2025-08-27,1,SKU0033,9,ENTRADA,38,1967.35
285,2024-07-18,4,SKU0026,,SALIDA,62,3330.9
286,2024-12-06,3,SKU0027,,SALIDA,4,5173.17
287,2025-11-25,5,SKU0042,5,ENTRADA,99,7417.92
288,2024-05-27,4,SKU0011,,AJUSTE,56,2714.56
289,2025-12-25,5,SKU0029,,SALIDA,67,3809.52
290,2026-06-22,4,SKU0036,,SALIDA,39,13964.53
291,2026-06-22,2,SKU0037,,SALIDA,50,11631.48
292,2025-02-26,3,SKU0006,,SALIDA,50,1782.72
293,2026-07-27,5,SKU0014,,AJUSTE,91,4072.15
294,2026-07-05,3,SKU0006,,SALIDA,56,1671.29
295,2024-02-09,2,SKU0042,5,ENTRADA,79,6058.3
296,2025-09-09,4,SKU0010,,AJUSTE,98,5135.66
297,2026-06-01,5,SKU0036,,SALIDA,35,16242.41
298,2026-07-06,4,SKU0038,,SALIDA,54,6596.11
299,2024-09-06,1,SKU0034,9,ENTRADA,85,2241.81
300,2025-08-05,2,SKU0012,,AJUSTE,19,1346.85
301,2026-06-13,2,SKU0042,,SALIDA,50,7679.63
302,2024-06-10,2,SKU0009,1,ENTRADA,29,2188.04
303,2026-01-07,4,SKU0015,,AJUSTE,100,3503.02
304,2024-09-26,1,SKU0025,5,ENTRADA,66,4365.87
305,2026-07-18,5,SKU0020,,SALIDA,64,1723.26
306,2024-07-10,3,SKU0004,,SALIDA,42,6001.42
307,2026-05-04,4,SKU0021,,SALIDA,84,3141.11
308,2024-04-14,4,SKU0024,,AJUSTE,50,1523.35
309,2025-12-11,1,SKU0001,,SALIDA,44,2310.03
310,2025-10-13,4,SKU0009,,SALIDA,84,2317.27
311,2026-05-05,3,SKU0041,,AJUSTE,34,6196.51
312,2025-04-20,2,SKU0027,5,ENTRADA,60,5182.74
313,2024-10-25,1,SKU0027,,SALIDA,56,5340.83
314,2024-10-08,3,SKU0017,1,ENTRADA,6,7309.77
315,2024-03-22,1,SKU0010,,AJUSTE,56,5492.09
316,2024-10-16,1,SKU0030,,SALIDA,18,1960.5
317,2024-05-06,1,SKU0021,,AJUSTE,12,2524.45
318,2024-01-02,3,SKU0034,9,ENTRADA,44,1895.31
319,2025-02-20,1,SKU0041,8,ENTRADA,29,5949.2
320,2025-12-28,3,SKU0036,7,ENTRADA,70,12201.64
321,2026-07-08,2,SKU0017,1,ENTRADA,24,10447.91
322,2026-05-04,4,SKU0033,,SALIDA,53,2491.36
323,2025-06-01,2,SKU0014,,SALIDA,86,4109.48
324,2025-02-13,3,SKU0004,1,ENTRADA,27,5731.64
325,2025-07-18,1,SKU0007,,SALIDA,6,3963.7
326,2024-04-29,5,SKU0033,9,ENTRADA,95,2215.55
327,2025-05-20,1,SKU0003,,SALIDA,20,1380.92
328,2026-04-17,5,SKU0006,,SALIDA,45,1700.84
329,2025-10-24,3,SKU0042,,AJUSTE,99,6817.89
330,2025-11-24,5,SKU0040,5,ENTRADA,43,4208.78
331,2024-07-04,1,SKU0031,9,ENTRADA,45,2154.51
332,2024-03-28,1,SKU0028,1,ENTRADA,38,1720.03
333,2026-04-02,2,SKU0033,9,ENTRADA,40,2658.37
334,2024-11-25,4,SKU0001,,SALIDA,94,2771.61
335,2024-12-17,1,SKU0024,8,ENTRADA,6,1461.93
336,2026-06-24,5,SKU0001,2,ENTRADA,18,2515.69
337,2024-03-29,5,SKU0036,,SALIDA,37,12294.83
338,2024-07-12,4,SKU0013,5,ENTRADA,37,3373.51
339,2025-02-09,2,SKU0016,4,ENTRADA,37,2396.66
340,2025-12-27,2,SKU0040,,SALIDA,37,3508.73
341,2025-07-19,2,SKU0006,,SALIDA,55,1580.62
342,2026-05-14,1,SKU0026,8,ENTRADA,29,3777.6
343,2024-04-19,4,SKU0006,,SALIDA,44,1499.69
344,2025-09-01,2,SKU0027,,SALIDA,59,5721.11
345,2025-09-19,2,SKU0022,,SALIDA,59,2066.5
346,2025-05-22,2,SKU0004,,SALIDA,81,7064.8
347,2024-02-07,2,SKU0004,,SALIDA,93,5515.35
348,2026-06-17,1,SKU0001,,SALIDA,96,3164.0
349,2024-07-06,5,SKU0028,,SALIDA,6,1842.23
350,2026-05-08,3,SKU0001,,SALIDA,10,3099.89
351,2024-06-28,1,SKU0012,,AJUSTE,12,1511.74
352,2024-04-29,5,SKU0030,9,ENTRADA,24,2605.29
353,2024-08-20,2,SKU0024,,AJUSTE,30,1614.71
354,2024-08-02,1,SKU0015,,SALIDA,35,3279.73
355,2025-12-02,3,SKU0038,1,ENTRADA,54,5514.72
356,2025-12-20,4,SKU0004,,AJUSTE,38,5700.39
357,2025-12-26,5,SKU0007,6,ENTRADA,5,3129.74
358,2024-10-25,4,SKU0012,,SALIDA,53,1469.95
359,2024-11-11,3,SKU0022,10,ENTRADA,74,1442.77
360,2024-09-25,3,SKU0003,1,ENTRADA,100,1497.08
361,2024-03-01,3,SKU0005,,SALIDA,70,5076.9
362,2025-08-11,1,SKU0021,10,ENTRADA,78,2436.51
363,2026-03-29,4,SKU0019,,SALIDA,93,1798.69
364,2024-06-24,2,SKU0027,5,ENTRADA,1,5273.02
365,2025-01-25,3,SKU0024,8,ENTRADA,60,1725.28
366,2025-04-02,1,SKU0004,,AJUSTE,70,7080.43
367,2024-11-25,4,SKU0008,,SALIDA,30,2496.65
368,2025-11-02,1,SKU0029,1,ENTRADA,13,4738.63
369,2025-09-07,3,SKU0001,,SALIDA,8,2346.28
370,2024-08-13,3,SKU0012,,AJUSTE,22,1386.76
371,2024-01-31,2,SKU0015,,AJUSTE,96,3220.7
372,2024-07-13,5,SKU0029,,SALIDA,49,4066.19
373,2024-11-22,4,SKU0030,,AJUSTE,57,2187.48
374,2024-04-07,5,SKU0023,5,ENTRADA,64,9550.75
375,2026-04-01,5,SKU0016,4,ENTRADA,4,3021.59
376,2024-12-08,1,SKU0005,,SALIDA,93,4856.41
377,2025-03-04,1,SKU0038,,SALIDA,78,6299.15
378,2025-05-28,2,SKU0013,5,ENTRADA,63,3238.69
379,2025-11-02,3,SKU0025,,SALIDA,4,4871.01
380,2024-04-17,3,SKU0017,1,ENTRADA,50,8061.0
381,2025-07-17,3,SKU0041,,SALIDA,20,7234.49
382,2024-07-28,5,SKU0022,10,ENTRADA,48,1672.88
383,2026-05-04,4,SKU0032,,SALIDA,1,2395.12
384,2025-02-03,2,SKU0026,8,ENTRADA,61,3912.7
385,2025-04-19,3,SKU0042,,SALIDA,19,7349.51
386,2024-10-23,4,SKU0012,4,ENTRADA,75,1432.89
387,2025-05-07,4,SKU0011,1,ENTRADA,98,2677.16
388,2024-09-12,4,SKU0041,8,ENTRADA,16,5960.0
389,2024-10-29,1,SKU0033,9,ENTRADA,4,2318.71
390,2024-03-15,4,SKU0015,1,ENTRADA,76,3399.35
391,2026-01-13,3,SKU0038,,AJUSTE,1,6879.64
392,2025-11-07,4,SKU0005,2,ENTRADA,7,6085.56
393,2024-04-11,4,SKU0009,,SALIDA,86,1984.3
394,2025-01-09,3,SKU0002,,AJUSTE,60,2989.89
395,2025-07-14,4,SKU0032,9,ENTRADA,11,2028.45
396,2026-07-09,4,SKU0038,1,ENTRADA,90,6051.9
397,2025-08-28,1,SKU0009,1,ENTRADA,73,2252.67
398,2025-07-25,5,SKU0042,,SALIDA,40,6877.47
399,2026-03-29,4,SKU0032,9,ENTRADA,82,2208.91
400,2026-03-11,3,SKU0039,,SALIDA,90,10786.4
401,2025-03-24,5,SKU0008,6,ENTRADA,20,2341.01
402,2025-07-09,2,SKU0008,,SALIDA,52,2511.73
403,2026-04-19,4,SKU0037,,SALIDA,94,11646.3
404,2025-05-15,2,SKU0040,,SALIDA,6,3274.49
405,2026-05-01,1,SKU0023,,SALIDA,60,10456.05
406,2025-05-17,4,SKU0034,,SALIDA,25,2023.52
407,2024-04-03,5,SKU0008,6,ENTRADA,94,2233.14
408,2026-05-18,3,SKU0032,,AJUSTE,58,2659.59
409,2025-12-15,4,SKU0019,,SALIDA,78,1673.7
410,2025-06-09,5,SKU0040,,SALIDA,84,3861.08
411,2026-05-16,5,SKU0014,5,ENTRADA,48,4140.35
412,2026-02-24,5,SKU0038,,SALIDA,97,5547.2
413,2025-11-16,2,SKU0023,5,ENTRADA,11,9378.96
414,2025-09-26,4,SKU0004,,SALIDA,55,6577.4
415,2024-05-19,2,SKU0008,,SALIDA,63,2232.31
416,2026-01-17,5,SKU0006,,SALIDA,75,1762.35
417,2024-07-15,3,SKU0014,5,ENTRADA,87,3177.83
418,2026-07-19,1,SKU0041,8,ENTRADA,98,6907.69
419,2026-07-10,2,SKU0036,7,ENTRADA,42,15668.24
420,2026-03-03,2,SKU0034,,AJUSTE,95,2431.59
421,2024-05-26,3,SKU0031,9,ENTRADA,31,1970.83
422,2025-03-29,2,SKU0022,,SALIDA,89,1636.13
423,2026-07-22,5,SKU0009,,SALIDA,100,2606.1
424,2025-04-09,3,SKU0032,,SALIDA,65,1925.51
425,2026-07-29,5,SKU0012,4,ENTRADA,52,1637.04
426,2025-10-02,2,SKU0038,,SALIDA,96,5581.92
427,2026-03-24,2,SKU0029,,AJUSTE,22,5112.93
428,2024-10-17,5,SKU0009,1,ENTRADA,11,2169.54
429,2026-05-24,5,SKU0030,,SALIDA,43,2961.09
430,2026-05-26,2,SKU0001,,AJUSTE,84,2663.67
431,2024-03-21,3,SKU0029,1,ENTRADA,41,3813.81
432,2025-02-23,4,SKU0031,,SALIDA,100,2480.57
433,2025-03-04,4,SKU0006,,SALIDA,27,1412.08
434,2024-12-23,3,SKU0009,1,ENTRADA,39,2305.7
435,2024-11-06,3,SKU0014,5,ENTRADA,65,4189.49
436,2025-04-30,1,SKU0005,,SALIDA,64,5210.89
437,2026-04-25,2,SKU0038,,SALIDA,21,5404.32
438,2026-02-12,5,SKU0018,10,ENTRADA,94,3289.61
439,2025-09-28,5,SKU0025,,SALIDA,58,5056.54
440,2025-06-27,2,SKU0027,,AJUSTE,33,5481.57
441,2025-03-25,1,SKU0037,,SALIDA,69,10320.97
442,2025-03-20,1,SKU0030,,AJUSTE,69,2329.72
443,2024-06-18,4,SKU0002,,AJUSTE,98,2599.16
444,2025-08-26,3,SKU0038,,SALIDA,14,5030.69
445,2026-01-18,1,SKU0005,,SALIDA,19,6530.67
446,2026-06-15,4,SKU0038,,SALIDA,80,5679.9
447,2026-06-04,5,SKU0018,10,ENTRADA,15,3413.86
448,2025-08-02,1,SKU0001,,AJUSTE,10,2669.04
449,2024-04-28,5,SKU0041,,SALIDA,79,6558.57
450,2024-11-16,1,SKU0040,5,ENTRADA,20,3793.67
451,2025-07-09,5,SKU0041,8,ENTRADA,48,6204.7
452,2025-01-09,2,SKU0021,,AJUSTE,40,2908.19
453,2025-03-17,1,SKU0041,8,ENTRADA,12,5965.4
454,2025-02-17,1,SKU0032,9,ENTRADA,39,2149.4
455,2025-05-25,1,SKU0026,8,ENTRADA,53,3613.19
456,2025-09-15,4,SKU0011,1,ENTRADA,39,3331.42
457,2024-02-15,3,SKU0022,,SALIDA,54,1944.35
458,2024-11-05,2,SKU0001,2,ENTRADA,30,2349.68
459,2024-06-14,4,SKU0017,,AJUSTE,91,8958.99
460,2025-09-15,2,SKU0010,,AJUSTE,37,5122.38
461,2025-11-30,4,SKU0006,2,ENTRADA,86,1522.55
462,2024-02-17,4,SKU0018,,SALIDA,8,2934.66
463,2026-05-07,3,SKU0040,,SALIDA,61,4293.98
464,2024-12-28,4,SKU0004,1,ENTRADA,32,6617.41
465,2024-09-25,1,SKU0034,9,ENTRADA,57,1996.85
466,2026-01-08,1,SKU0023,,SALIDA,25,9231.02
467,2026-06-01,3,SKU0005,2,ENTRADA,95,5298.45
468,2026-05-13,2,SKU0011,,SALIDA,82,2856.69
469,2024-01-25,4,SKU0022,10,ENTRADA,50,1697.59
470,2026-03-10,3,SKU0039,,SALIDA,33,10379.95
471,2024-12-03,5,SKU0006,,SALIDA,35,1321.05
472,2024-11-10,2,SKU0014,,SALIDA,51,3545.01
473,2025-05-30,2,SKU0001,,AJUSTE,44,3059.03
474,2025-12-02,1,SKU0039,,SALIDA,56,9754.0
475,2024-04-25,5,SKU0021,10,ENTRADA,57,2581.57
476,2026-04-21,3,SKU0007,,SALIDA,71,3387.71
477,2024-06-03,3,SKU0004,1,ENTRADA,95,6395.39
478,2026-07-12,2,SKU0038,1,ENTRADA,11,6879.37
479,2025-04-16,1,SKU0008,,SALIDA,21,2789.16
480,2026-03-17,3,SKU0039,,AJUSTE,15,9242.19
481,2024-10-30,1,SKU0019,10,ENTRADA,28,1854.1
482,2025-03-22,4,SKU0024,,AJUSTE,75,1469.78
483,2025-10-19,3,SKU0008,6,ENTRADA,53,2580.02
484,2024-07-31,1,SKU0001,2,ENTRADA,91,2113.2
485,2024-08-27,3,SKU0029,1,ENTRADA,20,3474.03
486,2026-03-16,3,SKU0033,,SALIDA,56,2425.15
487,2026-01-03,5,SKU0033,,AJUSTE,51,2270.34
488,2026-01-19,3,SKU0040,,AJUSTE,10,4301.29
489,2026-04-20,4,SKU0010,6,ENTRADA,77,5749.25
490,2026-03-13,4,SKU0025,,SALIDA,78,5922.63
491,2025-06-21,3,SKU0027,,SALIDA,89,6304.03
492,2024-06-30,3,SKU0008,6,ENTRADA,20,2706.07
493,2024-12-10,1,SKU0036,7,ENTRADA,13,11703.94
494,2025-06-13,3,SKU0034,9,ENTRADA,28,1854.02
495,2024-06-05,5,SKU0026,8,ENTRADA,31,3343.8
496,2026-04-07,3,SKU0035,7,ENTRADA,94,9948.83
497,2026-04-30,4,SKU0017,1,ENTRADA,51,9744.37
498,2024-02-04,2,SKU0006,2,ENTRADA,2,1722.7
499,2024-08-06,2,SKU0021,,SALIDA,21,2273.72
500,2026-03-23,4,SKU0028,1,ENTRADA,58,2160.14
501,2026-03-26,3,SKU0002,3,ENTRADA,80,3668.72
502,2024-10-08,5,SKU0013,,AJUSTE,64,3050.81
503,2025-04-29,4,SKU0028,,SALIDA,39,1765.14
504,2026-05-29,4,SKU0035,,SALIDA,18,9774.63
505,2025-12-08,3,SKU0029,1,ENTRADA,38,4814.4
506,2024-11-04,1,SKU0004,1,ENTRADA,28,6208.12
507,2026-03-15,1,SKU0024,8,ENTRADA,89,1814.3
508,2025-06-12,4,SKU0039,8,ENTRADA,37,10041.63
509,2025-10-10,3,SKU0009,,SALIDA,24,2323.05
510,2024-05-23,1,SKU0019,,SALIDA,96,1851.63
511,2024-02-06,5,SKU0035,7,ENTRADA,76,8725.09
512,2025-02-06,2,SKU0028,,AJUSTE,71,1933.51
513,2025-09-01,2,SKU0012,,AJUSTE,85,1284.03
514,2024-07-20,2,SKU0036,,AJUSTE,74,11704.08
515,2026-04-22,2,SKU0025,5,ENTRADA,100,5734.72
516,2025-08-25,4,SKU0036,,AJUSTE,3,13880.85
517,2025-01-14,3,SKU0003,1,ENTRADA,84,1740.67
518,2024-07-05,4,SKU0023,5,ENTRADA,11,8439.35
519,2026-05-11,3,SKU0039,,AJUSTE,31,8575.16
520,2026-01-10,4,SKU0006,,AJUSTE,76,1556.66
521,2025-11-25,2,SKU0006,,SALIDA,32,1531.23
522,2024-11-15,1,SKU0030,,SALIDA,1,2495.57
523,2025-02-21,1,SKU0042,,SALIDA,62,6749.91
524,2024-07-04,5,SKU0036,,SALIDA,73,12069.56
525,2025-08-11,5,SKU0037,,AJUSTE,52,9727.81
526,2026-07-04,4,SKU0023,,SALIDA,65,9466.78
527,2026-04-12,2,SKU0027,5,ENTRADA,31,6593.67
528,2025-10-20,3,SKU0001,,AJUSTE,46,2314.83
529,2025-11-16,5,SKU0017,,SALIDA,95,8736.28
530,2024-10-30,2,SKU0011,,SALIDA,75,2651.22
531,2025-03-16,2,SKU0007,6,ENTRADA,91,3007.33
532,2024-01-24,5,SKU0021,10,ENTRADA,45,2313.55
533,2026-02-06,4,SKU0038,1,ENTRADA,85,6636.82
534,2026-01-26,1,SKU0008,6,ENTRADA,77,2844.65
535,2024-01-11,3,SKU0020,5,ENTRADA,87,1370.98
536,2026-05-24,2,SKU0028,,SALIDA,97,2080.67
537,2025-10-20,1,SKU0039,,SALIDA,94,7868.64
538,2025-09-08,4,SKU0005,2,ENTRADA,64,6103.28
539,2024-01-11,2,SKU0010,6,ENTRADA,34,4961.01
540,2024-10-12,5,SKU0032,,SALIDA,6,2320.69
541,2026-02-28,2,SKU0013,5,ENTRADA,82,3718.56
542,2024-12-05,2,SKU0008,,AJUSTE,11,2489.25
543,2026-07-06,5,SKU0034,,AJUSTE,97,2086.04
544,2025-10-16,4,SKU0020,,SALIDA,18,1852.11
545,2025-03-29,1,SKU0008,6,ENTRADA,57,2939.33
546,2025-02-11,4,SKU0038,1,ENTRADA,97,6455.87
547,2025-01-13,1,SKU0014,5,ENTRADA,40,4128.28
548,2024-10-11,2,SKU0014,5,ENTRADA,3,4270.8
549,2025-05-08,4,SKU0033,9,ENTRADA,31,1878.57
550,2025-11-15,3,SKU0028,,AJUSTE,34,2156.7
551,2026-03-16,1,SKU0002,3,ENTRADA,69,2845.52
552,2025-03-04,2,SKU0002,,SALIDA,39,3066.34
553,2024-04-30,1,SKU0024,8,ENTRADA,6,1324.34
554,2025-06-17,2,SKU0033,,SALIDA,10,2315.8
555,2025-11-03,5,SKU0002,3,ENTRADA,58,2599.85
556,2026-03-31,3,SKU0034,,SALIDA,9,2222.23
557,2025-02-08,4,SKU0036,,AJUSTE,58,14583.58
558,2025-10-20,2,SKU0041,8,ENTRADA,98,5459.61
559,2025-09-15,5,SKU0037,,AJUSTE,62,11919.2
560,2024-11-29,2,SKU0001,2,ENTRADA,3,2302.88
561,2024-05-06,3,SKU0042,,SALIDA,33,5926.09
562,2024-03-17,3,SKU0014,,SALIDA,17,3254.1
563,2026-07-23,3,SKU0027,5,ENTRADA,6,7109.58
564,2025-10-14,4,SKU0019,10,ENTRADA,9,1546.71
565,2026-04-15,1,SKU0019,10,ENTRADA,16,1790.65
566,2024-10-21,3,SKU0024,,SALIDA,74,1404.59
567,2025-12-12,4,SKU0004,1,ENTRADA,88,6656.06
568,2026-05-10,5,SKU0015,,SALIDA,55,4065.82
569,2024-11-29,2,SKU0030,9,ENTRADA,63,2189.44
570,2024-06-20,5,SKU0005,,AJUSTE,98,5162.51
571,2026-01-24,5,SKU0038,,SALIDA,92,6376.19
572,2026-05-15,4,SKU0030,,SALIDA,61,2823.3
573,2026-03-01,1,SKU0024,8,ENTRADA,65,1712.1
574,2026-02-26,2,SKU0005,2,ENTRADA,78,5949.55
575,2025-09-07,5,SKU0035,7,ENTRADA,79,10324.84
576,2025-11-01,2,SKU0041,8,ENTRADA,36,6317.96
577,2025-11-18,1,SKU0015,,SALIDA,47,3096.26
578,2025-12-20,3,SKU0017,,SALIDA,95,9136.13
579,2025-10-28,1,SKU0033,,SALIDA,93,1992.14
580,2026-07-30,5,SKU0008,,AJUSTE,88,2502.56
581,2024-10-19,4,SKU0038,,SALIDA,94,5689.38
582,2025-03-24,1,SKU0016,,SALIDA,63,2843.89
583,2025-02-23,3,SKU0033,,AJUSTE,25,2450.31
584,2024-02-12,5,SKU0007,,SALIDA,31,3411.67
585,2025-12-10,1,SKU0009,,SALIDA,36,2611.38
586,2025-08-11,2,SKU0039,8,ENTRADA,75,8299.54
587,2024-08-02,5,SKU0006,,SALIDA,33,1279.3
588,2025-12-24,2,SKU0027,,AJUSTE,41,6691.24
589,2024-09-08,1,SKU0030,9,ENTRADA,7,2442.22
590,2025-07-08,1,SKU0041,,SALIDA,26,6224.75
591,2026-02-10,2,SKU0018,10,ENTRADA,88,3390.15
592,2026-05-21,3,SKU0023,,SALIDA,97,8877.45
593,2025-11-11,3,SKU0021,,SALIDA,98,2951.52
594,2025-06-14,5,SKU0029,,AJUSTE,87,4238.66
595,2026-04-02,5,SKU0030,,AJUSTE,69,3014.86
596,2026-03-29,2,SKU0038,1,ENTRADA,14,6778.71
597,2026-04-27,1,SKU0003,,SALIDA,100,1473.82
598,2024-07-24,3,SKU0001,2,ENTRADA,99,2664.63
599,2024-04-24,4,SKU0020,5,ENTRADA,16,1624.85
600,2024-05-27,4,SKU0019,10,ENTRADA,89,1660.67
601,2024-10-18,5,SKU0032,9,ENTRADA,36,1763.76
602,2026-03-03,3,SKU0002,,AJUSTE,55,3158.85
603,2026-01-22,5,SKU0006,,SALIDA,33,1961.55
604,2024-07-26,4,SKU0010,6,ENTRADA,99,5232.83
605,2025-11-18,1,SKU0032,,SALIDA,73,2210.07
606,2024-12-31,1,SKU0031,9,ENTRADA,3,2386.98
607,2024-04-15,4,SKU0033,,SALIDA,100,1713.54
608,2025-01-20,2,SKU0016,,SALIDA,60,2821.25
609,2026-01-06,3,SKU0019,10,ENTRADA,97,1667.49
610,2024-12-07,2,SKU0016,,SALIDA,49,2522.96
611,2026-02-13,5,SKU0034,,AJUSTE,62,2385.09
612,2024-12-28,5,SKU0017,1,ENTRADA,97,7705.85
613,2024-10-20,3,SKU0004,1,ENTRADA,66,6718.7
614,2024-11-24,4,SKU0030,,AJUSTE,77,2539.85
615,2026-04-07,5,SKU0033,,AJUSTE,19,2168.01
616,2025-05-12,2,SKU0037,,SALIDA,60,9148.69
617,2026-04-19,1,SKU0034,9,ENTRADA,88,2059.15
618,2025-08-22,5,SKU0006,,SALIDA,99,1863.8
619,2026-06-19,2,SKU0016,4,ENTRADA,11,3065.1
620,2024-03-26,4,SKU0023,,SALIDA,13,8411.07
621,2026-05-07,2,SKU0008,,SALIDA,48,3010.21
622,2025-06-07,1,SKU0031,9,ENTRADA,32,2084.65
623,2026-04-20,3,SKU0030,9,ENTRADA,94,2910.23
624,2025-02-16,4,SKU0023,,SALIDA,38,7751.55
625,2024-11-29,2,SKU0022,,SALIDA,18,1593.91
626,2024-03-06,2,SKU0042,5,ENTRADA,16,5646.08
627,2026-04-09,3,SKU0022,10,ENTRADA,82,1689.88
628,2024-06-07,1,SKU0038,1,ENTRADA,4,5194.44
629,2024-08-14,1,SKU0032,9,ENTRADA,95,1954.25
630,2025-03-15,2,SKU0038,1,ENTRADA,5,5567.76
631,2025-08-09,2,SKU0009,1,ENTRADA,87,2233.28
632,2026-05-21,4,SKU0011,,SALIDA,84,3736.33
633,2025-04-30,3,SKU0016,4,ENTRADA,72,2412.41
634,2024-12-15,3,SKU0009,,SALIDA,16,1954.11
635,2025-12-16,1,SKU0027,,SALIDA,86,6536.87
636,2026-02-05,5,SKU0037,,SALIDA,35,12370.18
637,2025-05-27,1,SKU0027,,AJUSTE,36,6697.89
638,2025-10-06,3,SKU0022,10,ENTRADA,57,1967.39
639,2024-07-19,5,SKU0021,10,ENTRADA,52,2492.78
640,2025-10-09,5,SKU0042,,SALIDA,8,7093.13
641,2024-01-06,5,SKU0018,,AJUSTE,85,2448.76
642,2024-11-03,2,SKU0003,1,ENTRADA,18,1295.74
643,2026-01-21,3,SKU0036,,AJUSTE,30,16518.7
644,2024-07-10,1,SKU0033,9,ENTRADA,86,2161.82
645,2026-01-23,3,SKU0041,8,ENTRADA,66,6829.85
646,2025-05-29,1,SKU0022,,SALIDA,41,1565.52
647,2026-01-23,5,SKU0032,9,ENTRADA,75,2474.01
648,2024-04-14,4,SKU0041,8,ENTRADA,47,5416.64
649,2025-09-20,2,SKU0019,,SALIDA,24,1697.08
650,2025-10-08,4,SKU0031,,SALIDA,62,2072.15
651,2025-03-10,5,SKU0018,,SALIDA,34,3048.12
652,2026-07-05,1,SKU0016,,SALIDA,55,2607.79
653,2025-02-18,1,SKU0004,,SALIDA,2,6084.87
654,2024-02-15,5,SKU0035,7,ENTRADA,50,9082.0
655,2024-08-13,2,SKU0028,,SALIDA,47,2062.61
656,2025-02-07,4,SKU0014,,SALIDA,76,3662.78
657,2024-01-17,3,SKU0036,,SALIDA,84,14146.76
658,2024-12-20,5,SKU0002,3,ENTRADA,18,2469.3
659,2026-03-23,1,SKU0017,,SALIDA,21,10901.32
660,2024-08-03,3,SKU0017,1,ENTRADA,78,8281.17
661,2025-11-15,4,SKU0006,2,ENTRADA,74,1791.93
662,2025-10-02,2,SKU0040,5,ENTRADA,81,4087.01
663,2024-10-08,1,SKU0030,,SALIDA,73,2025.33
664,2025-11-29,3,SKU0009,1,ENTRADA,91,2355.65
665,2025-01-09,1,SKU0013,,SALIDA,100,2722.57
666,2024-05-29,3,SKU0009,1,ENTRADA,84,2431.16
667,2025-02-18,3,SKU0038,1,ENTRADA,87,6058.47
668,2025-08-27,5,SKU0033,,SALIDA,35,2470.85
669,2024-07-09,5,SKU0030,,AJUSTE,46,2033.71
670,2026-03-16,4,SKU0016,4,ENTRADA,64,2873.72
671,2024-11-29,5,SKU0017,,SALIDA,93,7832.66
672,2024-11-21,5,SKU0020,,SALIDA,92,1551.66
673,2025-12-24,5,SKU0030,9,ENTRADA,23,2430.96
674,2025-09-03,1,SKU0013,,SALIDA,91,3515.36
675,2025-01-03,4,SKU0010,6,ENTRADA,68,5540.16
676,2026-05-06,3,SKU0010,6,ENTRADA,21,5926.55
677,2026-07-28,4,SKU0014,5,ENTRADA,61,4141.45
678,2025-01-08,4,SKU0030,,SALIDA,91,2113.1
679,2026-05-17,1,SKU0018,,SALIDA,94,3415.9
680,2025-01-24,3,SKU0022,10,ENTRADA,11,1631.49
681,2024-08-01,2,SKU0025,,AJUSTE,11,5115.66
682,2026-06-22,3,SKU0002,3,ENTRADA,18,3457.35
683,2026-05-30,5,SKU0009,,AJUSTE,21,2202.41
684,2025-03-10,3,SKU0042,,SALIDA,76,6710.06
685,2024-09-15,2,SKU0034,,SALIDA,100,2208.75
686,2025-12-24,4,SKU0027,,SALIDA,35,5454.56
687,2024-05-31,2,SKU0040,,SALIDA,90,3256.19
688,2025-12-29,4,SKU0015,1,ENTRADA,94,3820.54
689,2025-08-28,5,SKU0029,1,ENTRADA,78,4245.43
690,2024-07-11,2,SKU0038,1,ENTRADA,45,4763.69
691,2025-01-31,2,SKU0001,,SALIDA,1,2656.57
692,2025-10-23,1,SKU0011,,SALIDA,25,3388.95
693,2024-02-15,3,SKU0041,,AJUSTE,50,6671.54
694,2026-04-27,4,SKU0037,,SALIDA,28,12867.28
695,2024-10-15,3,SKU0005,,SALIDA,61,4677.86
696,2025-07-08,3,SKU0002,3,ENTRADA,1,3078.59
697,2024-02-29,2,SKU0036,7,ENTRADA,72,12748.64
698,2026-07-27,5,SKU0002,,SALIDA,7,3226.31
699,2025-11-02,2,SKU0014,,SALIDA,58,4427.99
700,2025-10-26,1,SKU0015,1,ENTRADA,79,3484.44
701,2024-01-24,3,SKU0013,5,ENTRADA,95,2755.21
702,2025-11-26,1,SKU0022,10,ENTRADA,88,1926.58
703,2025-03-22,5,SKU0024,8,ENTRADA,68,1449.69
704,2025-02-15,1,SKU0035,7,ENTRADA,78,9044.31
705,2025-07-19,2,SKU0010,6,ENTRADA,72,6333.69
706,2025-05-15,1,SKU0031,9,ENTRADA,97,1981.15
707,2024-06-24,3,SKU0038,,SALIDA,24,4972.22
708,2025-12-01,3,SKU0042,,AJUSTE,53,7608.44
709,2025-10-05,2,SKU0009,1,ENTRADA,10,2600.89
710,2024-12-01,5,SKU0040,,AJUSTE,93,3471.72
711,2025-11-02,1,SKU0023,,SALIDA,47,8915.39
712,2025-11-03,1,SKU0040,5,ENTRADA,22,3447.54
713,2024-10-30,5,SKU0036,,AJUSTE,8,14106.58
714,2025-09-12,5,SKU0001,,SALIDA,9,2636.18
715,2024-06-06,2,SKU0001,,SALIDA,16,2809.58
716,2026-03-21,1,SKU0002,,SALIDA,66,3375.27
717,2024-05-03,4,SKU0028,,SALIDA,67,2001.39
718,2025-12-18,3,SKU0032,,SALIDA,88,2205.11
719,2024-05-16,5,SKU0001,,SALIDA,74,2662.32
720,2024-05-12,3,SKU0020,5,ENTRADA,38,1549.56
721,2024-05-04,2,SKU0029,1,ENTRADA,51,3921.25
722,2024-08-12,4,SKU0019,10,ENTRADA,58,1522.55
723,2024-08-13,3,SKU0028,1,ENTRADA,70,2123.54
724,2024-10-23,2,SKU0019,10,ENTRADA,40,1842.48
725,2025-06-28,5,SKU0015,,SALIDA,98,3685.1
726,2024-08-16,3,SKU0003,,SALIDA,19,1256.66
727,2025-12-07,3,SKU0025,5,ENTRADA,38,4998.61
728,2024-11-26,5,SKU0013,,SALIDA,14,2858.17
729,2024-02-17,4,SKU0025,,SALIDA,5,4404.44
730,2025-06-04,4,SKU0036,,AJUSTE,66,14988.84
731,2024-08-22,5,SKU0024,,SALIDA,58,1389.54
732,2026-06-10,1,SKU0005,2,ENTRADA,51,6146.09
733,2024-12-27,4,SKU0028,1,ENTRADA,55,1763.02
734,2024-01-04,5,SKU0006,,SALIDA,80,1373.63
735,2025-11-11,4,SKU0038,,AJUSTE,79,6520.55
736,2026-05-21,4,SKU0014,,SALIDA,7,3725.67
737,2026-03-25,3,SKU0011,,AJUSTE,28,3628.81
738,2025-11-08,4,SKU0008,,SALIDA,46,2877.66
739,2024-06-19,5,SKU0039,8,ENTRADA,34,9778.3
740,2024-04-16,5,SKU0029,1,ENTRADA,35,3956.09
741,2025-06-18,1,SKU0019,,SALIDA,81,1869.94
742,2025-12-21,3,SKU0025,5,ENTRADA,66,5346.12
743,2024-04-29,4,SKU0024,,AJUSTE,23,1718.45
744,2024-10-15,2,SKU0038,1,ENTRADA,100,5855.54
745,2024-09-18,2,SKU0015,,SALIDA,27,3713.9
746,2026-07-23,1,SKU0032,9,ENTRADA,47,2260.36
747,2024-11-26,2,SKU0031,9,ENTRADA,20,2305.69
748,2025-05-06,1,SKU0001,,AJUSTE,100,2534.96
749,2024-04-27,5,SKU0033,,SALIDA,76,1776.39
750,2024-07-17,2,SKU0015,,SALIDA,24,3090.42
751,2024-02-17,4,SKU0025,5,ENTRADA,1,4595.86
752,2024-11-21,3,SKU0001,,SALIDA,69,2251.77
753,2026-02-25,5,SKU0042,5,ENTRADA,90,8592.66
754,2024-12-12,2,SKU0002,,SALIDA,10,3071.19
755,2026-01-01,4,SKU0016,,SALIDA,84,2527.58
756,2024-04-21,5,SKU0038,,SALIDA,56,5780.58
757,2026-01-18,3,SKU0035,,AJUSTE,87,11598.14
758,2024-02-25,4,SKU0029,1,ENTRADA,95,4027.94
759,2026-04-07,4,SKU0003,1,ENTRADA,4,1656.85
760,2025-11-04,1,SKU0025,,SALIDA,31,4466.31
761,2024-07-12,1,SKU0029,1,ENTRADA,36,4319.24
762,2025-01-22,4,SKU0006,,SALIDA,37,1473.49
763,2025-04-11,4,SKU0036,7,ENTRADA,85,14956.3
764,2025-09-27,2,SKU0025,,AJUSTE,90,4780.56
765,2026-04-29,1,SKU0012,,SALIDA,62,1694.36
766,2024-04-19,1,SKU0020,,SALIDA,33,1712.23
767,2026-03-08,4,SKU0033,,SALIDA,16,2356.94
768,2024-07-26,5,SKU0019,,SALIDA,40,1464.88
769,2025-03-07,4,SKU0011,,AJUSTE,47,3378.11
770,2026-07-02,1,SKU0041,,SALIDA,14,7264.41
771,2024-11-01,5,SKU0039,,AJUSTE,61,7658.58
772,2025-02-20,3,SKU0014,,AJUSTE,23,3483.55
773,2026-04-06,2,SKU0011,1,ENTRADA,92,2968.8
774,2026-02-24,5,SKU0038,1,ENTRADA,16,5913.6
775,2025-10-22,1,SKU0002,,SALIDA,90,3322.15
776,2026-02-21,2,SKU0014,5,ENTRADA,38,4578.25
777,2024-05-11,3,SKU0033,,SALIDA,54,1986.1
778,2025-12-01,1,SKU0031,,SALIDA,86,2080.98
779,2024-03-11,4,SKU0030,,SALIDA,1,2132.69
780,2026-06-17,5,SKU0027,,AJUSTE,30,6653.46
781,2024-06-30,4,SKU0007,,SALIDA,48,3190.17
782,2025-03-22,4,SKU0026,,SALIDA,97,4241.86
783,2025-08-29,4,SKU0024,,SALIDA,50,1575.44
784,2026-02-26,4,SKU0017,,SALIDA,6,10002.66
785,2025-11-16,1,SKU0009,,AJUSTE,86,2545.8
786,2024-07-24,2,SKU0022,,AJUSTE,56,1591.64
787,2025-02-14,2,SKU0021,10,ENTRADA,63,2553.28
788,2025-01-23,5,SKU0019,,AJUSTE,69,1830.87
789,2024-02-04,2,SKU0034,,AJUSTE,72,1950.77
790,2025-11-22,4,SKU0010,,SALIDA,39,6492.15
791,2026-03-28,2,SKU0010,6,ENTRADA,56,5654.01
792,2026-07-11,3,SKU0036,7,ENTRADA,54,16818.7
793,2024-05-30,5,SKU0011,,AJUSTE,60,3038.93
794,2026-05-31,5,SKU0015,,SALIDA,88,3509.73
795,2024-05-11,4,SKU0004,,SALIDA,18,5499.52
796,2025-03-17,2,SKU0028,,AJUSTE,5,1887.32
797,2024-02-26,3,SKU0006,2,ENTRADA,8,1354.23
798,2024-10-21,2,SKU0035,,AJUSTE,31,8915.61
799,2024-12-13,1,SKU0002,3,ENTRADA,15,3053.84
800,2025-12-08,3,SKU0033,9,ENTRADA,52,2079.44
801,2025-11-16,5,SKU0033,,SALIDA,44,2192.96
802,2026-01-26,3,SKU0021,10,ENTRADA,90,2674.8
803,2025-08-16,5,SKU0010,,SALIDA,14,5754.1
804,2025-08-05,2,SKU0018,,SALIDA,78,2758.41
805,2026-07-14,3,SKU0017,,SALIDA,91,11185.17
806,2025-11-09,3,SKU0014,5,ENTRADA,58,4560.4
807,2025-01-03,2,SKU0035,,AJUSTE,59,11149.63
808,2025-06-28,2,SKU0006,,SALIDA,45,1859.44
809,2025-12-05,5,SKU0028,,SALIDA,32,2146.44
810,2024-04-22,5,SKU0014,,AJUSTE,46,3945.07
811,2025-11-02,4,SKU0035,,SALIDA,9,10349.0
812,2024-10-07,2,SKU0035,,SALIDA,88,9348.48
813,2025-01-11,1,SKU0003,,AJUSTE,79,1679.99
814,2025-11-15,4,SKU0008,6,ENTRADA,34,3033.0
815,2025-02-19,3,SKU0039,,SALIDA,54,9773.92
816,2026-03-28,5,SKU0011,1,ENTRADA,51,3551.71
817,2025-07-29,3,SKU0035,7,ENTRADA,56,10546.18
818,2026-07-22,1,SKU0024,,SALIDA,76,1700.01
819,2024-03-07,4,SKU0028,,AJUSTE,94,2081.31
820,2025-10-17,1,SKU0004,1,ENTRADA,17,6605.66
821,2024-06-28,1,SKU0032,,AJUSTE,98,1741.04
822,2026-04-05,3,SKU0040,5,ENTRADA,2,3672.34
823,2026-04-07,2,SKU0030,9,ENTRADA,17,2328.1
824,2026-04-22,1,SKU0024,,AJUSTE,6,1793.47
825,2024-03-30,4,SKU0023,5,ENTRADA,40,9199.01
826,2025-05-30,4,SKU0018,10,ENTRADA,20,2395.66
827,2024-09-29,3,SKU0026,,SALIDA,53,3263.77
828,2026-07-09,5,SKU0016,4,ENTRADA,87,2668.41
829,2024-03-02,2,SKU0034,,SALIDA,25,2089.08
830,2024-09-08,2,SKU0025,,SALIDA,31,4724.56
831,2025-10-17,3,SKU0006,2,ENTRADA,31,1401.83
832,2025-03-10,3,SKU0032,,SALIDA,77,2349.5
833,2024-09-22,1,SKU0019,,SALIDA,21,1461.87
834,2025-05-01,5,SKU0019,,SALIDA,25,1961.69
835,2026-02-25,1,SKU0023,,SALIDA,36,9326.03
836,2025-04-21,2,SKU0039,8,ENTRADA,24,9241.34
837,2026-04-11,5,SKU0038,,AJUSTE,60,5354.68
838,2025-04-20,3,SKU0017,1,ENTRADA,39,10334.82
839,2024-05-17,1,SKU0013,5,ENTRADA,80,2485.82
840,2025-06-05,1,SKU0031,,AJUSTE,23,2060.07
841,2025-10-26,2,SKU0022,10,ENTRADA,97,2027.11
842,2024-04-30,2,SKU0031,,SALIDA,56,1986.94
843,2025-03-18,4,SKU0017,,SALIDA,9,8957.07
844,2025-07-28,3,SKU0029,,SALIDA,29,4137.32
845,2024-01-01,5,SKU0020,5,ENTRADA,37,1480.35
846,2024-04-17,2,SKU0007,,SALIDA,53,3177.99
847,2025-09-11,2,SKU0022,,AJUSTE,28,1987.24
848,2025-09-25,2,SKU0037,,AJUSTE,35,9666.47
849,2024-12-04,2,SKU0004,1,ENTRADA,45,5055.96
850,2025-06-14,1,SKU0042,5,ENTRADA,33,7733.89
851,2024-08-22,2,SKU0015,,AJUSTE,7,3186.66
852,2025-11-10,5,SKU0031,,AJUSTE,79,2341.88
853,2026-06-23,5,SKU0022,10,ENTRADA,37,2137.41
854,2025-01-28,2,SKU0031,9,ENTRADA,91,2507.85
855,2024-03-06,1,SKU0037,7,ENTRADA,78,11061.5
856,2024-09-09,2,SKU0003,,SALIDA,15,1513.01
857,2025-04-27,2,SKU0008,,SALIDA,45,2813.54
858,2025-07-31,3,SKU0037,,SALIDA,60,11279.26
859,2025-09-25,3,SKU0006,2,ENTRADA,11,1769.89
860,2025-05-14,4,SKU0006,2,ENTRADA,23,1391.8
861,2025-10-29,3,SKU0026,,AJUSTE,12,3327.07
862,2025-12-16,3,SKU0018,10,ENTRADA,51,2581.02
863,2024-05-12,4,SKU0014,,SALIDA,38,3421.12
864,2026-01-19,5,SKU0011,,SALIDA,76,2842.9
865,2024-09-07,2,SKU0010,6,ENTRADA,81,4826.96
866,2025-01-06,2,SKU0041,8,ENTRADA,57,6107.07
867,2026-03-21,2,SKU0033,,SALIDA,21,2312.51
868,2026-07-04,5,SKU0004,,SALIDA,70,6415.48
869,2024-11-22,1,SKU0031,9,ENTRADA,78,2346.24
870,2025-06-27,5,SKU0013,,SALIDA,28,2705.81
871,2025-12-06,5,SKU0003,1,ENTRADA,8,1639.49
872,2024-02-25,2,SKU0014,,SALIDA,66,3968.21
873,2024-07-05,4,SKU0028,,SALIDA,43,1759.54
874,2024-06-10,5,SKU0024,,SALIDA,16,1485.54
875,2025-12-17,3,SKU0036,,SALIDA,84,11944.58
876,2025-12-20,3,SKU0019,,SALIDA,82,1661.29
877,2024-05-05,3,SKU0012,,SALIDA,46,1427.37
878,2025-09-17,5,SKU0027,,SALIDA,99,5236.01
879,2024-07-31,4,SKU0019,10,ENTRADA,43,1492.97
880,2026-06-08,4,SKU0021,10,ENTRADA,41,3276.12
881,2025-02-28,5,SKU0005,,SALIDA,14,5943.18
882,2025-04-29,4,SKU0032,,AJUSTE,87,2101.53
883,2026-02-07,3,SKU0037,,AJUSTE,53,10924.09
884,2025-12-16,1,SKU0027,5,ENTRADA,82,6829.08
885,2024-05-06,2,SKU0015,,SALIDA,96,3064.78
886,2025-03-20,5,SKU0012,,SALIDA,95,1359.92
887,2026-06-05,2,SKU0017,1,ENTRADA,2,10008.14
888,2026-03-27,2,SKU0012,,SALIDA,12,1706.35
889,2025-08-27,3,SKU0022,,SALIDA,76,1894.98
890,2026-01-30,4,SKU0013,5,ENTRADA,30,3364.06
891,2025-04-23,1,SKU0027,,SALIDA,9,5644.62
892,2025-10-30,3,SKU0028,1,ENTRADA,8,1848.98
893,2026-06-28,1,SKU0031,,AJUSTE,10,2198.3
894,2024-06-04,2,SKU0032,9,ENTRADA,76,2051.93
895,2025-06-06,1,SKU0008,,AJUSTE,100,2478.27
896,2025-07-04,2,SKU0041,,SALIDA,86,5703.97
897,2024-02-29,2,SKU0010,,AJUSTE,82,5365.16
898,2026-06-12,3,SKU0006,,AJUSTE,51,1933.32
899,2026-03-28,3,SKU0036,7,ENTRADA,59,16425.31
900,2025-05-23,5,SKU0042,,SALIDA,26,7243.47
901,2025-06-14,4,SKU0035,,AJUSTE,28,10977.72
902,2026-06-01,4,SKU0019,,SALIDA,59,2062.22
903,2024-07-20,1,SKU0002,,SALIDA,65,2499.01
904,2025-08-17,4,SKU0020,,SALIDA,51,1563.64
905,2025-12-26,5,SKU0020,5,ENTRADA,56,1839.64
906,2024-05-28,5,SKU0001,,SALIDA,27,2483.71
907,2025-02-22,2,SKU0033,,SALIDA,94,1853.49
908,2025-09-07,3,SKU0021,,AJUSTE,24,2529.04
909,2026-05-02,4,SKU0041,8,ENTRADA,74,6743.85
910,2025-06-11,4,SKU0012,,SALIDA,73,1575.35
911,2025-02-19,2,SKU0010,6,ENTRADA,42,5948.14
912,2026-07-16,4,SKU0011,1,ENTRADA,81,3695.48
913,2026-05-28,5,SKU0027,,AJUSTE,92,5831.29
914,2026-01-22,3,SKU0004,,SALIDA,23,6149.69
915,2024-11-03,3,SKU0016,,SALIDA,56,2342.98
916,2026-07-03,1,SKU0007,,SALIDA,13,4277.32
917,2026-07-09,5,SKU0020,,SALIDA,12,1747.33
918,2025-04-25,5,SKU0025,,SALIDA,22,4845.71
919,2024-06-02,4,SKU0036,,AJUSTE,90,13021.67
920,2025-03-19,5,SKU0031,9,ENTRADA,35,2568.09
921,2025-12-04,3,SKU0039,8,ENTRADA,97,8478.14
922,2026-01-10,5,SKU0042,,SALIDA,11,7586.73
923,2024-11-29,5,SKU0028,,SALIDA,54,2059.0
924,2025-12-05,3,SKU0015,,SALIDA,7,3888.1
925,2026-04-14,2,SKU0035,7,ENTRADA,13,11398.84
926,2025-12-13,1,SKU0035,7,ENTRADA,51,10720.35
927,2026-06-12,3,SKU0013,,SALIDA,54,3469.04
928,2025-10-07,2,SKU0009,,SALIDA,64,2447.3
929,2024-08-15,5,SKU0016,,AJUSTE,1,2102.38
930,2025-09-29,2,SKU0011,1,ENTRADA,10,2916.07
931,2024-11-21,5,SKU0007,,SALIDA,24,2781.08
932,2025-01-10,2,SKU0041,8,ENTRADA,75,5527.85
933,2025-11-11,2,SKU0010,6,ENTRADA,25,5565.8
934,2026-07-17,2,SKU0026,8,ENTRADA,38,4503.07
935,2025-10-23,5,SKU0038,1,ENTRADA,11,5223.15
936,2026-06-29,2,SKU0003,1,ENTRADA,16,1682.62
937,2025-06-11,4,SKU0028,1,ENTRADA,5,2257.76
938,2025-11-30,5,SKU0012,,SALIDA,78,1245.68
939,2024-12-20,1,SKU0016,,SALIDA,63,2505.35
940,2024-05-14,5,SKU0026,8,ENTRADA,1,3794.07
941,2025-01-17,5,SKU0007,6,ENTRADA,60,3376.32
942,2025-05-20,2,SKU0022,10,ENTRADA,38,2015.96
943,2025-08-10,2,SKU0034,,SALIDA,28,2297.2
944,2025-11-07,4,SKU0033,9,ENTRADA,48,2454.31
945,2025-03-23,3,SKU0021,,SALIDA,39,2612.0
946,2026-01-09,1,SKU0008,,SALIDA,81,2527.72
947,2026-03-30,4,SKU0036,7,ENTRADA,18,14934.76
948,2024-11-16,2,SKU0035,7,ENTRADA,33,8353.62
949,2026-04-04,2,SKU0040,,AJUSTE,2,4513.81
950,2026-03-03,2,SKU0035,,SALIDA,81,11983.35
951,2025-06-27,1,SKU0042,5,ENTRADA,27,6302.3
952,2024-01-31,1,SKU0025,5,ENTRADA,48,4983.35
953,2024-06-15,2,SKU0014,,SALIDA,90,3221.73
954,2025-11-09,2,SKU0015,,SALIDA,24,3738.31
955,2024-08-14,2,SKU0025,,SALIDA,19,4699.65
956,2026-01-11,2,SKU0003,1,ENTRADA,29,1459.47
957,2024-07-02,4,SKU0028,,AJUSTE,45,2015.82
958,2024-11-17,5,SKU0011,1,ENTRADA,22,3130.86
959,2024-10-10,1,SKU0032,9,ENTRADA,96,2174.62
960,2026-03-28,4,SKU0026,,AJUSTE,15,3664.56
961,2025-11-27,4,SKU0028,,AJUSTE,53,2196.72
962,2024-11-25,1,SKU0039,8,ENTRADA,41,7456.13
963,2026-01-14,5,SKU0013,,SALIDA,33,3644.17
964,2024-02-08,4,SKU0028,1,ENTRADA,100,1604.13
965,2026-03-08,1,SKU0011,,AJUSTE,74,3048.87
966,2024-04-30,3,SKU0031,9,ENTRADA,83,2308.56
967,2026-04-20,1,SKU0019,,SALIDA,26,1696.56
968,2026-01-02,3,SKU0034,9,ENTRADA,8,2390.32
969,2026-04-18,4,SKU0002,,SALIDA,41,2752.63
970,2026-01-05,5,SKU0017,,SALIDA,21,9959.2
971,2025-08-01,4,SKU0027,,SALIDA,8,5547.79
972,2024-09-25,5,SKU0032,,SALIDA,56,1985.29
973,2026-02-10,1,SKU0032,9,ENTRADA,72,2451.64
974,2026-02-23,1,SKU0015,,SALIDA,51,3506.22
975,2024-11-18,1,SKU0019,,SALIDA,66,1550.79
976,2025-11-05,1,SKU0021,10,ENTRADA,64,2995.27
977,2026-06-05,2,SKU0029,,SALIDA,83,4816.72
978,2025-02-22,2,SKU0029,1,ENTRADA,71,3936.11
979,2026-06-28,1,SKU0002,,AJUSTE,31,2880.44
980,2026-07-13,1,SKU0024,8,ENTRADA,97,1541.05
981,2024-12-11,3,SKU0013,5,ENTRADA,55,3280.85
982,2025-07-24,5,SKU0025,5,ENTRADA,10,5417.33
983,2024-01-16,1,SKU0039,,SALIDA,4,7673.38
984,2024-10-10,4,SKU0003,,SALIDA,9,1239.1
985,2025-09-26,3,SKU0031,,SALIDA,10,2393.62
986,2026-02-07,1,SKU0030,,SALIDA,35,2665.52
987,2026-04-22,5,SKU0029,,SALIDA,66,4760.86
988,2026-03-21,1,SKU0013,5,ENTRADA,33,3722.64
989,2026-05-24,5,SKU0029,1,ENTRADA,40,4874.0
990,2025-12-08,1,SKU0035,7,ENTRADA,70,12019.18
991,2025-10-21,1,SKU0034,,AJUSTE,8,2381.54
992,2026-01-15,3,SKU0007,,SALIDA,90,3661.97
993,2025-07-19,4,SKU0026,,SALIDA,54,4346.02
994,2025-09-10,3,SKU0038,1,ENTRADA,35,5932.94
995,2026-02-02,1,SKU0002,,SALIDA,5,3318.24
996,2026-07-04,4,SKU0007,,SALIDA,40,3574.08
997,2024-11-24,4,SKU0031,9,ENTRADA,17,2325.96
998,2024-07-20,5,SKU0014,5,ENTRADA,33,3937.52
999,2025-11-20,2,SKU0023,,SALIDA,58,9080.9
1000,2024-07-30,4,SKU0011,,SALIDA,85,2481.95
1001,2024-07-16,2,SKU0013,5,ENTRADA,80,3300.67
1002,2025-06-19,5,SKU0041,8,ENTRADA,69,5854.48
1003,2025-02-11,5,SKU0037,,SALIDA,31,10265.51
1004,2025-04-02,4,SKU0033,9,ENTRADA,59,2483.9
1005,2025-07-28,5,SKU0040,5,ENTRADA,28,3952.99
1006,2024-05-30,4,SKU0022,10,ENTRADA,21,1794.01
1007,2025-08-23,1,SKU0017,,AJUSTE,32,9344.17
1008,2024-10-14,4,SKU0026,8,ENTRADA,92,3692.07
1009,2024-12-27,3,SKU0034,,SALIDA,37,1970.23
1010,2025-12-11,2,SKU0018,,SALIDA,32,2868.56
1011,2024-06-25,3,SKU0015,,SALIDA,87,3096.8
1012,2024-06-24,5,SKU0016,4,ENTRADA,71,2577.45
1013,2024-12-20,4,SKU0027,,SALIDA,22,6087.14
1014,2024-03-03,4,SKU0010,6,ENTRADA,43,6404.09
1015,2026-06-09,2,SKU0015,,SALIDA,1,4279.33
1016,2025-09-21,2,SKU0041,8,ENTRADA,14,6132.36
1017,2025-11-02,2,SKU0013,,SALIDA,100,2724.83
1018,2025-05-30,2,SKU0017,1,ENTRADA,48,8846.88
1019,2025-08-12,3,SKU0013,,SALIDA,23,3610.62
1020,2025-01-23,2,SKU0027,,SALIDA,22,6602.46
1021,2026-02-10,5,SKU0034,,SALIDA,24,2545.83
1022,2024-12-16,3,SKU0013,,SALIDA,5,2729.98
1023,2024-09-05,3,SKU0018,,SALIDA,92,2293.75
1024,2024-07-27,3,SKU0042,5,ENTRADA,35,7242.53
1025,2024-03-22,1,SKU0010,6,ENTRADA,14,5533.56
1026,2025-06-12,5,SKU0017,,SALIDA,38,10513.97
1027,2025-03-22,4,SKU0022,,SALIDA,22,1968.57
1028,2025-07-10,5,SKU0006,,AJUSTE,92,1524.64
1029,2024-04-18,3,SKU0041,,SALIDA,31,5860.2
1030,2024-09-07,1,SKU0024,8,ENTRADA,80,1316.17
1031,2024-08-29,3,SKU0027,,SALIDA,83,5779.98
1032,2024-12-28,4,SKU0017,,SALIDA,23,8675.25
1033,2025-01-25,4,SKU0033,9,ENTRADA,33,2137.92
1034,2024-09-04,3,SKU0014,5,ENTRADA,84,4169.45
1035,2026-01-13,5,SKU0040,,SALIDA,48,4393.34
1036,2025-07-04,1,SKU0037,,SALIDA,31,11893.42
1037,2026-07-29,4,SKU0004,,SALIDA,16,6293.18
1038,2026-03-16,1,SKU0042,,AJUSTE,29,8367.39
1039,2026-07-17,5,SKU0031,9,ENTRADA,88,2699.29
1040,2024-01-11,3,SKU0004,,SALIDA,72,5258.73
1041,2025-11-08,2,SKU0021,10,ENTRADA,4,2848.86
1042,2025-04-19,2,SKU0006,,SALIDA,52,1864.85
1043,2026-05-19,4,SKU0016,,AJUSTE,82,2950.28
1044,2025-09-20,2,SKU0025,,SALIDA,27,5207.22
1045,2025-09-27,1,SKU0041,,SALIDA,81,6141.58
1046,2026-06-30,4,SKU0028,,AJUSTE,50,1919.04
1047,2025-11-20,4,SKU0002,,AJUSTE,81,2941.79
1048,2024-12-19,3,SKU0029,,AJUSTE,14,4502.38
1049,2026-05-28,1,SKU0010,,AJUSTE,63,6695.44
1050,2026-06-19,1,SKU0041,,SALIDA,44,5766.21
1051,2025-02-20,3,SKU0005,,SALIDA,11,5207.99
1052,2025-07-13,1,SKU0001,2,ENTRADA,22,2516.11
1053,2024-11-13,2,SKU0009,1,ENTRADA,54,1899.99
1054,2026-05-24,1,SKU0017,1,ENTRADA,62,8803.47
1055,2026-03-14,5,SKU0040,,SALIDA,66,4639.91
1056,2025-02-09,2,SKU0041,8,ENTRADA,23,5451.55
1057,2026-02-26,1,SKU0026,,SALIDA,96,4418.58
1058,2025-04-19,3,SKU0036,7,ENTRADA,48,11982.75
1059,2024-02-23,5,SKU0030,,SALIDA,98,2191.51
1060,2026-05-14,4,SKU0039,,AJUSTE,34,8858.34
1061,2024-08-05,1,SKU0004,,SALIDA,11,5450.88
1062,2025-06-19,2,SKU0018,,SALIDA,51,2376.9
1063,2026-06-22,2,SKU0031,,SALIDA,22,2217.55
1064,2024-07-09,4,SKU0035,7,ENTRADA,92,11114.67
1065,2026-06-28,3,SKU0038,1,ENTRADA,67,6667.44
1066,2025-07-11,5,SKU0021,,AJUSTE,35,2629.7
1067,2024-01-09,4,SKU0021,,SALIDA,28,2770.5
1068,2024-03-19,5,SKU0032,,AJUSTE,22,2072.68
1069,2025-11-10,3,SKU0002,,SALIDA,64,3001.91
1070,2026-01-31,5,SKU0031,,AJUSTE,27,2323.56
1071,2026-04-18,1,SKU0028,,SALIDA,40,2324.83
1072,2025-03-29,1,SKU0007,,SALIDA,76,3205.89
1073,2024-05-02,5,SKU0018,10,ENTRADA,41,2203.55
1074,2025-07-11,2,SKU0018,,AJUSTE,8,3203.71
1075,2025-12-06,4,SKU0022,10,ENTRADA,18,1837.21
1076,2026-07-13,4,SKU0036,,AJUSTE,81,17157.9
1077,2026-02-02,1,SKU0028,,AJUSTE,54,1984.19
1078,2025-10-20,4,SKU0020,,SALIDA,3,1828.38
1079,2026-06-15,1,SKU0021,10,ENTRADA,12,2470.11
1080,2026-01-08,3,SKU0033,9,ENTRADA,50,2098.94
1081,2024-06-24,4,SKU0009,,SALIDA,84,2064.28
1082,2025-05-01,5,SKU0007,6,ENTRADA,17,3892.97
1083,2024-12-28,5,SKU0023,,SALIDA,8,8389.41
1084,2024-04-13,2,SKU0039,,SALIDA,52,8183.57
1085,2024-03-06,2,SKU0022,,SALIDA,83,1556.97
1086,2026-02-19,5,SKU0030,,SALIDA,5,2894.1
1087,2025-07-29,3,SKU0027,,SALIDA,59,6781.66
1088,2025-08-14,3,SKU0032,,AJUSTE,96,2377.76
1089,2024-09-14,2,SKU0023,,SALIDA,10,7534.8
1090,2024-10-18,5,SKU0022,,SALIDA,54,1668.14
1091,2025-02-23,1,SKU0038,1,ENTRADA,85,5802.78
1092,2025-10-05,2,SKU0021,10,ENTRADA,62,2737.97
1093,2025-04-07,2,SKU0041,,AJUSTE,36,6426.46
1094,2024-01-21,3,SKU0028,1,ENTRADA,27,2051.19
1095,2025-11-12,4,SKU0026,,SALIDA,87,4311.88
1096,2025-07-08,5,SKU0037,7,ENTRADA,19,9273.73
1097,2025-10-15,5,SKU0015,,SALIDA,35,3011.09
1098,2025-09-24,1,SKU0001,,AJUSTE,34,2877.88
1099,2026-01-16,5,SKU0022,10,ENTRADA,17,1819.72
1100,2025-08-24,5,SKU0027,,SALIDA,61,6768.43
1101,2025-12-05,5,SKU0015,,SALIDA,9,3733.74
1102,2024-03-27,5,SKU0013,,SALIDA,49,3109.89
1103,2026-06-06,2,SKU0022,,AJUSTE,37,1900.34
1104,2024-05-04,2,SKU0020,,SALIDA,96,1342.09
1105,2026-02-12,1,SKU0018,,AJUSTE,46,2688.39
1106,2024-12-02,2,SKU0026,8,ENTRADA,34,3998.66
1107,2024-04-12,1,SKU0005,,AJUSTE,77,5067.16
1108,2026-01-24,2,SKU0032,,SALIDA,19,2355.32
1109,2025-04-11,4,SKU0042,,SALIDA,78,7869.1
1110,2025-03-02,2,SKU0013,,AJUSTE,6,2945.75
1111,2025-11-01,1,SKU0040,,SALIDA,11,4158.7
1112,2025-05-15,1,SKU0025,5,ENTRADA,26,5565.77
1113,2025-07-07,1,SKU0015,,AJUSTE,48,3285.23
1114,2024-06-06,5,SKU0006,,SALIDA,32,1458.03
1115,2025-02-26,1,SKU0028,1,ENTRADA,87,1742.51
1116,2026-02-22,2,SKU0039,8,ENTRADA,29,9792.53
1117,2025-07-18,5,SKU0036,7,ENTRADA,94,12505.89
1118,2026-07-01,1,SKU0005,,AJUSTE,31,6660.44
1119,2024-06-14,4,SKU0032,,SALIDA,59,2190.54
1120,2025-11-15,2,SKU0030,,SALIDA,44,2671.59
1121,2026-05-26,4,SKU0030,,SALIDA,46,2509.86
1122,2026-02-19,5,SKU0022,10,ENTRADA,27,1800.12
1123,2025-12-26,1,SKU0033,,AJUSTE,43,2382.47
1124,2025-02-07,2,SKU0017,,SALIDA,99,9804.31
1125,2026-06-23,1,SKU0008,6,ENTRADA,18,2818.64
1126,2025-07-25,5,SKU0014,,SALIDA,48,3635.17
1127,2025-07-26,5,SKU0004,,AJUSTE,94,6792.15
1128,2024-05-22,2,SKU0013,5,ENTRADA,84,3326.58
1129,2024-01-06,2,SKU0006,,SALIDA,87,1607.8
1130,2025-09-03,3,SKU0005,,AJUSTE,41,5185.09
1131,2025-07-10,4,SKU0002,3,ENTRADA,19,2907.66
1132,2026-06-21,4,SKU0002,3,ENTRADA,55,2764.21
1133,2024-12-05,3,SKU0029,1,ENTRADA,41,4193.98
1134,2026-01-10,3,SKU0008,,SALIDA,65,2904.76
1135,2026-05-18,1,SKU0011,,SALIDA,37,3312.49
1136,2025-01-09,3,SKU0016,4,ENTRADA,59,2757.81
1137,2025-03-18,4,SKU0038,1,ENTRADA,7,5234.43
1138,2025-10-19,1,SKU0019,,SALIDA,73,1723.23
1139,2025-06-18,2,SKU0031,,SALIDA,22,2357.52
1140,2024-07-02,2,SKU0011,,SALIDA,65,2898.2
1141,2024-09-06,4,SKU0030,9,ENTRADA,21,2186.97
1142,2026-03-24,5,SKU0012,,SALIDA,68,1830.82
1143,2024-08-07,5,SKU0036,7,ENTRADA,76,13611.19
1144,2024-07-24,3,SKU0038,,AJUSTE,46,6144.82
1145,2026-02-24,3,SKU0025,,AJUSTE,75,4507.55
1146,2026-04-08,3,SKU0038,,SALIDA,51,6575.15
1147,2026-04-07,3,SKU0019,,SALIDA,33,2110.47
1148,2026-06-09,2,SKU0010,,AJUSTE,1,5560.34
1149,2026-07-27,3,SKU0005,2,ENTRADA,39,6557.67
1150,2025-05-03,4,SKU0034,,SALIDA,69,2025.06
1151,2025-07-22,4,SKU0017,1,ENTRADA,9,9138.42
1152,2024-11-21,4,SKU0031,,AJUSTE,88,1981.86
1153,2024-03-21,1,SKU0003,,SALIDA,49,1408.63
1154,2024-04-25,5,SKU0003,1,ENTRADA,55,1425.64
1155,2025-12-23,3,SKU0042,5,ENTRADA,96,6216.86
1156,2025-05-26,1,SKU0033,9,ENTRADA,89,2049.92
1157,2024-12-27,4,SKU0005,,SALIDA,92,4340.63
1158,2024-05-28,4,SKU0041,8,ENTRADA,35,6211.9
1159,2025-10-28,1,SKU0028,1,ENTRADA,14,1993.07
1160,2024-04-27,3,SKU0015,1,ENTRADA,96,3237.33
1161,2025-09-25,2,SKU0040,5,ENTRADA,50,4253.23
1162,2026-05-16,4,SKU0023,,SALIDA,23,9681.01
1163,2024-12-16,2,SKU0019,,AJUSTE,92,1909.23
1164,2025-04-23,2,SKU0013,,AJUSTE,97,3055.12
1165,2025-09-22,3,SKU0033,9,ENTRADA,46,2298.14
1166,2024-12-05,4,SKU0028,,AJUSTE,66,1635.74
1167,2025-08-23,4,SKU0023,5,ENTRADA,89,8579.53
1168,2025-08-05,4,SKU0027,5,ENTRADA,54,5886.12
1169,2025-01-29,3,SKU0038,1,ENTRADA,73,5351.23
1170,2024-12-15,4,SKU0016,,SALIDA,53,2508.03
1171,2025-04-02,5,SKU0022,,SALIDA,41,1606.87
1172,2024-01-06,1,SKU0027,5,ENTRADA,29,5086.13
1173,2024-10-05,4,SKU0022,10,ENTRADA,24,1498.48
1174,2024-09-07,1,SKU0024,,AJUSTE,20,1436.67
1175,2026-01-02,4,SKU0039,8,ENTRADA,76,8751.12
1176,2025-04-10,4,SKU0010,,AJUSTE,58,6687.94
1177,2026-03-29,5,SKU0020,,SALIDA,75,1715.12
1178,2024-06-03,5,SKU0020,,SALIDA,74,1611.69
1179,2025-12-28,5,SKU0033,,SALIDA,95,1975.29
1180,2026-04-28,4,SKU0037,7,ENTRADA,8,10996.14
1181,2025-05-05,1,SKU0032,,SALIDA,91,1979.76
1182,2025-01-23,2,SKU0037,7,ENTRADA,98,10221.9
1183,2024-12-05,1,SKU0037,,SALIDA,33,8822.43
1184,2025-07-23,1,SKU0001,2,ENTRADA,62,2485.89
1185,2024-07-18,1,SKU0038,1,ENTRADA,63,5213.15
1186,2025-09-13,5,SKU0007,6,ENTRADA,74,3861.53
1187,2026-03-30,2,SKU0028,,SALIDA,88,2279.06
1188,2026-04-13,3,SKU0034,,SALIDA,29,2493.61
1189,2024-06-09,4,SKU0001,2,ENTRADA,23,2236.41
1190,2025-07-12,2,SKU0027,,SALIDA,54,5990.04
1191,2024-10-23,3,SKU0042,,SALIDA,59,6247.43
1192,2026-05-05,3,SKU0040,5,ENTRADA,99,4197.48
1193,2024-04-01,1,SKU0020,5,ENTRADA,39,1669.74
1194,2024-03-30,2,SKU0003,1,ENTRADA,61,1299.43
1195,2024-01-23,2,SKU0014,,SALIDA,99,3732.09
1196,2025-06-13,3,SKU0029,,SALIDA,27,4687.52
1197,2024-02-07,2,SKU0021,10,ENTRADA,44,2727.68
1198,2025-08-21,1,SKU0006,,AJUSTE,66,1720.25
1199,2025-03-11,1,SKU0010,6,ENTRADA,70,5121.15
1200,2025-08-28,5,SKU0028,,SALIDA,65,2152.2
1201,2026-05-20,2,SKU0027,5,ENTRADA,72,6169.68
1202,2025-07-23,1,SKU0042,5,ENTRADA,13,7356.66
1203,2025-07-16,5,SKU0011,1,ENTRADA,60,3008.02
1204,2026-07-31,1,SKU0039,8,ENTRADA,82,9549.57
1205,2025-05-13,4,SKU0025,5,ENTRADA,51,5067.39
1206,2026-02-02,3,SKU0040,,SALIDA,23,4071.4
1207,2025-01-30,2,SKU0042,5,ENTRADA,54,7995.58
1208,2024-09-09,5,SKU0021,,AJUSTE,36,2345.58
1209,2026-01-30,2,SKU0013,,SALIDA,79,2911.22
1210,2025-12-28,5,SKU0012,,SALIDA,4,1612.17
1211,2024-11-21,3,SKU0032,9,ENTRADA,45,2097.42
1212,2025-05-06,1,SKU0013,5,ENTRADA,20,3356.68
1213,2025-06-16,2,SKU0022,,SALIDA,89,1724.81
1214,2025-03-04,1,SKU0029,,AJUSTE,81,4143.69
1215,2025-06-09,1,SKU0016,,SALIDA,52,2601.06
1216,2025-11-03,1,SKU0036,,SALIDA,9,12365.95
1217,2026-04-04,3,SKU0026,8,ENTRADA,37,4607.0
1218,2026-03-02,3,SKU0040,,AJUSTE,78,3527.81
1219,2025-09-20,2,SKU0023,,AJUSTE,65,8336.41
1220,2024-07-07,2,SKU0033,9,ENTRADA,92,1750.78
1221,2025-06-20,3,SKU0008,,AJUSTE,60,2681.04
1222,2025-04-19,3,SKU0027,,AJUSTE,12,5572.73
1223,2024-07-22,4,SKU0006,,SALIDA,57,1455.41
1224,2026-06-22,2,SKU0023,,AJUSTE,22,11089.33
1225,2025-10-31,1,SKU0025,,AJUSTE,84,4585.91
1226,2026-07-07,5,SKU0018,10,ENTRADA,17,3080.83
1227,2025-12-30,3,SKU0036,,AJUSTE,100,13099.96
1228,2025-05-23,3,SKU0017,,SALIDA,62,10070.07
1229,2025-01-23,4,SKU0027,5,ENTRADA,93,6754.42
1230,2024-09-04,5,SKU0035,,SALIDA,44,10058.5
1231,2025-05-27,1,SKU0002,,AJUSTE,12,3206.12
1232,2024-03-16,3,SKU0039,,SALIDA,96,8367.23
1233,2025-02-03,2,SKU0013,5,ENTRADA,73,3343.56
1234,2024-02-22,5,SKU0024,8,ENTRADA,50,1636.25
1235,2024-08-21,5,SKU0008,,SALIDA,12,2265.3
1236,2026-05-21,1,SKU0030,,SALIDA,50,2313.42
1237,2025-01-26,2,SKU0021,,SALIDA,5,2833.49
1238,2025-05-11,5,SKU0032,9,ENTRADA,57,1933.49
1239,2025-04-27,1,SKU0009,1,ENTRADA,82,2527.23
1240,2024-02-26,5,SKU0036,7,ENTRADA,9,11573.61
1241,2026-07-17,5,SKU0037,,SALIDA,51,12788.62
1242,2024-12-21,2,SKU0028,,SALIDA,21,2142.67
1243,2025-12-07,4,SKU0013,5,ENTRADA,38,3418.61
1244,2025-06-26,2,SKU0033,,SALIDA,47,2124.25
1245,2026-03-20,4,SKU0001,2,ENTRADA,75,2973.46
1246,2026-03-25,3,SKU0001,,SALIDA,85,3174.26
1247,2024-10-23,3,SKU0032,9,ENTRADA,76,1957.98
1248,2025-07-17,1,SKU0031,,SALIDA,34,2167.35
1249,2024-07-16,2,SKU0029,,AJUSTE,32,3504.11
1250,2025-10-26,5,SKU0017,1,ENTRADA,76,10386.53
1251,2025-01-30,3,SKU0022,,SALIDA,71,1906.13
1252,2025-10-26,2,SKU0032,9,ENTRADA,97,2079.54
1253,2026-03-25,4,SKU0033,,AJUSTE,16,2021.86
1254,2025-06-22,3,SKU0011,1,ENTRADA,13,2684.54
1255,2025-02-10,2,SKU0038,,SALIDA,54,5151.23
1256,2026-05-21,4,SKU0018,,AJUSTE,7,3195.87
1257,2025-06-22,3,SKU0037,,AJUSTE,7,10084.32
1258,2025-01-18,3,SKU0006,,SALIDA,16,1790.99
1259,2026-04-20,4,SKU0039,8,ENTRADA,6,8437.75
1260,2025-05-26,1,SKU0038,1,ENTRADA,58,5297.75
1261,2025-05-22,3,SKU0033,,SALIDA,51,2137.99
1262,2025-09-11,3,SKU0015,,SALIDA,37,3233.53
1263,2025-06-09,5,SKU0026,8,ENTRADA,74,4029.61
1264,2024-06-08,5,SKU0003,,AJUSTE,36,1256.04
1265,2024-07-07,5,SKU0007,,AJUSTE,41,3696.32
1266,2024-04-01,4,SKU0025,5,ENTRADA,68,4097.27
1267,2025-10-17,2,SKU0007,6,ENTRADA,45,3287.3
1268,2024-08-27,3,SKU0035,7,ENTRADA,46,10073.17
1269,2024-07-30,1,SKU0007,,AJUSTE,84,2791.85
1270,2025-01-27,5,SKU0023,,SALIDA,96,7712.68
1271,2025-12-17,2,SKU0019,,AJUSTE,37,1575.31
1272,2024-05-17,3,SKU0012,,AJUSTE,58,1416.01
1273,2024-09-17,1,SKU0038,1,ENTRADA,98,5845.86
1274,2026-03-05,5,SKU0016,,AJUSTE,91,2749.99
1275,2025-12-19,4,SKU0027,,SALIDA,56,5182.47
1276,2025-05-21,4,SKU0041,8,ENTRADA,94,6350.76
1277,2025-05-19,1,SKU0021,10,ENTRADA,100,3033.17
1278,2024-08-26,1,SKU0020,5,ENTRADA,73,1546.47
1279,2024-07-02,5,SKU0031,9,ENTRADA,69,2055.13
1280,2026-03-23,2,SKU0019,10,ENTRADA,68,1709.95
1281,2024-01-27,4,SKU0013,5,ENTRADA,21,3096.52
1282,2024-02-22,2,SKU0037,,AJUSTE,88,10920.97
1283,2025-08-13,2,SKU0001,,SALIDA,97,2568.14
1284,2024-07-02,2,SKU0033,9,ENTRADA,61,1780.89
1285,2025-10-04,5,SKU0020,5,ENTRADA,71,1537.85
1286,2024-02-17,2,SKU0015,1,ENTRADA,10,3562.71
1287,2025-08-11,4,SKU0033,9,ENTRADA,44,2135.77
1288,2024-03-08,4,SKU0029,,SALIDA,64,3498.63
1289,2024-10-18,5,SKU0009,,AJUSTE,78,1961.65
1290,2024-07-23,2,SKU0003,1,ENTRADA,20,1443.49
1291,2026-06-29,3,SKU0029,,SALIDA,35,4008.23
1292,2025-09-06,5,SKU0033,9,ENTRADA,31,2297.82
1293,2025-08-03,2,SKU0001,,SALIDA,2,2565.02
1294,2024-01-23,5,SKU0032,,SALIDA,15,2073.67
1295,2025-12-18,2,SKU0042,,SALIDA,98,7229.73
1296,2025-11-02,4,SKU0012,,SALIDA,44,1575.29
1297,2024-11-13,1,SKU0030,9,ENTRADA,52,2122.26
1298,2024-04-11,4,SKU0027,,SALIDA,90,5355.2
1299,2025-04-22,3,SKU0020,5,ENTRADA,58,1553.2
1300,2026-07-26,3,SKU0012,,SALIDA,93,1494.72
1301,2026-04-20,5,SKU0020,,AJUSTE,19,1978.54
1302,2024-07-12,2,SKU0021,,SALIDA,84,2731.16
1303,2026-03-21,5,SKU0039,8,ENTRADA,91,8702.01
1304,2025-09-07,3,SKU0034,9,ENTRADA,98,2389.07
1305,2026-02-19,3,SKU0008,,SALIDA,61,3278.84
1306,2026-03-13,5,SKU0015,,SALIDA,10,3560.93
1307,2024-07-25,3,SKU0028,,SALIDA,64,2171.05
1308,2025-10-31,3,SKU0042,5,ENTRADA,85,6833.61
1309,2024-10-25,1,SKU0035,,AJUSTE,70,8797.78
1310,2025-12-22,1,SKU0014,,AJUSTE,29,3701.29
1311,2025-01-07,1,SKU0021,10,ENTRADA,98,2652.59
1312,2025-04-26,4,SKU0033,9,ENTRADA,32,2460.07
1313,2025-08-29,3,SKU0020,,SALIDA,26,1719.08
1314,2024-09-17,5,SKU0014,,AJUSTE,20,3413.4
1315,2025-02-20,3,SKU0040,5,ENTRADA,36,4117.59
1316,2024-05-07,1,SKU0029,,SALIDA,10,3802.82
1317,2024-08-16,4,SKU0022,,AJUSTE,82,1499.41
1318,2026-04-14,5,SKU0013,,AJUSTE,1,3716.84
1319,2025-06-11,2,SKU0013,,SALIDA,87,3384.32
1320,2025-03-25,4,SKU0010,6,ENTRADA,49,5319.79
1321,2024-06-20,4,SKU0034,9,ENTRADA,92,2207.8
1322,2024-04-23,4,SKU0033,,AJUSTE,60,2299.32
1323,2025-05-16,4,SKU0017,,SALIDA,93,9990.77
1324,2025-09-21,4,SKU0014,5,ENTRADA,27,4224.47
1325,2024-02-17,3,SKU0023,,SALIDA,72,9049.15
1326,2026-02-09,4,SKU0012,,AJUSTE,13,1627.19
1327,2025-06-10,1,SKU0013,,AJUSTE,20,2840.99
1328,2024-05-16,3,SKU0037,7,ENTRADA,99,10845.21
1329,2025-05-22,2,SKU0012,4,ENTRADA,66,1576.65
1330,2024-05-30,4,SKU0001,2,ENTRADA,45,2272.9
1331,2025-09-10,3,SKU0038,1,ENTRADA,65,5567.85
1332,2026-03-19,3,SKU0022,,SALIDA,9,2155.99
1333,2026-05-13,2,SKU0040,,SALIDA,69,4559.43
1334,2026-02-01,1,SKU0016,,SALIDA,99,2368.1
1335,2025-10-22,3,SKU0015,,SALIDA,29,3000.23
1336,2025-06-27,5,SKU0011,1,ENTRADA,56,2999.1
1337,2025-02-04,3,SKU0021,,AJUSTE,2,2507.85
1338,2024-02-22,5,SKU0029,,AJUSTE,49,3856.76
1339,2025-07-04,4,SKU0007,,AJUSTE,75,3740.9
1340,2024-09-16,2,SKU0042,5,ENTRADA,25,5795.52
1341,2026-02-26,1,SKU0024,,AJUSTE,54,1548.99
1342,2026-02-15,4,SKU0035,,AJUSTE,41,10850.33
1343,2025-02-16,2,SKU0041,,SALIDA,57,6085.01
1344,2025-08-27,5,SKU0034,9,ENTRADA,27,1800.69
1345,2026-01-04,3,SKU0011,,AJUSTE,57,2927.09
1346,2026-01-21,3,SKU0039,,SALIDA,60,11196.04
1347,2025-12-02,4,SKU0014,5,ENTRADA,10,3870.35
1348,2024-04-25,1,SKU0016,,AJUSTE,38,2321.71
1349,2024-06-03,4,SKU0007,6,ENTRADA,96,3144.13
1350,2025-05-17,5,SKU0010,6,ENTRADA,31,6872.11
1351,2024-09-20,3,SKU0026,,AJUSTE,7,3592.12
1352,2026-04-13,4,SKU0019,,SALIDA,74,1698.44
1353,2024-11-13,4,SKU0006,2,ENTRADA,33,1657.49
1354,2026-04-27,1,SKU0015,1,ENTRADA,13,3260.83
1355,2025-03-15,4,SKU0007,,SALIDA,31,3800.09
1356,2024-08-01,2,SKU0028,1,ENTRADA,68,1753.99
1357,2025-12-11,3,SKU0021,10,ENTRADA,38,2870.11
1358,2026-02-14,3,SKU0035,,SALIDA,79,12676.71
1359,2025-08-17,2,SKU0025,5,ENTRADA,74,4621.97
1360,2024-05-17,1,SKU0007,,AJUSTE,40,3277.05
1361,2024-01-09,1,SKU0006,,SALIDA,94,1716.92
1362,2025-10-27,1,SKU0027,5,ENTRADA,24,6726.33
1363,2025-11-24,3,SKU0001,,SALIDA,76,2269.42
1364,2024-12-14,4,SKU0007,,SALIDA,79,3410.12
1365,2025-01-27,5,SKU0013,,AJUSTE,14,3549.24
1366,2024-06-25,2,SKU0025,,SALIDA,36,3895.18
1367,2025-10-24,4,SKU0002,,SALIDA,81,3014.69
1368,2024-10-13,3,SKU0035,,SALIDA,61,10798.45
1369,2026-04-10,2,SKU0015,1,ENTRADA,56,3595.01
1370,2025-03-29,3,SKU0012,4,ENTRADA,28,1585.88
1371,2025-01-30,2,SKU0037,,SALIDA,35,11525.37
1372,2024-11-05,4,SKU0001,2,ENTRADA,9,2578.1
1373,2025-11-18,4,SKU0001,2,ENTRADA,79,2677.96
1374,2026-01-15,2,SKU0002,3,ENTRADA,85,3408.78
1375,2025-03-19,1,SKU0023,,SALIDA,56,8912.67
1376,2026-02-09,5,SKU0017,,SALIDA,30,11113.88
1377,2025-05-22,1,SKU0013,,SALIDA,98,2745.66
1378,2025-02-04,5,SKU0030,,SALIDA,46,2284.16
1379,2025-07-26,2,SKU0005,,AJUSTE,71,5787.6
1380,2024-10-13,5,SKU0019,10,ENTRADA,21,1433.01
1381,2024-12-06,5,SKU0012,,AJUSTE,10,1304.75
1382,2025-01-09,2,SKU0042,5,ENTRADA,66,7206.86
1383,2025-12-08,2,SKU0023,5,ENTRADA,57,10108.0
1384,2025-12-30,1,SKU0036,7,ENTRADA,21,13618.34
1385,2026-04-10,2,SKU0028,,SALIDA,6,2412.7
1386,2025-10-31,4,SKU0004,1,ENTRADA,92,5598.59
1387,2026-01-09,1,SKU0039,8,ENTRADA,77,9257.85
1388,2025-04-19,2,SKU0004,1,ENTRADA,47,5423.91
1389,2025-12-04,4,SKU0011,,SALIDA,77,2927.11
1390,2024-07-03,2,SKU0010,,AJUSTE,30,5600.02
1391,2024-08-30,3,SKU0019,10,ENTRADA,98,1904.55
1392,2025-03-07,4,SKU0015,,SALIDA,46,3247.44
1393,2025-01-03,5,SKU0039,,AJUSTE,35,8219.34
1394,2025-07-22,3,SKU0036,,AJUSTE,3,12646.63
1395,2025-12-02,5,SKU0002,,SALIDA,82,2794.33
1396,2025-12-09,3,SKU0007,,AJUSTE,53,3677.79
1397,2024-07-02,5,SKU0009,1,ENTRADA,66,2087.14
1398,2026-07-04,3,SKU0002,3,ENTRADA,97,3579.87
1399,2024-01-07,4,SKU0033,9,ENTRADA,43,2067.42
1400,2024-04-17,1,SKU0021,,AJUSTE,17,2782.59
1401,2024-06-15,4,SKU0030,9,ENTRADA,14,1966.55
1402,2026-06-04,4,SKU0004,,SALIDA,37,6284.96
1403,2025-04-09,2,SKU0037,,AJUSTE,14,11357.99
1404,2024-03-17,1,SKU0031,,SALIDA,33,2306.63
1405,2024-09-07,1,SKU0001,2,ENTRADA,91,2284.71
1406,2024-04-05,5,SKU0026,,AJUSTE,89,3329.75
1407,2024-02-15,4,SKU0034,,SALIDA,87,2210.06
1408,2025-02-19,4,SKU0014,,SALIDA,100,3724.61
1409,2026-07-20,4,SKU0025,,SALIDA,1,5107.97
1410,2025-09-20,4,SKU0015,,SALIDA,94,3032.7
1411,2025-06-26,4,SKU0019,,SALIDA,14,1622.87
1412,2025-12-13,1,SKU0036,,AJUSTE,1,12654.73
1413,2025-09-04,5,SKU0034,9,ENTRADA,65,2203.12
1414,2026-06-20,2,SKU0023,,AJUSTE,87,11045.41
1415,2026-03-13,3,SKU0041,8,ENTRADA,40,6198.83
1416,2025-10-14,3,SKU0016,4,ENTRADA,52,2214.57
1417,2025-04-12,5,SKU0026,,SALIDA,62,4431.89
1418,2024-08-16,2,SKU0024,,SALIDA,54,1522.89
1419,2025-10-29,1,SKU0036,7,ENTRADA,86,15009.43
1420,2026-02-27,2,SKU0028,,SALIDA,61,2193.07
1421,2024-11-16,3,SKU0030,9,ENTRADA,34,2508.96
1422,2024-02-10,1,SKU0036,7,ENTRADA,44,11916.54
1423,2025-09-06,3,SKU0025,5,ENTRADA,79,5334.15
1424,2025-06-21,2,SKU0033,,AJUSTE,29,1850.15
1425,2024-09-19,3,SKU0040,5,ENTRADA,77,3366.03
1426,2024-07-11,1,SKU0026,,AJUSTE,84,3616.03
1427,2024-02-13,2,SKU0023,5,ENTRADA,77,9173.95
1428,2024-09-27,2,SKU0030,,SALIDA,91,2530.55
1429,2024-01-01,1,SKU0006,,SALIDA,80,1637.45
1430,2024-06-28,3,SKU0032,,SALIDA,43,1873.85
1431,2026-07-29,2,SKU0032,,SALIDA,60,2006.6
1432,2026-02-06,5,SKU0038,1,ENTRADA,74,7204.56
1433,2025-01-18,5,SKU0030,9,ENTRADA,78,2325.62
1434,2025-03-02,3,SKU0025,,AJUSTE,62,5506.75
1435,2025-08-24,5,SKU0015,,SALIDA,13,3812.18
1436,2025-06-23,2,SKU0003,,SALIDA,3,1484.7
1437,2025-12-31,4,SKU0014,,AJUSTE,94,4096.59
1438,2024-03-23,5,SKU0004,1,ENTRADA,38,6408.64
1439,2024-04-16,3,SKU0032,,SALIDA,80,2101.26
1440,2024-11-14,1,SKU0014,,SALIDA,92,4174.57
1441,2026-03-20,5,SKU0007,,AJUSTE,59,3957.64
1442,2026-05-27,4,SKU0005,,AJUSTE,76,5160.07
1443,2025-01-13,5,SKU0021,,SALIDA,24,2444.91
1444,2026-07-03,3,SKU0016,4,ENTRADA,16,2392.56
1445,2024-11-06,3,SKU0035,,SALIDA,72,10928.25
1446,2025-09-13,4,SKU0027,5,ENTRADA,19,5831.17
1447,2024-08-08,2,SKU0031,,AJUSTE,9,2114.07
1448,2026-06-07,5,SKU0010,6,ENTRADA,22,7198.99
1449,2025-08-14,5,SKU0036,,AJUSTE,66,13403.24
1450,2024-10-21,2,SKU0042,,SALIDA,74,7410.57
1451,2025-03-13,1,SKU0038,,AJUSTE,52,4968.74
1452,2024-05-04,3,SKU0034,9,ENTRADA,93,2067.41
1453,2024-03-27,3,SKU0036,,SALIDA,25,12796.49
1454,2024-11-25,1,SKU0015,,SALIDA,28,3205.73
1455,2026-06-21,2,SKU0027,5,ENTRADA,68,6141.73
1456,2026-02-27,4,SKU0037,,SALIDA,3,11512.83
1457,2026-06-28,4,SKU0008,,AJUSTE,33,2704.74
1458,2026-04-27,3,SKU0007,,SALIDA,1,3195.54
1459,2026-03-07,1,SKU0018,,SALIDA,48,2939.08
1460,2025-08-14,2,SKU0010,6,ENTRADA,7,6466.45
1461,2025-11-30,1,SKU0020,,SALIDA,99,1870.93
1462,2026-07-05,2,SKU0032,,AJUSTE,53,2357.32
1463,2025-08-03,2,SKU0011,,AJUSTE,65,3172.9
1464,2026-01-28,3,SKU0022,10,ENTRADA,59,2204.36
1465,2026-01-17,3,SKU0018,,AJUSTE,92,3008.94
1466,2026-07-02,2,SKU0039,,SALIDA,15,10782.77
1467,2025-05-01,5,SKU0042,,SALIDA,89,6361.0
1468,2025-05-03,4,SKU0027,,SALIDA,36,5943.36
1469,2025-08-25,5,SKU0024,,SALIDA,72,1726.12
1470,2024-02-02,4,SKU0016,4,ENTRADA,8,2656.24
1471,2024-05-15,2,SKU0021,,AJUSTE,96,2618.85
1472,2024-03-21,5,SKU0023,5,ENTRADA,56,8883.46
1473,2025-10-08,4,SKU0032,9,ENTRADA,72,2059.45
1474,2026-07-27,1,SKU0026,8,ENTRADA,61,3890.53
1475,2025-11-15,1,SKU0015,,SALIDA,8,4010.05
1476,2024-09-17,3,SKU0011,,SALIDA,8,2405.2
1477,2024-12-14,2,SKU0008,6,ENTRADA,53,2677.02
1478,2026-06-27,4,SKU0032,,SALIDA,19,2325.81
1479,2025-06-22,4,SKU0001,2,ENTRADA,20,2977.7
1480,2024-01-12,4,SKU0037,7,ENTRADA,57,9730.72
1481,2026-03-22,1,SKU0021,,SALIDA,98,2680.15
1482,2024-10-07,2,SKU0030,,AJUSTE,93,2350.24
1483,2024-04-19,3,SKU0002,3,ENTRADA,66,2836.07
1484,2025-11-12,4,SKU0007,,SALIDA,60,3399.45
1485,2026-03-13,4,SKU0011,1,ENTRADA,19,3488.24
1486,2024-03-31,2,SKU0020,5,ENTRADA,51,1559.56
1487,2026-06-09,5,SKU0015,1,ENTRADA,41,3781.92
1488,2025-05-17,3,SKU0027,,SALIDA,17,5738.96
1489,2025-01-18,3,SKU0004,,SALIDA,60,7253.33
1490,2026-05-11,2,SKU0033,9,ENTRADA,88,2127.0
1491,2024-10-30,1,SKU0040,,SALIDA,89,3950.69
1492,2026-06-21,3,SKU0021,10,ENTRADA,85,3135.56
1493,2025-11-20,1,SKU0026,8,ENTRADA,33,3307.62
1494,2026-05-23,4,SKU0040,5,ENTRADA,12,4518.92
1495,2025-06-06,1,SKU0010,,SALIDA,50,5931.64
1496,2024-08-13,3,SKU0026,,SALIDA,84,3029.68
1497,2025-12-30,2,SKU0015,,SALIDA,21,3647.39
1498,2026-04-24,1,SKU0042,,SALIDA,73,7023.9
1499,2024-08-21,2,SKU0022,10,ENTRADA,65,1817.62
1500,2024-08-17,4,SKU0005,,AJUSTE,86,4308.76
1501,2024-10-09,1,SKU0036,7,ENTRADA,67,11072.45
1502,2025-09-24,4,SKU0022,10,ENTRADA,24,1604.82
1503,2024-06-27,4,SKU0025,,AJUSTE,97,5085.81
1504,2024-05-05,5,SKU0042,,SALIDA,38,6213.8
1505,2026-05-31,2,SKU0024,,SALIDA,15,1624.61
1506,2025-11-14,4,SKU0002,3,ENTRADA,95,2880.94
1507,2025-11-04,4,SKU0024,8,ENTRADA,47,1857.01
1508,2025-09-20,5,SKU0011,,SALIDA,5,3080.28
1509,2026-01-23,4,SKU0035,,SALIDA,38,9835.43
1510,2025-07-14,3,SKU0013,,AJUSTE,75,3479.75
1511,2024-02-21,5,SKU0035,,SALIDA,84,8711.54
1512,2025-05-22,5,SKU0021,,SALIDA,77,2378.38
1513,2025-09-26,2,SKU0026,,SALIDA,56,3302.2
1514,2025-05-31,2,SKU0025,,SALIDA,86,4612.8
1515,2026-07-20,1,SKU0024,,SALIDA,98,1961.78
1516,2026-05-13,3,SKU0029,1,ENTRADA,75,4249.09
1517,2026-04-21,3,SKU0034,,AJUSTE,43,2077.52
1518,2025-05-30,4,SKU0012,4,ENTRADA,35,1581.85
1519,2026-07-19,3,SKU0017,,AJUSTE,83,8365.08
1520,2026-05-28,5,SKU0005,,SALIDA,55,6222.27
1521,2024-11-10,2,SKU0008,,SALIDA,54,2740.37
1522,2024-09-08,3,SKU0026,,SALIDA,10,3376.83
1523,2025-08-16,3,SKU0028,1,ENTRADA,20,2244.32
1524,2024-03-06,3,SKU0009,,SALIDA,6,2374.19
1525,2026-02-23,1,SKU0033,9,ENTRADA,14,2174.24
1526,2025-05-19,2,SKU0007,,AJUSTE,93,3448.15
1527,2025-07-14,5,SKU0040,,AJUSTE,35,3268.47
1528,2025-06-09,5,SKU0036,,SALIDA,32,13748.98
1529,2025-03-01,5,SKU0020,5,ENTRADA,18,1822.12
1530,2025-11-23,1,SKU0033,,SALIDA,97,2462.89
1531,2024-07-17,1,SKU0016,4,ENTRADA,67,2665.24
1532,2026-07-13,5,SKU0021,,AJUSTE,76,2955.06
1533,2025-12-03,3,SKU0001,,AJUSTE,6,2703.13
1534,2025-05-02,1,SKU0018,10,ENTRADA,28,2608.05
1535,2025-11-26,3,SKU0002,3,ENTRADA,71,3337.63
1536,2024-01-15,1,SKU0008,,SALIDA,49,2910.12
1537,2024-08-26,3,SKU0015,,AJUSTE,93,3573.6
1538,2025-08-20,5,SKU0028,,AJUSTE,5,2132.4
1539,2024-12-23,2,SKU0007,6,ENTRADA,13,3160.93
1540,2025-09-19,5,SKU0027,,SALIDA,54,5156.0
1541,2024-10-19,1,SKU0009,1,ENTRADA,38,2485.89
1542,2025-07-21,4,SKU0029,,SALIDA,19,4362.66
1543,2024-09-25,3,SKU0010,,AJUSTE,68,6215.99
1544,2025-05-12,2,SKU0026,8,ENTRADA,59,4246.21
1545,2025-09-19,5,SKU0018,,AJUSTE,72,3038.74
1546,2025-01-31,5,SKU0017,,SALIDA,77,7937.83
1547,2025-06-06,4,SKU0012,4,ENTRADA,75,1304.39
1548,2024-08-26,2,SKU0016,4,ENTRADA,93,2659.14
1549,2025-12-05,3,SKU0028,,SALIDA,88,1955.49
1550,2025-02-06,4,SKU0008,,SALIDA,46,2722.41
1551,2026-04-09,1,SKU0033,9,ENTRADA,3,2185.49
1552,2024-11-09,5,SKU0037,,SALIDA,8,9342.81
1553,2024-07-22,5,SKU0033,,SALIDA,38,2107.53
1554,2024-05-31,3,SKU0026,,SALIDA,6,3606.2
1555,2025-08-15,5,SKU0010,,SALIDA,25,6592.41
1556,2024-09-15,2,SKU0009,1,ENTRADA,3,2190.8
1557,2024-04-27,3,SKU0010,,AJUSTE,63,5393.14
1558,2024-10-30,2,SKU0007,,SALIDA,13,3642.6
1559,2024-09-23,3,SKU0037,,SALIDA,63,9183.96
1560,2025-04-06,4,SKU0035,7,ENTRADA,65,11256.7
1561,2025-02-15,5,SKU0021,10,ENTRADA,74,2456.23
1562,2024-06-16,5,SKU0003,1,ENTRADA,48,1329.37
1563,2026-06-30,2,SKU0018,,SALIDA,66,3050.77
1564,2024-06-20,5,SKU0037,,AJUSTE,16,10218.9
1565,2026-03-01,4,SKU0001,,AJUSTE,50,2748.14
1566,2024-07-19,2,SKU0040,5,ENTRADA,48,3687.45
1567,2025-06-07,4,SKU0039,8,ENTRADA,59,9015.22
1568,2026-07-28,2,SKU0011,1,ENTRADA,54,3288.87
1569,2026-04-05,2,SKU0006,,SALIDA,44,1579.77
1570,2025-06-22,1,SKU0017,,AJUSTE,27,9450.09
1571,2025-12-19,3,SKU0039,,SALIDA,82,10584.55
1572,2026-02-11,1,SKU0036,7,ENTRADA,18,16835.36
1573,2024-11-30,1,SKU0002,,SALIDA,64,2434.37
1574,2025-08-02,4,SKU0002,3,ENTRADA,73,2832.97
1575,2025-08-07,2,SKU0002,,SALIDA,85,3262.81
1576,2025-03-05,3,SKU0019,,SALIDA,29,1975.09
1577,2025-11-27,3,SKU0014,5,ENTRADA,83,3729.21
1578,2024-03-13,5,SKU0016,4,ENTRADA,4,2584.81
1579,2026-03-08,2,SKU0012,4,ENTRADA,68,1558.78
1580,2025-05-17,4,SKU0028,,AJUSTE,82,1763.96
1581,2025-10-05,4,SKU0028,,SALIDA,96,1894.41
1582,2025-04-23,2,SKU0031,9,ENTRADA,92,2536.94
1583,2024-12-31,1,SKU0006,,SALIDA,1,1518.6
1584,2025-01-26,3,SKU0033,9,ENTRADA,95,2156.24
1585,2025-07-31,2,SKU0036,,SALIDA,3,15232.13
1586,2026-06-09,5,SKU0042,,SALIDA,61,8030.84
1587,2024-10-17,3,SKU0040,5,ENTRADA,25,3905.8
1588,2024-01-24,2,SKU0019,10,ENTRADA,42,1540.11
1589,2024-05-20,5,SKU0015,1,ENTRADA,18,3013.68
1590,2026-04-20,4,SKU0024,,SALIDA,58,1865.58
1591,2026-07-03,4,SKU0030,,SALIDA,47,2588.68
1592,2024-08-13,1,SKU0022,10,ENTRADA,14,1772.35
1593,2025-08-15,5,SKU0034,,SALIDA,24,1848.1
1594,2025-10-22,5,SKU0019,,SALIDA,56,2097.36
1595,2024-07-17,4,SKU0015,1,ENTRADA,68,2980.29
1596,2026-02-06,5,SKU0026,,SALIDA,70,4585.2
1597,2025-01-20,2,SKU0020,5,ENTRADA,98,1749.04
1598,2025-11-12,4,SKU0019,,SALIDA,89,1890.48
1599,2025-05-27,5,SKU0038,1,ENTRADA,48,6109.96
1600,2025-12-31,3,SKU0039,,SALIDA,97,9126.2
1601,2026-05-08,5,SKU0025,5,ENTRADA,88,5343.59
1602,2025-02-15,3,SKU0034,9,ENTRADA,17,2206.89
1603,2024-11-17,2,SKU0004,,SALIDA,40,5683.14
1604,2025-10-06,4,SKU0027,,AJUSTE,38,5880.41
1605,2024-06-15,4,SKU0029,,AJUSTE,86,4393.45
1606,2024-07-09,5,SKU0034,,AJUSTE,56,1779.15
1607,2026-03-03,1,SKU0027,5,ENTRADA,74,6151.14
1608,2025-01-02,3,SKU0019,,AJUSTE,18,1934.39
1609,2025-10-06,1,SKU0005,,AJUSTE,43,5877.18
1610,2025-08-11,2,SKU0012,,SALIDA,81,1260.75
1611,2026-04-05,3,SKU0040,,SALIDA,28,4055.41
1612,2024-03-26,4,SKU0037,7,ENTRADA,52,10479.53
1613,2024-07-03,5,SKU0033,,SALIDA,46,1886.08
1614,2024-09-15,5,SKU0037,,SALIDA,87,9837.19
1615,2024-12-15,4,SKU0006,,AJUSTE,81,1555.56
1616,2024-11-22,1,SKU0009,1,ENTRADA,71,2358.31
1617,2024-10-28,1,SKU0008,6,ENTRADA,13,2724.04
1618,2025-10-18,5,SKU0012,,SALIDA,86,1424.8
1619,2024-11-01,4,SKU0004,1,ENTRADA,41,5104.45
1620,2025-04-18,3,SKU0032,,AJUSTE,44,1914.65
1621,2026-04-16,1,SKU0038,,AJUSTE,90,6074.75
1622,2025-01-28,1,SKU0007,,AJUSTE,2,2971.69
1623,2025-08-25,3,SKU0017,,AJUSTE,89,9086.83
1624,2026-07-05,3,SKU0012,4,ENTRADA,85,1433.0
1625,2025-03-20,3,SKU0042,,AJUSTE,51,6854.84
1626,2024-07-27,5,SKU0009,,SALIDA,67,2004.89
1627,2024-01-28,3,SKU0003,1,ENTRADA,59,1264.69
1628,2025-12-24,2,SKU0030,,SALIDA,9,2226.83
1629,2025-11-02,3,SKU0014,5,ENTRADA,98,4542.4
1630,2026-06-16,2,SKU0021,,SALIDA,60,2748.36
1631,2025-12-05,4,SKU0029,,SALIDA,57,3969.99
1632,2024-04-05,4,SKU0009,,SALIDA,69,2450.86
1633,2024-07-08,1,SKU0021,10,ENTRADA,86,2142.9
1634,2024-05-01,5,SKU0020,,SALIDA,77,1307.39
1635,2024-03-17,4,SKU0001,,SALIDA,10,2568.46
1636,2026-04-29,2,SKU0041,,AJUSTE,4,7744.64
1637,2025-07-21,1,SKU0027,,AJUSTE,77,5180.53
1638,2024-02-01,4,SKU0017,,SALIDA,91,9696.3
1639,2025-03-04,4,SKU0039,,SALIDA,61,8211.42
1640,2026-01-24,4,SKU0006,2,ENTRADA,97,1953.44
1641,2024-04-08,2,SKU0019,,SALIDA,50,1650.06
1642,2024-10-22,1,SKU0016,4,ENTRADA,20,2292.72
1643,2024-06-26,4,SKU0013,,AJUSTE,48,3118.62
1644,2025-10-27,3,SKU0024,,AJUSTE,58,1738.82
1645,2026-05-04,4,SKU0025,5,ENTRADA,41,5566.87
1646,2024-12-09,5,SKU0031,9,ENTRADA,96,1795.45
1647,2024-10-06,2,SKU0032,,AJUSTE,89,1843.88
1648,2024-11-14,3,SKU0039,,SALIDA,50,7907.24
1649,2025-10-02,1,SKU0027,5,ENTRADA,88,5819.71
1650,2024-05-31,5,SKU0017,,AJUSTE,27,8856.28
1651,2026-03-28,1,SKU0016,,AJUSTE,51,2516.41
1652,2024-02-04,3,SKU0029,,SALIDA,90,3779.66
1653,2025-11-04,5,SKU0015,1,ENTRADA,75,3313.83
1654,2026-04-14,5,SKU0041,,SALIDA,51,7604.83
1655,2024-12-22,2,SKU0026,8,ENTRADA,8,3742.14
1656,2025-05-17,4,SKU0013,5,ENTRADA,92,3565.31
1657,2026-07-12,3,SKU0004,1,ENTRADA,50,6288.76
1658,2025-07-13,5,SKU0029,,SALIDA,95,4978.17
1659,2024-11-02,1,SKU0042,,SALIDA,65,5716.19
1660,2025-04-18,3,SKU0014,5,ENTRADA,89,4279.75
1661,2026-07-08,2,SKU0041,,AJUSTE,54,6510.12
1662,2025-12-03,4,SKU0011,1,ENTRADA,98,3303.19
1663,2024-07-19,5,SKU0021,,AJUSTE,51,2424.91
1664,2025-09-04,1,SKU0031,,SALIDA,47,2103.26
1665,2025-10-06,5,SKU0038,1,ENTRADA,61,5082.12
1666,2025-10-10,5,SKU0012,,AJUSTE,50,1511.54
1667,2025-08-04,1,SKU0039,,SALIDA,38,9774.26
1668,2025-06-28,4,SKU0012,4,ENTRADA,7,1533.09
1669,2025-10-13,2,SKU0037,7,ENTRADA,100,11369.87
1670,2024-12-09,2,SKU0007,6,ENTRADA,51,3259.31
1671,2025-01-12,4,SKU0013,,SALIDA,54,2686.62
1672,2025-07-13,2,SKU0005,,SALIDA,98,5535.64
1673,2026-02-28,3,SKU0035,7,ENTRADA,47,11244.04
1674,2025-04-15,2,SKU0006,,AJUSTE,9,1638.15
1675,2025-01-30,3,SKU0012,4,ENTRADA,93,1503.2
1676,2024-10-20,1,SKU0027,,SALIDA,56,5876.27
1677,2024-12-04,3,SKU0024,,AJUSTE,77,1337.0
1678,2024-01-01,3,SKU0015,,SALIDA,17,3440.8
1679,2026-03-09,5,SKU0021,,SALIDA,86,2442.73
1680,2026-04-04,2,SKU0028,1,ENTRADA,86,1943.91
1681,2025-01-09,5,SKU0010,6,ENTRADA,78,6841.8
1682,2025-05-10,3,SKU0016,4,ENTRADA,70,2883.09
1683,2024-01-10,5,SKU0034,,SALIDA,14,1874.74
1684,2026-06-01,3,SKU0013,,AJUSTE,84,3286.34
1685,2026-06-21,2,SKU0032,,SALIDA,68,2458.22
1686,2025-05-17,3,SKU0032,,SALIDA,36,2295.35
1687,2024-01-11,1,SKU0021,,SALIDA,88,2204.68
1688,2025-04-04,2,SKU0034,9,ENTRADA,98,1793.88
1689,2024-11-23,5,SKU0008,,SALIDA,93,2678.75
1690,2024-09-18,5,SKU0034,9,ENTRADA,70,1938.11
1691,2024-01-09,3,SKU0026,,SALIDA,97,3053.12
1692,2025-02-08,5,SKU0022,10,ENTRADA,84,1546.71
1693,2025-03-18,1,SKU0034,9,ENTRADA,1,2152.81
1694,2025-07-31,5,SKU0042,,SALIDA,63,7224.21
1695,2025-03-02,3,SKU0017,,SALIDA,56,7950.56
1696,2024-07-05,4,SKU0014,,AJUSTE,99,3967.06
1697,2025-12-31,4,SKU0028,1,ENTRADA,50,2227.56
1698,2025-02-24,4,SKU0019,,SALIDA,32,2064.17
1699,2025-02-13,3,SKU0015,,SALIDA,57,3268.62
1700,2024-10-23,4,SKU0037,7,ENTRADA,26,11330.18
1701,2025-03-28,2,SKU0037,7,ENTRADA,89,10495.33
1702,2024-09-28,5,SKU0011,1,ENTRADA,79,3160.39
1703,2026-01-24,1,SKU0023,5,ENTRADA,28,9672.42
1704,2026-05-23,5,SKU0014,,SALIDA,32,4010.56
1705,2026-03-03,1,SKU0021,,SALIDA,22,2521.47
1706,2025-11-22,1,SKU0019,,SALIDA,82,1542.19
1707,2024-11-15,2,SKU0031,,SALIDA,4,2159.56
1708,2026-01-05,5,SKU0042,,SALIDA,21,7760.8
1709,2026-03-03,3,SKU0018,,AJUSTE,63,2976.83
1710,2025-03-19,4,SKU0027,5,ENTRADA,74,6105.7
1711,2026-04-09,5,SKU0021,10,ENTRADA,78,2909.85
1712,2024-07-25,3,SKU0029,,SALIDA,93,3697.49
1713,2024-11-20,3,SKU0028,1,ENTRADA,79,1850.91
1714,2025-10-11,5,SKU0034,,SALIDA,68,2080.26
1715,2025-09-23,5,SKU0020,,AJUSTE,88,1714.99
1716,2024-11-02,3,SKU0042,,SALIDA,15,5989.48
1717,2025-09-28,5,SKU0041,,AJUSTE,33,7195.83
1718,2024-07-31,5,SKU0017,,SALIDA,9,9538.93
1719,2024-01-24,5,SKU0016,,SALIDA,24,2285.82
1720,2024-03-01,4,SKU0017,,SALIDA,62,7871.94
1721,2025-07-08,2,SKU0029,1,ENTRADA,19,3982.83
1722,2024-07-29,5,SKU0018,,SALIDA,57,2495.35
1723,2024-04-30,5,SKU0005,2,ENTRADA,71,5469.29
1724,2024-10-30,4,SKU0034,,SALIDA,48,1945.67
1725,2025-12-15,2,SKU0035,7,ENTRADA,94,9458.43
1726,2025-12-24,1,SKU0039,8,ENTRADA,8,8698.54
1727,2024-09-20,3,SKU0001,,SALIDA,45,2651.97
1728,2024-06-21,2,SKU0029,,SALIDA,42,4092.66
1729,2025-06-01,1,SKU0019,,SALIDA,94,1857.67
1730,2025-01-07,2,SKU0037,,SALIDA,39,12129.34
1731,2024-12-11,4,SKU0019,10,ENTRADA,85,1814.48
1732,2026-02-23,1,SKU0031,9,ENTRADA,25,2486.45
1733,2026-07-30,1,SKU0016,,SALIDA,44,2568.6
1734,2025-05-05,2,SKU0024,,SALIDA,79,1847.44
1735,2026-02-16,5,SKU0021,,AJUSTE,3,2921.88
1736,2024-12-27,5,SKU0011,1,ENTRADA,94,2970.38
1737,2026-04-01,4,SKU0039,8,ENTRADA,68,9849.86
1738,2026-06-24,3,SKU0032,,SALIDA,65,2449.18
1739,2024-03-08,2,SKU0036,,SALIDA,25,12795.98
1740,2026-02-02,2,SKU0028,1,ENTRADA,76,2466.92
1741,2024-03-26,2,SKU0030,,AJUSTE,83,2494.07
1742,2025-05-11,4,SKU0016,,SALIDA,53,2221.78
1743,2024-08-05,5,SKU0032,,SALIDA,65,2207.46
1744,2026-03-30,1,SKU0022,10,ENTRADA,88,2035.55
1745,2026-03-10,3,SKU0018,10,ENTRADA,57,3212.46
1746,2026-03-19,4,SKU0039,8,ENTRADA,79,11079.94
1747,2024-05-21,1,SKU0002,3,ENTRADA,57,2891.45
1748,2026-01-27,2,SKU0012,,SALIDA,46,1419.88
1749,2024-10-08,2,SKU0034,,SALIDA,38,1881.49
1750,2026-01-29,3,SKU0002,,AJUSTE,39,3420.71
1751,2025-04-16,4,SKU0023,,SALIDA,16,7861.35
1752,2026-01-01,3,SKU0029,1,ENTRADA,75,4753.65
1753,2024-02-10,2,SKU0029,,SALIDA,82,3801.51
1754,2025-05-03,5,SKU0006,,AJUSTE,59,1710.3
1755,2026-01-29,5,SKU0033,,SALIDA,1,2336.29
1756,2025-06-26,2,SKU0021,,AJUSTE,1,2553.94
1757,2026-07-18,3,SKU0026,,AJUSTE,81,4130.84
1758,2025-05-14,5,SKU0028,1,ENTRADA,80,2328.2
1759,2025-11-19,4,SKU0003,1,ENTRADA,45,1359.39
1760,2024-12-11,1,SKU0013,,SALIDA,78,2848.87
1761,2024-12-21,1,SKU0012,4,ENTRADA,69,1199.84
1762,2025-10-04,5,SKU0025,5,ENTRADA,71,4767.85
1763,2024-02-21,2,SKU0002,,SALIDA,67,3170.71
1764,2026-06-13,4,SKU0015,,AJUSTE,72,4084.25
1765,2025-06-26,3,SKU0008,,AJUSTE,22,2570.55
1766,2024-10-13,4,SKU0015,1,ENTRADA,62,2991.33
1767,2025-10-12,2,SKU0028,,AJUSTE,5,2254.69
1768,2024-08-12,3,SKU0034,,AJUSTE,28,1670.0
1769,2026-05-06,3,SKU0036,,AJUSTE,27,17222.33
1770,2026-04-17,5,SKU0028,1,ENTRADA,55,2139.34
1771,2024-09-03,5,SKU0013,,SALIDA,55,2777.37
1772,2024-05-11,1,SKU0027,,SALIDA,61,5556.89
1773,2025-10-07,5,SKU0023,,SALIDA,58,9861.71
1774,2024-12-22,3,SKU0021,10,ENTRADA,1,2332.02
1775,2024-07-09,4,SKU0041,,SALIDA,85,5185.51
1776,2024-11-06,3,SKU0001,2,ENTRADA,23,2339.44
1777,2024-05-19,5,SKU0035,,AJUSTE,71,8387.78
1778,2026-02-14,5,SKU0041,,SALIDA,42,6852.27
1779,2024-01-11,2,SKU0010,,SALIDA,63,5596.62
1780,2024-02-21,4,SKU0024,8,ENTRADA,6,1507.14
1781,2026-02-09,3,SKU0010,6,ENTRADA,3,7085.94
1782,2025-05-16,3,SKU0006,2,ENTRADA,60,1742.57
1783,2025-09-03,5,SKU0020,5,ENTRADA,15,1578.03
1784,2025-02-05,5,SKU0001,2,ENTRADA,55,2883.55
1785,2024-04-15,1,SKU0008,,SALIDA,82,2431.04
1786,2024-06-29,4,SKU0025,5,ENTRADA,30,4689.11
1787,2024-04-17,3,SKU0002,,SALIDA,85,2927.79
1788,2025-09-24,1,SKU0003,1,ENTRADA,40,1481.14
1789,2026-06-08,1,SKU0020,,AJUSTE,76,1530.52
1790,2026-07-29,4,SKU0041,8,ENTRADA,52,7574.45
1791,2025-09-30,5,SKU0037,7,ENTRADA,84,10343.61
1792,2024-03-13,3,SKU0039,,AJUSTE,31,8074.93
1793,2025-10-18,3,SKU0042,,AJUSTE,6,7927.88
1794,2025-12-05,4,SKU0015,1,ENTRADA,72,3204.94
1795,2026-02-16,4,SKU0019,10,ENTRADA,22,1832.64
1796,2024-05-25,5,SKU0021,10,ENTRADA,63,2119.17
1797,2024-09-20,2,SKU0015,,SALIDA,9,3532.35
1798,2026-07-17,2,SKU0019,,SALIDA,35,2038.14
1799,2026-02-14,4,SKU0040,,SALIDA,90,3747.23
1800,2026-01-17,1,SKU0039,8,ENTRADA,94,8465.99
1801,2026-03-01,2,SKU0023,,AJUSTE,91,9863.33
1802,2025-04-12,5,SKU0018,,AJUSTE,95,2723.72
1803,2024-08-06,2,SKU0041,,SALIDA,14,5492.86
1804,2025-11-26,4,SKU0037,7,ENTRADA,95,10518.85
1805,2025-01-23,5,SKU0037,,AJUSTE,58,9770.5
1806,2024-06-04,1,SKU0032,,AJUSTE,65,2305.54
1807,2026-05-14,4,SKU0026,,AJUSTE,72,3651.39
1808,2025-05-25,2,SKU0002,,AJUSTE,38,2910.65
1809,2025-04-11,2,SKU0007,,AJUSTE,13,3364.02
1810,2024-11-25,4,SKU0007,,SALIDA,42,3011.11
1811,2025-12-02,4,SKU0027,5,ENTRADA,48,5931.9
1812,2024-08-02,2,SKU0008,,SALIDA,29,2473.93
1813,2024-07-30,4,SKU0009,,SALIDA,76,2210.39
1814,2025-01-12,2,SKU0026,8,ENTRADA,97,4395.97
1815,2025-12-28,3,SKU0038,,SALIDA,96,6066.09
1816,2024-11-05,4,SKU0020,,SALIDA,47,1282.08
1817,2026-03-22,5,SKU0004,,AJUSTE,79,7385.32
1818,2026-05-27,4,SKU0008,6,ENTRADA,84,2673.42
1819,2025-07-26,4,SKU0022,10,ENTRADA,55,1560.62
1820,2024-03-23,2,SKU0018,,SALIDA,11,2412.04
1821,2024-06-26,4,SKU0017,1,ENTRADA,54,8015.72
1822,2024-11-26,3,SKU0017,1,ENTRADA,48,7631.92
1823,2024-10-23,3,SKU0017,,SALIDA,88,8864.95
1824,2025-02-01,2,SKU0041,,AJUSTE,54,6767.77
1825,2024-01-01,3,SKU0019,,SALIDA,12,1773.13
1826,2025-10-12,1,SKU0037,7,ENTRADA,94,11773.74
1827,2025-02-13,1,SKU0036,,SALIDA,77,14000.72
1828,2024-07-29,2,SKU0028,1,ENTRADA,78,1704.82
1829,2024-01-23,2,SKU0036,,SALIDA,32,13310.03
1830,2026-04-11,2,SKU0021,,SALIDA,23,3138.74
1831,2026-02-02,1,SKU0027,,SALIDA,37,6819.79
1832,2024-09-27,3,SKU0008,,SALIDA,34,2803.99
1833,2025-12-20,1,SKU0018,10,ENTRADA,56,2961.66
1834,2025-10-30,3,SKU0013,5,ENTRADA,37,2817.77
1835,2025-07-12,3,SKU0023,,SALIDA,12,9226.49
1836,2025-02-22,4,SKU0010,6,ENTRADA,12,5501.55
1837,2025-06-29,1,SKU0017,,SALIDA,45,7930.93
1838,2025-06-05,5,SKU0001,,SALIDA,35,3017.38
1839,2025-07-23,3,SKU0041,8,ENTRADA,62,5993.18
1840,2025-09-19,4,SKU0024,,AJUSTE,65,1694.31
1841,2024-12-20,3,SKU0033,,AJUSTE,23,2137.22
1842,2025-10-15,2,SKU0029,,SALIDA,10,3887.74
1843,2024-05-09,2,SKU0013,,SALIDA,5,3098.04
1844,2025-06-28,5,SKU0012,4,ENTRADA,63,1475.77
1845,2024-03-20,2,SKU0007,6,ENTRADA,53,3219.86
1846,2026-03-25,2,SKU0029,1,ENTRADA,20,5224.9
1847,2024-05-29,4,SKU0009,,SALIDA,93,2162.09
1848,2026-04-25,4,SKU0019,,AJUSTE,43,2196.91
1849,2024-08-16,1,SKU0033,,AJUSTE,82,2228.6
1850,2025-05-25,5,SKU0025,,SALIDA,82,5150.01
1851,2024-04-26,5,SKU0019,10,ENTRADA,74,1580.55
1852,2025-08-10,5,SKU0039,8,ENTRADA,10,8352.05
1853,2026-03-26,3,SKU0032,,SALIDA,21,2691.5
1854,2025-10-30,4,SKU0026,,AJUSTE,34,4116.59
1855,2025-06-30,1,SKU0039,,SALIDA,30,8926.78
1856,2025-12-05,4,SKU0028,,AJUSTE,27,2213.35
1857,2024-10-15,2,SKU0003,1,ENTRADA,51,1264.31
1858,2025-01-31,1,SKU0014,,SALIDA,58,4116.65
1859,2025-09-12,2,SKU0022,,SALIDA,6,2052.48
1860,2024-03-25,5,SKU0036,7,ENTRADA,25,11739.83
1861,2026-06-08,3,SKU0042,5,ENTRADA,66,6416.48
1862,2024-08-24,4,SKU0026,,SALIDA,70,3924.58
1863,2025-05-30,2,SKU0011,,SALIDA,18,3057.6
1864,2026-05-08,5,SKU0008,6,ENTRADA,65,2950.66
1865,2024-04-04,3,SKU0040,5,ENTRADA,10,3089.18
1866,2026-02-25,2,SKU0018,,AJUSTE,62,3063.59
1867,2024-03-14,3,SKU0007,,SALIDA,32,3010.09
1868,2025-07-29,3,SKU0006,,AJUSTE,11,1385.74
1869,2026-06-14,4,SKU0025,5,ENTRADA,65,5072.38
1870,2025-03-22,2,SKU0012,,SALIDA,46,1264.32
1871,2025-02-03,1,SKU0026,8,ENTRADA,53,4358.79
1872,2025-12-10,2,SKU0042,5,ENTRADA,40,7803.7
1873,2026-03-15,5,SKU0032,,AJUSTE,17,2084.12
1874,2024-10-26,1,SKU0022,,AJUSTE,90,1506.14
1875,2024-02-19,1,SKU0028,1,ENTRADA,44,1620.01
1876,2024-03-25,2,SKU0027,5,ENTRADA,8,5640.51
1877,2024-12-04,1,SKU0003,,SALIDA,62,1581.51
1878,2026-06-19,4,SKU0038,1,ENTRADA,51,5569.88
1879,2026-07-01,5,SKU0040,5,ENTRADA,5,4142.91
1880,2024-04-24,4,SKU0040,,SALIDA,24,3906.64
1881,2025-12-23,5,SKU0028,,SALIDA,54,2320.15
1882,2025-07-05,5,SKU0004,1,ENTRADA,54,6406.55
1883,2024-08-02,5,SKU0026,8,ENTRADA,15,3345.0
1884,2025-07-01,2,SKU0029,,SALIDA,26,3757.25
1885,2024-10-08,1,SKU0030,,SALIDA,97,2063.38
1886,2025-10-01,2,SKU0002,,AJUSTE,2,3118.08
1887,2024-07-21,1,SKU0010,6,ENTRADA,44,6184.29
1888,2026-01-10,2,SKU0026,,SALIDA,6,4137.44
1889,2025-03-21,2,SKU0041,,SALIDA,64,5888.71
1890,2024-05-03,4,SKU0021,,AJUSTE,67,2634.36
1891,2025-10-12,5,SKU0034,9,ENTRADA,9,1937.67
1892,2025-01-23,2,SKU0030,,AJUSTE,16,2766.22
1893,2025-05-01,2,SKU0012,,AJUSTE,27,1315.31
1894,2025-11-05,4,SKU0037,7,ENTRADA,99,10157.31
1895,2026-05-02,1,SKU0003,,SALIDA,76,1744.59
1896,2024-07-08,5,SKU0016,,SALIDA,63,2605.43
1897,2024-07-23,3,SKU0024,8,ENTRADA,83,1304.25
1898,2025-03-08,4,SKU0035,,SALIDA,47,10787.5
1899,2025-01-02,5,SKU0030,9,ENTRADA,8,2451.42
1900,2024-06-29,5,SKU0041,8,ENTRADA,95,6718.2
1901,2026-07-30,2,SKU0028,,SALIDA,53,2503.78
1902,2025-04-16,2,SKU0034,,SALIDA,45,2021.16
1903,2025-01-17,3,SKU0041,8,ENTRADA,36,6948.26
1904,2024-12-14,5,SKU0022,10,ENTRADA,70,1686.28
1905,2026-07-25,1,SKU0003,,SALIDA,96,1639.53
1906,2024-12-22,5,SKU0003,,AJUSTE,7,1531.97
1907,2025-02-06,4,SKU0008,6,ENTRADA,13,2839.33
1908,2026-01-23,2,SKU0005,,SALIDA,76,6256.47
1909,2025-04-04,3,SKU0001,2,ENTRADA,27,2448.91
1910,2025-12-23,4,SKU0024,,AJUSTE,54,1507.32
1911,2025-09-15,1,SKU0008,6,ENTRADA,40,2650.79
1912,2025-08-03,5,SKU0006,2,ENTRADA,27,1538.44
1913,2024-08-30,4,SKU0001,2,ENTRADA,23,2705.18
1914,2026-01-24,1,SKU0025,,AJUSTE,27,4523.62
1915,2026-06-05,3,SKU0025,5,ENTRADA,98,5018.13
1916,2024-10-13,2,SKU0015,1,ENTRADA,49,2844.49
1917,2026-07-02,5,SKU0004,1,ENTRADA,25,5967.79
1918,2025-04-20,4,SKU0005,2,ENTRADA,89,5374.12
1919,2025-03-04,5,SKU0039,,SALIDA,41,9098.76
1920,2025-12-23,1,SKU0017,,SALIDA,98,8036.98
1921,2026-07-18,5,SKU0041,,SALIDA,4,6905.53
1922,2025-09-03,1,SKU0039,8,ENTRADA,97,10085.77
1923,2025-06-23,4,SKU0027,5,ENTRADA,82,5781.09
1924,2026-07-26,2,SKU0027,,SALIDA,77,6238.16
1925,2024-12-02,4,SKU0031,9,ENTRADA,47,1876.56
1926,2024-12-01,2,SKU0008,6,ENTRADA,20,2694.53
1927,2024-09-08,4,SKU0034,,SALIDA,13,1682.59
1928,2026-04-10,3,SKU0027,,SALIDA,3,5837.06
1929,2024-01-26,2,SKU0038,1,ENTRADA,47,6031.81
1930,2026-03-14,4,SKU0029,,SALIDA,11,4916.58
1931,2025-11-26,1,SKU0038,,SALIDA,61,5075.46
1932,2024-11-06,2,SKU0022,10,ENTRADA,17,1800.94
1933,2025-07-25,5,SKU0040,,SALIDA,89,4144.58
1934,2025-07-28,2,SKU0023,,SALIDA,16,8553.88
1935,2026-06-04,5,SKU0030,,AJUSTE,91,2964.69
1936,2024-06-25,5,SKU0034,9,ENTRADA,52,2139.4
1937,2024-02-15,2,SKU0036,7,ENTRADA,62,14808.8
1938,2025-01-20,1,SKU0021,10,ENTRADA,9,2466.61
1939,2024-06-08,1,SKU0017,1,ENTRADA,38,8974.47
1940,2025-02-01,3,SKU0033,,SALIDA,40,2489.82
1941,2025-08-21,2,SKU0029,1,ENTRADA,87,4938.21
1942,2024-09-20,1,SKU0029,,SALIDA,92,3736.99
1943,2026-03-05,1,SKU0037,,SALIDA,52,11882.24
1944,2024-04-18,3,SKU0020,5,ENTRADA,70,1426.87
1945,2025-03-06,2,SKU0001,,SALIDA,1,2987.08
1946,2026-05-29,1,SKU0042,,SALIDA,52,8428.4
1947,2025-12-29,4,SKU0006,2,ENTRADA,50,1427.13
1948,2025-12-21,1,SKU0042,5,ENTRADA,14,7391.74
1949,2026-02-18,2,SKU0029,,AJUSTE,29,5194.2
1950,2024-07-15,1,SKU0034,,SALIDA,21,1667.77
1951,2026-03-17,3,SKU0016,,SALIDA,76,2692.39
1952,2025-11-26,3,SKU0028,1,ENTRADA,4,1772.6
1953,2025-08-15,3,SKU0005,,SALIDA,17,5932.33
1954,2026-05-21,4,SKU0004,,AJUSTE,20,7527.76
1955,2025-09-02,1,SKU0005,,SALIDA,36,4965.7
1956,2024-12-01,3,SKU0012,4,ENTRADA,16,1261.46
1957,2025-12-27,3,SKU0031,,SALIDA,85,2170.57
1958,2025-08-15,2,SKU0028,,SALIDA,97,2065.25
1959,2024-04-03,2,SKU0009,1,ENTRADA,83,2159.29
1960,2024-03-08,2,SKU0019,10,ENTRADA,11,1649.82
1961,2026-01-29,3,SKU0033,,SALIDA,8,2141.51
1962,2025-01-13,3,SKU0039,8,ENTRADA,81,9768.29
1963,2026-03-10,2,SKU0040,5,ENTRADA,36,4586.69
1964,2025-03-22,4,SKU0028,,SALIDA,19,1773.22
1965,2026-04-20,3,SKU0032,,SALIDA,33,2213.82
1966,2026-04-22,1,SKU0015,,SALIDA,97,4194.79
1967,2024-09-13,3,SKU0038,1,ENTRADA,56,4621.0
1968,2025-10-25,3,SKU0021,10,ENTRADA,13,2821.64
1969,2025-09-09,4,SKU0014,5,ENTRADA,29,4171.99
1970,2024-01-14,4,SKU0019,10,ENTRADA,81,1484.7
1971,2026-02-04,4,SKU0001,,AJUSTE,77,3166.09
1972,2025-02-17,4,SKU0003,,AJUSTE,55,1596.77
1973,2024-12-05,4,SKU0021,,SALIDA,7,2174.72
1974,2024-02-20,2,SKU0034,9,ENTRADA,36,1713.89
1975,2025-07-13,3,SKU0021,,SALIDA,63,2506.28
1976,2024-06-20,2,SKU0032,9,ENTRADA,35,2140.32
1977,2025-06-09,5,SKU0024,,SALIDA,32,1591.01
1978,2024-09-06,4,SKU0039,8,ENTRADA,13,8946.92
1979,2024-03-02,3,SKU0033,9,ENTRADA,47,2223.74
1980,2025-12-27,4,SKU0005,,SALIDA,7,5046.91
1981,2025-02-28,5,SKU0001,2,ENTRADA,61,2270.2
1982,2025-04-19,5,SKU0008,,SALIDA,80,2644.18
1983,2025-09-02,4,SKU0037,,SALIDA,83,9133.9
1984,2025-06-11,3,SKU0040,5,ENTRADA,73,3242.36
1985,2024-09-08,1,SKU0023,,AJUSTE,45,8341.38
1986,2024-11-20,2,SKU0037,,AJUSTE,9,10038.75
1987,2025-03-01,2,SKU0029,,SALIDA,51,4362.14
1988,2024-06-01,2,SKU0026,,AJUSTE,78,3723.62
1989,2024-04-07,3,SKU0012,4,ENTRADA,55,1549.76
1990,2025-08-11,1,SKU0007,,AJUSTE,45,3900.78
1991,2024-03-01,4,SKU0003,1,ENTRADA,95,1424.71
1992,2025-03-06,5,SKU0042,5,ENTRADA,66,8050.48
1993,2024-04-10,1,SKU0042,,SALIDA,65,7098.12
1994,2025-06-09,1,SKU0006,2,ENTRADA,86,1785.84
1995,2026-01-31,5,SKU0030,,SALIDA,78,2340.53
1996,2024-05-30,2,SKU0036,7,ENTRADA,27,11905.84
1997,2024-06-04,2,SKU0006,,SALIDA,50,1488.58
1998,2025-07-30,3,SKU0009,1,ENTRADA,89,2524.66
1999,2025-05-27,5,SKU0014,,SALIDA,97,4479.56
2000,2025-10-25,4,SKU0008,6,ENTRADA,89,2696.81
2001,2024-08-09,3,SKU0008,6,ENTRADA,25,2362.83
2002,2025-09-22,4,SKU0012,,SALIDA,25,1302.29
2003,2025-12-30,4,SKU0021,10,ENTRADA,90,2656.86
2004,2024-10-05,2,SKU0017,1,ENTRADA,87,9479.32
2005,2024-03-26,1,SKU0010,,AJUSTE,33,5048.43
2006,2026-02-03,5,SKU0029,1,ENTRADA,62,4335.7
2007,2024-12-21,5,SKU0024,,SALIDA,9,1549.1
2008,2026-06-03,3,SKU0040,5,ENTRADA,44,3500.52
2009,2024-04-15,5,SKU0022,10,ENTRADA,85,1928.81
2010,2025-11-11,2,SKU0022,10,ENTRADA,99,1861.82
2011,2025-03-29,5,SKU0023,,SALIDA,64,9368.25
2012,2025-01-13,2,SKU0039,,SALIDA,38,9682.58
2013,2024-12-18,4,SKU0012,4,ENTRADA,59,1400.69
2014,2025-09-01,2,SKU0030,9,ENTRADA,67,2638.46
2015,2024-01-29,4,SKU0007,6,ENTRADA,17,3333.0
2016,2024-12-05,2,SKU0006,,SALIDA,14,1311.91
2017,2026-07-22,1,SKU0041,8,ENTRADA,84,6181.13
2018,2025-09-22,1,SKU0007,,SALIDA,43,3172.74
2019,2026-07-24,2,SKU0003,,SALIDA,52,1899.42
2020,2025-04-15,5,SKU0018,,SALIDA,92,2994.26
2021,2024-06-16,2,SKU0007,6,ENTRADA,18,3572.78
2022,2024-02-24,2,SKU0009,1,ENTRADA,22,2486.32
2023,2026-03-11,4,SKU0036,7,ENTRADA,68,16182.05
2024,2024-08-13,1,SKU0031,,AJUSTE,39,1892.61
2025,2025-02-08,2,SKU0007,,SALIDA,2,4032.7
2026,2026-01-18,5,SKU0023,,SALIDA,67,8835.75
2027,2026-04-08,2,SKU0040,5,ENTRADA,29,4624.83
2028,2024-05-11,4,SKU0008,,AJUSTE,24,2254.64
2029,2024-03-07,1,SKU0042,,AJUSTE,1,6734.54
2030,2026-06-22,2,SKU0039,,SALIDA,9,9492.02
2031,2026-06-05,2,SKU0040,5,ENTRADA,58,4490.56
2032,2026-04-21,3,SKU0020,,AJUSTE,70,1753.83
2033,2026-03-13,5,SKU0016,4,ENTRADA,26,2747.07
2034,2024-01-17,4,SKU0018,10,ENTRADA,70,2298.64
2035,2025-11-30,2,SKU0015,,SALIDA,8,3694.83
2036,2024-05-09,3,SKU0037,,SALIDA,22,9351.97
2037,2025-04-23,3,SKU0024,,SALIDA,4,1594.81
2038,2024-01-28,1,SKU0032,9,ENTRADA,42,2271.54
2039,2024-08-24,3,SKU0023,,AJUSTE,67,7430.84
2040,2025-07-11,3,SKU0014,,AJUSTE,93,3506.87
2041,2024-08-18,5,SKU0008,6,ENTRADA,86,2578.22
2042,2025-06-28,5,SKU0012,4,ENTRADA,67,1684.09
2043,2024-10-18,2,SKU0004,,AJUSTE,36,5835.88
2044,2025-05-23,5,SKU0038,1,ENTRADA,44,5845.15
2045,2025-12-26,2,SKU0023,,SALIDA,9,10440.47
2046,2024-06-11,3,SKU0028,1,ENTRADA,42,2107.87
2047,2025-12-03,2,SKU0016,4,ENTRADA,58,2817.44
2048,2024-01-22,4,SKU0025,,SALIDA,88,5025.55
2049,2025-08-22,4,SKU0004,1,ENTRADA,98,7091.52
2050,2025-11-04,1,SKU0006,,AJUSTE,9,1734.32
2051,2024-02-22,1,SKU0006,,AJUSTE,43,1420.0
2052,2024-07-12,1,SKU0015,,AJUSTE,32,3240.07
2053,2024-11-14,2,SKU0008,,SALIDA,88,2189.52
2054,2026-02-14,4,SKU0032,,AJUSTE,10,2680.22
2055,2025-09-24,2,SKU0001,,SALIDA,74,2772.44
2056,2024-03-05,1,SKU0014,,SALIDA,13,4059.26
2057,2025-10-27,2,SKU0038,1,ENTRADA,2,5435.86
2058,2024-01-10,5,SKU0024,8,ENTRADA,6,1484.34
2059,2025-02-23,4,SKU0007,6,ENTRADA,35,3454.67
2060,2024-11-01,2,SKU0020,,SALIDA,56,1522.09
2061,2026-04-07,2,SKU0031,9,ENTRADA,47,2685.52
2062,2025-11-01,1,SKU0021,,SALIDA,43,2939.27
2063,2026-04-17,5,SKU0037,7,ENTRADA,43,12306.09
2064,2024-01-23,4,SKU0015,,SALIDA,80,3385.74
2065,2026-04-20,1,SKU0009,,SALIDA,21,2888.65
2066,2025-10-22,5,SKU0003,,SALIDA,62,1583.39
2067,2024-09-18,1,SKU0039,8,ENTRADA,41,9026.75
2068,2025-02-15,1,SKU0021,,AJUSTE,13,2721.06
2069,2026-07-13,5,SKU0027,,SALIDA,36,6143.67
2070,2024-04-27,4,SKU0021,,AJUSTE,100,2150.38
2071,2024-12-14,3,SKU0029,,SALIDA,24,3451.68
2072,2026-04-19,3,SKU0021,10,ENTRADA,82,2738.18
2073,2025-07-05,3,SKU0006,,SALIDA,54,1617.17
2074,2024-07-29,1,SKU0018,,AJUSTE,23,2238.8
2075,2025-06-08,4,SKU0026,,SALIDA,77,4148.72
2076,2025-04-30,1,SKU0016,4,ENTRADA,10,2379.26
2077,2026-06-05,1,SKU0017,,SALIDA,5,9359.33
2078,2024-01-26,5,SKU0041,8,ENTRADA,50,6084.14
2079,2024-10-06,5,SKU0002,3,ENTRADA,33,3038.75
2080,2025-07-03,4,SKU0018,,SALIDA,40,2811.47
2081,2024-12-30,1,SKU0001,2,ENTRADA,6,2765.99
2082,2025-02-28,1,SKU0003,,SALIDA,92,1517.93
2083,2024-06-28,3,SKU0023,,AJUSTE,60,8088.41
2084,2025-01-12,3,SKU0014,,AJUSTE,57,3814.24
2085,2025-01-17,4,SKU0024,8,ENTRADA,37,1871.76
2086,2025-09-30,5,SKU0036,,AJUSTE,19,15521.61
2087,2024-09-24,4,SKU0026,8,ENTRADA,41,3512.83
2088,2026-07-15,1,SKU0004,1,ENTRADA,68,5830.1
2089,2025-06-08,5,SKU0031,,SALIDA,95,1952.09
2090,2026-03-06,1,SKU0033,9,ENTRADA,86,2622.56
2091,2025-10-01,3,SKU0025,5,ENTRADA,88,5077.73
2092,2026-04-29,5,SKU0004,1,ENTRADA,48,6930.74
2093,2026-05-08,1,SKU0039,,SALIDA,31,8690.9
2094,2026-03-08,4,SKU0002,3,ENTRADA,100,3247.26
2095,2024-02-05,4,SKU0005,,SALIDA,62,5771.07
2096,2025-07-26,4,SKU0031,9,ENTRADA,99,2472.37
2097,2024-11-10,1,SKU0007,6,ENTRADA,100,3572.99
2098,2024-06-22,1,SKU0016,,AJUSTE,59,2332.48
2099,2026-05-13,2,SKU0004,,SALIDA,40,7761.02
2100,2025-10-29,4,SKU0007,,AJUSTE,33,3964.28
2101,2024-04-13,4,SKU0018,,AJUSTE,54,2426.29
2102,2025-02-17,5,SKU0042,,AJUSTE,98,6328.83
2103,2026-07-01,1,SKU0020,,AJUSTE,30,1555.67
2104,2025-09-18,1,SKU0005,2,ENTRADA,57,5682.96
2105,2025-10-01,3,SKU0018,,SALIDA,92,2877.3
2106,2024-09-14,5,SKU0011,,SALIDA,96,2981.65
2107,2024-09-28,1,SKU0037,,SALIDA,39,11387.51
2108,2024-06-23,3,SKU0037,7,ENTRADA,1,10172.76
2109,2026-07-09,4,SKU0020,,SALIDA,98,1915.39
2110,2026-05-23,4,SKU0017,1,ENTRADA,75,8772.09
2111,2024-12-26,5,SKU0019,,AJUSTE,64,1721.28
2112,2025-07-15,4,SKU0042,5,ENTRADA,62,6798.16
2113,2024-08-21,4,SKU0041,,SALIDA,33,6486.66
2114,2024-06-08,2,SKU0031,,SALIDA,68,1788.98
2115,2025-07-14,3,SKU0016,4,ENTRADA,45,2289.21
2116,2026-02-24,5,SKU0007,,SALIDA,16,3681.21
2117,2026-04-16,5,SKU0035,,SALIDA,40,11042.73
2118,2024-12-08,4,SKU0030,,SALIDA,89,2590.28
2119,2025-12-08,5,SKU0004,1,ENTRADA,76,5568.75
2120,2025-06-28,3,SKU0013,5,ENTRADA,49,3480.95
2121,2024-06-04,3,SKU0009,,AJUSTE,85,2311.08
2122,2026-07-28,1,SKU0014,,SALIDA,56,4771.37
2123,2026-07-13,1,SKU0032,,AJUSTE,46,2282.73
2124,2024-06-15,3,SKU0029,,AJUSTE,15,3442.44
2125,2026-06-10,4,SKU0024,8,ENTRADA,94,1770.84
2126,2026-05-29,4,SKU0027,5,ENTRADA,85,6106.02
2127,2024-12-16,4,SKU0018,,SALIDA,62,2933.36
2128,2025-07-29,3,SKU0008,6,ENTRADA,46,2986.17
2129,2026-06-22,1,SKU0030,9,ENTRADA,47,3034.28
2130,2024-05-17,1,SKU0002,,SALIDA,48,3192.93
2131,2024-12-16,5,SKU0017,,SALIDA,5,8813.74
2132,2026-04-30,5,SKU0040,,AJUSTE,42,4010.36
2133,2025-12-24,2,SKU0021,,SALIDA,50,3069.56
2134,2026-01-24,4,SKU0014,,SALIDA,35,4862.61
2135,2026-04-30,3,SKU0036,,SALIDA,44,16089.44
2136,2025-03-20,4,SKU0042,,SALIDA,97,7393.92
2137,2025-03-17,2,SKU0014,,SALIDA,89,3716.43
2138,2025-04-16,1,SKU0012,,SALIDA,4,1687.36
2139,2026-06-10,2,SKU0022,10,ENTRADA,88,1919.59
2140,2026-05-11,4,SKU0031,9,ENTRADA,68,2497.52
2141,2026-06-10,4,SKU0010,,SALIDA,74,6153.97
2142,2024-11-03,5,SKU0033,,SALIDA,8,2291.99
2143,2026-02-05,5,SKU0036,,SALIDA,21,16102.46
2144,2024-05-05,4,SKU0042,,SALIDA,3,5969.51
2145,2024-07-28,5,SKU0028,,AJUSTE,4,2052.02
2146,2026-01-22,4,SKU0012,,SALIDA,88,1776.32
2147,2025-09-18,5,SKU0017,1,ENTRADA,83,10269.06
2148,2024-10-27,3,SKU0039,8,ENTRADA,89,8149.14
2149,2025-08-07,4,SKU0004,,AJUSTE,51,6890.82
2150,2024-09-18,3,SKU0028,1,ENTRADA,62,1882.52
2151,2024-09-19,5,SKU0030,,SALIDA,18,2119.74
2152,2025-11-24,4,SKU0007,,SALIDA,73,4044.57
2153,2025-01-24,1,SKU0038,,SALIDA,25,6613.77
2154,2025-11-25,5,SKU0028,,SALIDA,3,2270.85
2155,2025-05-17,2,SKU0031,,SALIDA,78,2018.89
2156,2025-06-09,1,SKU0003,,SALIDA,78,1355.5
2157,2025-09-11,5,SKU0028,,SALIDA,68,1771.55
2158,2025-12-13,5,SKU0040,5,ENTRADA,27,3280.06
2159,2025-02-08,1,SKU0003,,AJUSTE,9,1414.4
2160,2026-04-08,5,SKU0020,5,ENTRADA,19,1568.01
2161,2025-05-30,3,SKU0031,9,ENTRADA,23,2471.03
2162,2024-06-07,5,SKU0028,1,ENTRADA,98,2047.42
2163,2024-08-06,3,SKU0040,5,ENTRADA,71,2974.08
2164,2024-02-08,5,SKU0025,,SALIDA,79,4641.18
2165,2026-01-24,2,SKU0008,,AJUSTE,39,2853.48
2166,2024-01-18,1,SKU0017,1,ENTRADA,9,9726.39
2167,2024-10-30,2,SKU0035,,AJUSTE,60,11155.62
2168,2025-03-19,3,SKU0007,,SALIDA,46,3607.33
2169,2026-01-05,1,SKU0007,6,ENTRADA,4,4129.28
2170,2026-07-22,5,SKU0015,1,ENTRADA,48,3889.18
2171,2026-01-18,4,SKU0025,,SALIDA,83,5327.46
2172,2024-03-20,2,SKU0010,,AJUSTE,38,6152.6
2173,2026-06-05,2,SKU0036,,SALIDA,46,16773.07
2174,2026-07-20,2,SKU0019,,AJUSTE,65,1829.95
2175,2026-04-20,4,SKU0016,,SALIDA,31,2628.58
2176,2025-05-29,3,SKU0036,7,ENTRADA,95,12872.65
2177,2024-12-22,4,SKU0012,,SALIDA,18,1442.19
2178,2025-04-30,4,SKU0006,,AJUSTE,27,1782.01
2179,2024-10-05,2,SKU0026,,SALIDA,6,4068.67
2180,2025-03-11,3,SKU0022,10,ENTRADA,21,1777.73
2181,2024-02-20,5,SKU0040,5,ENTRADA,36,3900.87
2182,2025-12-30,3,SKU0042,,AJUSTE,32,7432.5
2183,2025-02-15,4,SKU0010,,AJUSTE,92,5973.14
2184,2024-12-12,5,SKU0032,9,ENTRADA,94,2021.32
2185,2025-09-17,5,SKU0034,,SALIDA,77,1839.02
2186,2026-01-05,5,SKU0011,,SALIDA,57,2915.74
2187,2025-09-01,4,SKU0032,,SALIDA,64,2370.76
2188,2025-06-30,5,SKU0025,5,ENTRADA,7,4536.4
2189,2026-04-27,4,SKU0029,1,ENTRADA,77,4503.1
2190,2026-02-12,4,SKU0040,,SALIDA,24,4481.06
2191,2025-06-26,1,SKU0019,,SALIDA,63,1663.42
2192,2025-04-24,1,SKU0033,9,ENTRADA,3,2033.89
2193,2026-03-18,1,SKU0017,1,ENTRADA,59,10738.13
2194,2024-02-21,1,SKU0037,7,ENTRADA,77,10788.31
2195,2026-07-28,2,SKU0018,10,ENTRADA,59,2609.79
2196,2025-06-24,4,SKU0012,,SALIDA,57,1475.6
2197,2025-03-02,3,SKU0007,,AJUSTE,51,3209.78
2198,2025-12-30,3,SKU0023,5,ENTRADA,11,9297.51
2199,2025-07-29,2,SKU0024,8,ENTRADA,85,1414.73
2200,2025-06-21,3,SKU0008,,AJUSTE,39,2620.28
2201,2025-10-05,2,SKU0029,1,ENTRADA,29,4324.38
2202,2024-03-01,1,SKU0003,,SALIDA,36,1459.58
2203,2024-11-21,4,SKU0006,,SALIDA,54,1702.72
2204,2025-03-05,2,SKU0032,9,ENTRADA,24,2474.79
2205,2024-12-04,2,SKU0029,,SALIDA,28,3702.7
2206,2026-03-19,4,SKU0039,8,ENTRADA,11,10918.04
2207,2025-05-03,1,SKU0001,,SALIDA,73,2395.88
2208,2025-03-28,1,SKU0011,,AJUSTE,79,3350.64
2209,2025-09-19,3,SKU0011,1,ENTRADA,1,2944.31
2210,2024-03-07,5,SKU0014,,SALIDA,43,3442.71
2211,2025-06-22,4,SKU0038,,SALIDA,7,5228.72
2212,2024-06-12,3,SKU0042,5,ENTRADA,35,5999.1
2213,2026-03-21,1,SKU0035,,SALIDA,61,9803.77
2214,2025-04-24,1,SKU0036,7,ENTRADA,39,13282.54
2215,2025-12-21,3,SKU0006,2,ENTRADA,9,1728.87
2216,2024-05-12,3,SKU0037,,AJUSTE,81,9658.72
2217,2026-02-05,4,SKU0010,,SALIDA,77,7060.92
2218,2026-06-14,4,SKU0018,,SALIDA,78,2963.93
2219,2025-12-01,3,SKU0004,,SALIDA,65,6969.8
2220,2024-06-04,4,SKU0022,10,ENTRADA,41,1675.54
2221,2025-03-19,3,SKU0001,2,ENTRADA,23,2508.88
2222,2025-04-24,1,SKU0017,,SALIDA,76,10191.1
2223,2024-07-21,4,SKU0033,9,ENTRADA,100,2156.92
2224,2025-08-28,3,SKU0032,,SALIDA,14,2337.45
2225,2025-12-13,4,SKU0011,,SALIDA,14,3295.3
2226,2024-08-16,5,SKU0020,,AJUSTE,13,1441.03
2227,2025-04-27,5,SKU0024,8,ENTRADA,10,1658.76
2228,2024-10-09,3,SKU0022,,SALIDA,6,1719.46
2229,2025-11-28,4,SKU0026,,AJUSTE,49,4284.33
2230,2026-05-21,1,SKU0021,,SALIDA,35,3066.03
2231,2026-02-21,3,SKU0006,,SALIDA,96,1530.32
2232,2025-12-18,2,SKU0017,,SALIDA,64,9950.14
2233,2024-05-23,5,SKU0002,,AJUSTE,8,2966.98
2234,2024-05-13,1,SKU0003,,SALIDA,16,1310.03
2235,2025-04-22,4,SKU0033,9,ENTRADA,53,2184.1
2236,2025-01-28,4,SKU0040,5,ENTRADA,38,3384.79
2237,2025-06-28,4,SKU0005,,AJUSTE,86,5468.25
2238,2025-02-19,2,SKU0019,10,ENTRADA,57,2086.48
2239,2026-02-16,1,SKU0035,,SALIDA,84,9551.71
2240,2025-06-17,5,SKU0028,1,ENTRADA,34,1871.08
2241,2026-06-23,5,SKU0024,,SALIDA,20,1813.5
2242,2025-02-13,5,SKU0015,,SALIDA,51,3414.01
2243,2025-02-15,1,SKU0007,,SALIDA,33,3101.22
2244,2026-01-27,1,SKU0030,,SALIDA,5,2251.23
2245,2026-05-25,4,SKU0032,9,ENTRADA,11,2475.22
2246,2025-08-05,3,SKU0030,9,ENTRADA,91,2654.37
2247,2025-10-31,1,SKU0001,,SALIDA,61,2708.95
2248,2024-06-20,5,SKU0012,,SALIDA,48,1307.29
2249,2026-04-21,1,SKU0028,,AJUSTE,81,2129.19
2250,2024-07-21,4,SKU0031,9,ENTRADA,56,2033.84
2251,2025-12-13,1,SKU0009,,AJUSTE,93,2123.81
2252,2025-03-25,5,SKU0012,4,ENTRADA,39,1501.29
2253,2024-12-09,3,SKU0008,6,ENTRADA,2,2886.53
2254,2026-01-27,2,SKU0038,1,ENTRADA,47,5613.29
2255,2025-04-19,3,SKU0012,,AJUSTE,63,1478.13
2256,2025-10-02,4,SKU0013,,SALIDA,36,3429.09
2257,2024-05-16,5,SKU0004,,AJUSTE,14,5257.04
2258,2024-05-31,3,SKU0003,,AJUSTE,75,1565.7
2259,2024-08-17,4,SKU0019,,SALIDA,76,1811.95
2260,2025-09-28,5,SKU0035,7,ENTRADA,12,9422.9
2261,2024-10-12,3,SKU0011,,SALIDA,17,2417.31
2262,2025-05-01,4,SKU0014,5,ENTRADA,96,3400.41
2263,2026-04-10,5,SKU0036,7,ENTRADA,20,14357.46
2264,2025-07-16,1,SKU0003,,SALIDA,84,1400.83
2265,2024-01-07,4,SKU0004,1,ENTRADA,59,5062.08
2266,2026-05-02,3,SKU0024,,AJUSTE,46,1926.55
2267,2024-09-26,1,SKU0040,,SALIDA,16,3392.74
2268,2025-08-27,1,SKU0025,,SALIDA,91,4713.39
2269,2025-05-16,4,SKU0037,,SALIDA,70,11911.85
2270,2025-03-16,4,SKU0013,5,ENTRADA,17,3424.63
2271,2024-04-04,4,SKU0016,,AJUSTE,63,2174.13
2272,2025-09-07,1,SKU0010,,AJUSTE,19,5445.69
2273,2024-10-03,3,SKU0018,10,ENTRADA,71,2995.34
2274,2025-07-20,4,SKU0002,,AJUSTE,35,2574.56
2275,2025-09-25,5,SKU0029,,SALIDA,27,4786.96
2276,2025-07-29,5,SKU0042,,SALIDA,13,7705.2
2277,2026-03-17,2,SKU0035,,SALIDA,16,12126.16
2278,2024-02-29,1,SKU0004,,SALIDA,50,5530.7
2279,2024-06-18,5,SKU0019,,SALIDA,31,1872.86
2280,2025-10-26,2,SKU0037,7,ENTRADA,97,9094.19
2281,2024-02-14,1,SKU0028,1,ENTRADA,90,2065.92
2282,2026-04-09,4,SKU0042,5,ENTRADA,91,7618.14
2283,2025-11-07,4,SKU0041,8,ENTRADA,50,5870.28
2284,2026-03-27,4,SKU0016,,SALIDA,80,3050.25
2285,2024-11-29,3,SKU0019,,SALIDA,79,1938.31
2286,2026-05-31,3,SKU0041,,AJUSTE,32,5868.06
2287,2024-02-29,1,SKU0031,9,ENTRADA,63,2179.11
2288,2025-03-23,1,SKU0037,7,ENTRADA,59,10478.99
2289,2024-07-21,1,SKU0024,8,ENTRADA,1,1580.39
2290,2025-11-11,3,SKU0004,1,ENTRADA,16,7071.35
2291,2025-09-17,3,SKU0035,,SALIDA,43,9817.08
2292,2025-11-28,5,SKU0014,,AJUSTE,100,3382.79
2293,2025-09-02,2,SKU0019,,SALIDA,40,1553.64
2294,2026-02-13,5,SKU0011,1,ENTRADA,65,3075.5
2295,2024-07-20,4,SKU0001,2,ENTRADA,45,2329.2
2296,2025-04-28,1,SKU0012,,SALIDA,89,1300.52
2297,2025-08-18,3,SKU0035,7,ENTRADA,41,11566.92
2298,2026-06-09,1,SKU0004,1,ENTRADA,43,6075.63
2299,2024-04-19,1,SKU0030,9,ENTRADA,57,2312.0
2300,2024-11-30,3,SKU0031,9,ENTRADA,93,1991.32
2301,2025-02-02,5,SKU0014,5,ENTRADA,68,4163.68
2302,2025-02-13,5,SKU0006,2,ENTRADA,46,1749.33
2303,2024-03-22,1,SKU0019,10,ENTRADA,3,1933.24
2304,2025-04-01,4,SKU0001,,SALIDA,81,3013.52
2305,2025-07-22,3,SKU0018,10,ENTRADA,43,2732.93
2306,2024-11-23,2,SKU0039,8,ENTRADA,99,7608.54
2307,2024-06-04,5,SKU0027,5,ENTRADA,100,5388.2
2308,2025-11-30,5,SKU0037,,SALIDA,58,9821.22
2309,2024-11-04,5,SKU0030,9,ENTRADA,6,2322.15
2310,2025-07-01,3,SKU0010,6,ENTRADA,27,6236.08
2311,2025-06-29,1,SKU0025,,SALIDA,53,4393.56
2312,2025-12-01,4,SKU0003,1,ENTRADA,20,1464.8
2313,2025-09-18,2,SKU0008,,SALIDA,27,2822.18
2314,2024-05-07,5,SKU0020,5,ENTRADA,18,1561.78
2315,2025-12-26,1,SKU0035,,AJUSTE,29,11732.35
2316,2025-10-04,5,SKU0025,,SALIDA,25,4739.21
2317,2026-07-22,4,SKU0014,,SALIDA,87,4545.21
2318,2025-05-23,3,SKU0006,,SALIDA,89,1859.53
2319,2025-11-25,3,SKU0018,,SALIDA,71,3019.14
2320,2026-06-11,1,SKU0024,,AJUSTE,75,1626.9
2321,2026-07-21,3,SKU0007,,SALIDA,90,3459.94
2322,2024-11-17,1,SKU0042,,AJUSTE,58,6734.74
2323,2025-09-15,4,SKU0038,,SALIDA,100,5331.09
2324,2024-12-15,2,SKU0003,1,ENTRADA,2,1333.72
2325,2025-06-30,2,SKU0014,5,ENTRADA,89,4019.82
2326,2026-07-28,2,SKU0041,8,ENTRADA,85,6938.79
2327,2025-01-19,2,SKU0001,,SALIDA,4,2755.68
2328,2024-05-29,4,SKU0010,6,ENTRADA,34,4739.92
2329,2025-08-02,2,SKU0020,,AJUSTE,56,1839.44
2330,2025-06-25,5,SKU0028,,SALIDA,60,1757.77
2331,2025-10-06,2,SKU0032,,SALIDA,6,2337.11
2332,2025-05-31,3,SKU0030,,SALIDA,94,2474.74
2333,2024-07-22,4,SKU0027,5,ENTRADA,53,5595.96
2334,2025-09-15,2,SKU0023,,SALIDA,25,9150.97
2335,2025-12-11,5,SKU0036,7,ENTRADA,26,12641.6
2336,2026-07-16,5,SKU0003,,SALIDA,4,1450.12
2337,2024-01-02,5,SKU0038,1,ENTRADA,38,5335.47
2338,2024-01-29,4,SKU0004,,SALIDA,13,5892.55
2339,2025-10-01,2,SKU0026,8,ENTRADA,1,3943.0
2340,2024-05-17,4,SKU0041,8,ENTRADA,52,5778.71
2341,2026-04-04,5,SKU0012,4,ENTRADA,55,1614.28
2342,2026-02-24,4,SKU0037,7,ENTRADA,2,11105.83
2343,2026-07-31,5,SKU0026,,AJUSTE,9,4640.31
2344,2025-03-20,4,SKU0011,,AJUSTE,7,2847.27
2345,2024-12-30,3,SKU0011,1,ENTRADA,70,2942.91
2346,2025-07-31,3,SKU0025,,AJUSTE,3,4726.71
2347,2025-10-11,4,SKU0005,,AJUSTE,18,4883.4
2348,2024-01-14,1,SKU0019,,AJUSTE,79,1838.81
2349,2024-08-15,4,SKU0039,8,ENTRADA,28,7528.08
2350,2024-11-12,1,SKU0036,,AJUSTE,28,11997.33
2351,2026-02-15,5,SKU0001,,AJUSTE,45,3198.83
2352,2024-12-07,3,SKU0017,,AJUSTE,59,8582.55
2353,2025-06-13,3,SKU0003,,AJUSTE,32,1412.35
2354,2024-12-21,3,SKU0027,,AJUSTE,49,6308.85
2355,2024-01-08,2,SKU0030,,SALIDA,8,2052.96
2356,2025-11-23,1,SKU0014,,AJUSTE,89,3418.85
2357,2025-01-06,4,SKU0028,,SALIDA,8,1934.21
2358,2025-12-22,5,SKU0041,,AJUSTE,61,6567.7
2359,2025-09-22,2,SKU0020,5,ENTRADA,68,1624.35
2360,2024-02-04,1,SKU0036,7,ENTRADA,57,13030.67
2361,2024-07-18,3,SKU0042,5,ENTRADA,57,5713.83
2362,2024-12-27,5,SKU0027,,AJUSTE,64,4769.77
2363,2025-01-03,3,SKU0006,,SALIDA,63,1645.26
2364,2025-11-11,1,SKU0041,8,ENTRADA,81,6758.96
2365,2026-05-28,1,SKU0013,,SALIDA,22,3872.0
2366,2026-02-21,4,SKU0008,,SALIDA,50,3358.97
2367,2025-10-19,4,SKU0018,,AJUSTE,78,2601.97
2368,2025-05-21,2,SKU0017,1,ENTRADA,15,9123.45
2369,2025-10-02,2,SKU0035,,SALIDA,29,11181.17
2370,2026-05-09,3,SKU0003,,AJUSTE,62,1610.84
2371,2025-07-10,1,SKU0009,,AJUSTE,40,2609.69
2372,2024-12-31,5,SKU0029,,SALIDA,92,4545.22
2373,2026-02-10,1,SKU0017,1,ENTRADA,43,9640.5
2374,2025-03-20,4,SKU0019,,SALIDA,18,1605.43
2375,2026-01-05,4,SKU0040,,AJUSTE,85,3833.26
2376,2026-03-25,3,SKU0028,1,ENTRADA,41,2447.48
2377,2024-11-30,2,SKU0020,,SALIDA,43,1523.62
2378,2025-12-22,4,SKU0028,,SALIDA,23,2116.88
2379,2024-12-14,5,SKU0037,7,ENTRADA,60,8910.77
2380,2025-07-09,4,SKU0027,,AJUSTE,35,5196.23
2381,2024-08-23,1,SKU0002,,SALIDA,100,2588.41
2382,2025-11-23,5,SKU0015,1,ENTRADA,57,3744.65
2383,2026-02-23,5,SKU0015,,SALIDA,86,3813.55
2384,2026-05-06,2,SKU0014,,AJUSTE,18,4690.6
2385,2025-01-18,5,SKU0035,,AJUSTE,50,9298.8
2386,2026-07-08,3,SKU0023,,SALIDA,84,9720.47
2387,2024-11-10,2,SKU0027,,AJUSTE,53,6266.72
2388,2024-02-07,1,SKU0006,2,ENTRADA,47,1449.66
2389,2026-07-19,3,SKU0032,,AJUSTE,7,2382.88
2390,2025-10-02,2,SKU0020,,SALIDA,84,1838.03
2391,2026-03-31,5,SKU0020,5,ENTRADA,53,1534.7
2392,2025-08-10,3,SKU0015,1,ENTRADA,83,3400.69
2393,2025-02-24,1,SKU0004,1,ENTRADA,55,6135.43
2394,2025-09-02,4,SKU0019,10,ENTRADA,75,1987.65
2395,2026-04-18,3,SKU0005,,AJUSTE,5,6002.99
2396,2026-01-12,1,SKU0006,2,ENTRADA,77,1513.88
2397,2025-12-08,3,SKU0026,,AJUSTE,42,3640.1
2398,2024-12-13,2,SKU0020,5,ENTRADA,7,1309.2
2399,2024-02-08,3,SKU0034,,SALIDA,17,2042.71
2400,2025-03-20,3,SKU0032,9,ENTRADA,1,2453.09
2401,2025-06-04,2,SKU0021,10,ENTRADA,44,2800.48
2402,2024-09-25,5,SKU0036,,AJUSTE,59,13677.34
2403,2025-04-25,1,SKU0013,,SALIDA,100,3597.04
2404,2026-06-24,1,SKU0011,,SALIDA,51,3123.52
2405,2024-09-01,5,SKU0026,8,ENTRADA,6,3849.43
2406,2024-12-02,5,SKU0004,,SALIDA,97,6583.82
2407,2024-05-11,4,SKU0008,6,ENTRADA,28,2666.78
2408,2026-02-10,1,SKU0017,1,ENTRADA,46,8406.25
2409,2026-02-04,4,SKU0002,,SALIDA,23,2897.69
2410,2026-05-26,4,SKU0030,,SALIDA,32,2478.69
2411,2025-04-17,3,SKU0037,,SALIDA,44,9537.49
2412,2024-01-30,3,SKU0028,1,ENTRADA,41,2159.43
2413,2025-05-22,4,SKU0019,,SALIDA,87,2015.87
2414,2025-06-07,1,SKU0006,,SALIDA,2,1453.48
2415,2024-08-03,5,SKU0024,,SALIDA,25,1594.84
2416,2026-06-03,5,SKU0036,,SALIDA,44,14364.27
2417,2025-12-28,5,SKU0041,,SALIDA,41,6428.73
2418,2025-06-28,1,SKU0012,,SALIDA,93,1268.89
2419,2026-02-02,3,SKU0023,5,ENTRADA,68,10428.39
2420,2024-06-13,2,SKU0011,1,ENTRADA,13,2708.45
2421,2026-04-23,2,SKU0018,10,ENTRADA,85,2786.37
2422,2026-03-14,5,SKU0009,,SALIDA,59,2729.38
2423,2026-06-14,3,SKU0019,10,ENTRADA,30,2115.42
2424,2025-11-15,5,SKU0010,,SALIDA,45,6378.14
2425,2024-06-02,4,SKU0034,,SALIDA,89,2036.13
2426,2025-12-22,1,SKU0019,,SALIDA,61,2068.13
2427,2025-05-01,3,SKU0009,,SALIDA,93,2207.48
2428,2025-12-14,4,SKU0040,5,ENTRADA,95,4159.9
2429,2025-06-27,3,SKU0014,5,ENTRADA,73,4360.46
2430,2024-01-05,4,SKU0027,5,ENTRADA,3,4785.37
2431,2026-06-09,4,SKU0037,,AJUSTE,38,10797.56
2432,2025-11-24,5,SKU0012,,AJUSTE,22,1498.02
2433,2025-09-01,1,SKU0016,,SALIDA,82,2407.74
2434,2024-04-13,2,SKU0008,,AJUSTE,17,2475.46
2435,2025-05-08,3,SKU0033,,AJUSTE,61,2492.14
2436,2024-02-26,2,SKU0004,,SALIDA,67,6015.85
2437,2025-06-25,3,SKU0001,,SALIDA,61,2717.28
2438,2025-10-31,1,SKU0037,,SALIDA,99,11875.44
2439,2024-12-11,3,SKU0034,9,ENTRADA,34,2057.13
2440,2025-08-16,4,SKU0023,,SALIDA,15,9487.83
2441,2024-12-11,3,SKU0015,1,ENTRADA,34,3025.23
2442,2026-05-09,1,SKU0030,,AJUSTE,99,2243.79
2443,2024-12-19,2,SKU0042,5,ENTRADA,94,5978.68
2444,2024-08-05,5,SKU0022,,SALIDA,31,1597.79
2445,2024-11-06,5,SKU0029,,SALIDA,42,4178.03
2446,2024-12-17,2,SKU0031,9,ENTRADA,20,2094.75
2447,2025-04-14,1,SKU0005,2,ENTRADA,24,5281.0
2448,2024-05-16,2,SKU0041,8,ENTRADA,85,5869.56
2449,2024-06-19,3,SKU0021,,SALIDA,99,2466.8
2450,2024-11-03,5,SKU0036,,AJUSTE,28,13998.51
2451,2024-01-19,4,SKU0041,8,ENTRADA,63,5054.83
2452,2025-09-28,4,SKU0002,3,ENTRADA,80,2902.55
2453,2025-06-20,1,SKU0042,,SALIDA,17,6771.23
2454,2024-08-21,2,SKU0014,,SALIDA,52,3339.41
2455,2025-01-15,2,SKU0017,1,ENTRADA,55,8668.04
2456,2024-12-17,1,SKU0010,,SALIDA,78,5633.47
2457,2024-06-11,4,SKU0017,1,ENTRADA,62,8484.9
2458,2025-12-07,2,SKU0042,,SALIDA,78,7937.16
2459,2024-11-13,4,SKU0032,,SALIDA,21,2139.23
2460,2024-10-03,2,SKU0042,,AJUSTE,76,6743.43
2461,2024-03-26,4,SKU0013,,AJUSTE,14,3204.68
2462,2025-09-19,3,SKU0020,,SALIDA,35,1428.81
2463,2025-01-04,5,SKU0038,1,ENTRADA,65,6559.42
2464,2025-04-17,5,SKU0029,1,ENTRADA,68,3906.88
2465,2024-05-30,5,SKU0010,6,ENTRADA,13,5451.38
2466,2025-05-12,1,SKU0023,,SALIDA,78,9691.06
2467,2025-11-14,2,SKU0021,,SALIDA,37,2620.99
2468,2024-05-04,4,SKU0035,7,ENTRADA,47,10110.49
2469,2024-03-06,2,SKU0015,1,ENTRADA,10,3726.02
2470,2025-04-01,5,SKU0029,1,ENTRADA,10,4747.59
2471,2024-07-21,3,SKU0014,,SALIDA,43,4157.29
2472,2025-09-03,5,SKU0005,,SALIDA,96,4779.21
2473,2025-08-31,4,SKU0030,,SALIDA,81,2128.45
2474,2026-03-26,1,SKU0008,6,ENTRADA,6,2629.38
2475,2025-12-04,4,SKU0034,,SALIDA,85,2184.52
2476,2025-09-22,3,SKU0037,,AJUSTE,86,12095.31
2477,2024-12-11,1,SKU0030,9,ENTRADA,45,2009.44
2478,2026-03-10,3,SKU0009,1,ENTRADA,66,2881.51
2479,2025-12-14,4,SKU0004,1,ENTRADA,13,6526.29
2480,2025-11-10,3,SKU0001,2,ENTRADA,64,2939.44
2481,2025-07-07,5,SKU0025,5,ENTRADA,22,5185.47
2482,2026-07-11,5,SKU0030,9,ENTRADA,91,2933.0
2483,2026-01-16,3,SKU0032,,SALIDA,100,2114.86
2484,2025-05-07,5,SKU0026,,AJUSTE,61,3650.04
2485,2024-06-01,1,SKU0006,,SALIDA,21,1572.43
2486,2026-03-07,5,SKU0014,,SALIDA,18,4764.2
2487,2026-05-31,4,SKU0002,,SALIDA,58,3352.59
2488,2025-05-10,3,SKU0007,,SALIDA,33,3676.47
2489,2025-04-28,1,SKU0018,,AJUSTE,91,2850.46
2490,2025-11-22,3,SKU0018,,AJUSTE,98,3021.07
2491,2025-12-12,2,SKU0025,,SALIDA,86,4399.24
2492,2025-05-07,1,SKU0018,,AJUSTE,92,3077.66
2493,2024-09-19,4,SKU0032,9,ENTRADA,46,1984.29
2494,2024-09-10,4,SKU0015,,AJUSTE,43,2755.54
2495,2026-04-15,1,SKU0029,,SALIDA,87,4118.12
2496,2025-09-23,2,SKU0035,,SALIDA,12,10936.13
2497,2026-05-25,1,SKU0008,6,ENTRADA,12,3062.73
2498,2025-02-27,4,SKU0028,1,ENTRADA,3,2032.92
2499,2025-12-04,1,SKU0038,,SALIDA,36,6405.82
2500,2025-11-05,4,SKU0024,,SALIDA,10,1684.62
2501,2026-02-14,4,SKU0026,,SALIDA,2,4759.85
2502,2026-05-02,1,SKU0022,,SALIDA,31,1813.27
2503,2025-04-26,1,SKU0001,2,ENTRADA,24,2576.61
2504,2024-02-06,3,SKU0024,,SALIDA,49,1584.42
2505,2025-05-16,3,SKU0030,,SALIDA,83,2732.95
2506,2025-01-16,3,SKU0026,,SALIDA,25,4135.39
2507,2025-05-03,4,SKU0038,,SALIDA,39,5072.12
2508,2024-07-13,3,SKU0004,1,ENTRADA,56,5885.37
2509,2026-01-26,1,SKU0040,5,ENTRADA,31,3742.08
2510,2025-09-11,3,SKU0040,,SALIDA,98,4039.61
2511,2024-05-27,3,SKU0008,,SALIDA,82,2163.27
2512,2024-04-30,1,SKU0027,,SALIDA,43,5108.92
2513,2026-03-11,2,SKU0030,9,ENTRADA,42,2392.61
2514,2026-02-21,2,SKU0019,,AJUSTE,77,1650.04
2515,2024-12-23,5,SKU0032,9,ENTRADA,82,2257.4
2516,2025-10-22,2,SKU0027,,AJUSTE,26,5231.08
2517,2026-02-17,4,SKU0037,7,ENTRADA,46,12842.68
2518,2025-07-06,1,SKU0031,9,ENTRADA,56,2172.17
2519,2025-03-07,5,SKU0026,8,ENTRADA,29,3788.32
2520,2025-03-19,1,SKU0030,,SALIDA,74,2134.54
2521,2025-09-26,1,SKU0008,,SALIDA,85,3015.48
2522,2025-07-20,4,SKU0041,,SALIDA,78,6170.64
2523,2026-07-11,1,SKU0013,,AJUSTE,74,3877.9
2524,2025-02-18,4,SKU0027,5,ENTRADA,73,6844.96
2525,2025-01-06,1,SKU0025,,AJUSTE,60,4501.51
2526,2026-03-08,1,SKU0027,5,ENTRADA,20,6710.17
2527,2025-08-29,2,SKU0033,9,ENTRADA,66,2291.09
2528,2026-02-10,5,SKU0032,,AJUSTE,40,2492.75
2529,2025-04-09,5,SKU0029,,AJUSTE,66,4899.47
2530,2026-02-13,3,SKU0010,6,ENTRADA,59,6196.43
2531,2025-07-17,5,SKU0026,,SALIDA,69,4089.51
2532,2024-09-24,4,SKU0012,,SALIDA,65,1233.71
2533,2025-11-03,1,SKU0015,1,ENTRADA,73,3740.07
2534,2024-04-02,3,SKU0005,,SALIDA,63,5560.42
2535,2026-06-08,3,SKU0038,1,ENTRADA,15,6875.46
2536,2025-08-13,2,SKU0013,,SALIDA,58,3499.66
2537,2025-05-26,1,SKU0006,,SALIDA,49,1598.04
2538,2025-08-30,1,SKU0034,,SALIDA,3,2135.71
2539,2025-05-05,2,SKU0035,,SALIDA,97,11534.89
2540,2025-07-26,5,SKU0020,5,ENTRADA,83,1494.99
2541,2026-03-14,4,SKU0006,,SALIDA,8,1758.49
2542,2024-07-18,2,SKU0041,8,ENTRADA,85,5140.5
2543,2026-06-28,4,SKU0037,7,ENTRADA,61,13253.54
2544,2024-03-24,2,SKU0006,2,ENTRADA,84,1646.65
2545,2024-05-07,3,SKU0005,2,ENTRADA,66,5424.32
2546,2026-03-08,4,SKU0016,,AJUSTE,3,2387.65
2547,2026-01-29,5,SKU0029,1,ENTRADA,39,4582.38
2548,2025-02-13,3,SKU0020,,AJUSTE,34,1404.99
2549,2025-06-02,5,SKU0023,5,ENTRADA,43,7946.59
2550,2025-11-01,5,SKU0015,,SALIDA,20,3504.07
2551,2024-04-16,1,SKU0037,7,ENTRADA,80,11405.84
2552,2026-03-10,4,SKU0011,,AJUSTE,77,2804.35
2553,2026-05-06,5,SKU0040,,SALIDA,87,3499.98
2554,2026-05-18,5,SKU0028,1,ENTRADA,38,2049.06
2555,2025-10-10,4,SKU0006,,SALIDA,93,1569.37
2556,2024-01-01,4,SKU0007,,SALIDA,88,2902.11
2557,2024-06-17,3,SKU0039,8,ENTRADA,1,8277.18
2558,2024-06-19,1,SKU0031,,AJUSTE,4,1979.06
2559,2025-07-05,3,SKU0034,,AJUSTE,20,1969.58
2560,2025-02-25,3,SKU0001,,AJUSTE,83,2648.29
2561,2025-08-17,3,SKU0038,,SALIDA,23,5432.42
2562,2024-08-09,1,SKU0001,2,ENTRADA,8,2239.94
2563,2025-11-19,1,SKU0024,,AJUSTE,53,1421.18
2564,2024-12-15,5,SKU0023,,AJUSTE,78,8217.83
2565,2025-08-10,3,SKU0010,,AJUSTE,39,6293.62
2566,2026-05-26,4,SKU0030,,SALIDA,83,3004.86
2567,2024-12-04,3,SKU0040,,AJUSTE,45,3902.95
2568,2026-06-18,2,SKU0014,,SALIDA,10,4420.79
2569,2025-04-08,1,SKU0003,1,ENTRADA,18,1733.22
2570,2026-07-18,2,SKU0026,8,ENTRADA,34,4713.3
2571,2025-01-09,2,SKU0009,,SALIDA,97,2362.52
2572,2024-04-15,1,SKU0031,,AJUSTE,42,2129.44
2573,2024-01-10,4,SKU0011,,AJUSTE,23,2566.92
2574,2026-07-21,3,SKU0024,,SALIDA,26,1825.39
2575,2025-03-10,5,SKU0017,1,ENTRADA,12,8404.83
2576,2024-05-27,1,SKU0041,8,ENTRADA,16,5514.03
2577,2024-11-24,4,SKU0022,,SALIDA,78,1573.76
2578,2025-02-03,3,SKU0007,6,ENTRADA,27,3642.37
2579,2025-07-21,3,SKU0024,8,ENTRADA,21,1827.83
2580,2024-03-05,4,SKU0014,,SALIDA,2,3709.83
2581,2025-12-07,5,SKU0014,,SALIDA,32,3526.91
2582,2026-03-13,2,SKU0021,,SALIDA,20,3019.66
2583,2025-01-24,2,SKU0015,,SALIDA,31,3241.2
2584,2026-04-15,1,SKU0010,6,ENTRADA,73,6198.87
2585,2026-04-18,5,SKU0031,,SALIDA,42,2732.92
2586,2024-09-23,5,SKU0011,1,ENTRADA,63,2534.66
2587,2025-12-06,3,SKU0015,1,ENTRADA,2,3423.94
2588,2025-03-01,3,SKU0017,,SALIDA,93,9197.7
2589,2024-12-16,5,SKU0020,5,ENTRADA,79,1675.47
2590,2025-02-17,4,SKU0003,,AJUSTE,21,1569.31
2591,2025-02-16,3,SKU0012,,SALIDA,67,1435.81
2592,2025-07-18,5,SKU0012,4,ENTRADA,94,1574.62
2593,2025-11-03,4,SKU0002,3,ENTRADA,81,3152.51
2594,2025-05-15,4,SKU0033,9,ENTRADA,49,1855.54
2595,2024-07-31,3,SKU0004,,SALIDA,69,5189.36
2596,2025-02-19,4,SKU0009,1,ENTRADA,97,2155.59
2597,2026-06-03,4,SKU0006,,SALIDA,48,1907.57
2598,2026-03-29,1,SKU0005,,SALIDA,26,6516.21
2599,2024-06-25,4,SKU0041,8,ENTRADA,100,5337.05
2600,2026-07-30,1,SKU0020,,SALIDA,57,1710.2
2601,2025-11-09,4,SKU0022,,AJUSTE,66,1930.09
2602,2024-06-03,2,SKU0027,,SALIDA,12,5136.56
2603,2024-03-26,5,SKU0029,,AJUSTE,69,3995.95
2604,2024-01-19,1,SKU0034,,SALIDA,32,1953.53
2605,2025-12-20,5,SKU0035,,AJUSTE,95,12062.99
2606,2025-05-26,2,SKU0012,4,ENTRADA,85,1628.5
2607,2025-04-10,3,SKU0025,,SALIDA,89,5211.65
2608,2026-07-24,4,SKU0013,,SALIDA,35,3698.69
2609,2024-04-10,1,SKU0022,10,ENTRADA,81,1600.4
2610,2025-10-16,2,SKU0025,5,ENTRADA,20,4115.42
2611,2025-03-21,3,SKU0014,,SALIDA,33,4214.73
2612,2025-04-28,5,SKU0009,,AJUSTE,88,2543.17
2613,2026-02-14,2,SKU0008,,AJUSTE,8,2877.81
2614,2025-09-11,4,SKU0036,7,ENTRADA,94,13684.85
2615,2025-03-31,2,SKU0038,,AJUSTE,77,5393.26
2616,2024-07-22,1,SKU0005,,SALIDA,85,5614.3
2617,2025-06-15,5,SKU0013,5,ENTRADA,79,2804.16
2618,2025-07-24,2,SKU0025,,AJUSTE,67,5587.4
2619,2025-04-23,1,SKU0025,,SALIDA,89,4373.96
2620,2025-01-20,3,SKU0033,,SALIDA,14,2345.13
2621,2024-07-29,4,SKU0016,4,ENTRADA,82,2044.23
2622,2025-09-11,5,SKU0025,,SALIDA,84,5518.16
2623,2025-08-17,2,SKU0027,,SALIDA,81,5179.29
2624,2026-04-03,4,SKU0038,,AJUSTE,39,5449.0
2625,2024-09-24,3,SKU0014,5,ENTRADA,71,3737.72
2626,2025-06-09,5,SKU0040,5,ENTRADA,87,4347.96
2627,2025-03-17,5,SKU0036,,AJUSTE,50,15103.86
2628,2025-07-18,1,SKU0034,9,ENTRADA,1,2086.75
2629,2025-02-01,5,SKU0019,10,ENTRADA,27,1934.23
2630,2026-07-15,2,SKU0002,,SALIDA,66,2779.35
2631,2025-08-08,3,SKU0042,,AJUSTE,85,7032.07
2632,2025-12-08,3,SKU0017,1,ENTRADA,63,8104.97
2633,2024-05-12,2,SKU0008,6,ENTRADA,56,2814.93
2634,2025-05-21,4,SKU0032,,SALIDA,28,2421.37
2635,2025-11-27,1,SKU0015,,AJUSTE,10,3708.66
2636,2024-06-12,1,SKU0033,,SALIDA,30,2022.74
2637,2025-12-27,2,SKU0020,5,ENTRADA,99,1670.64
2638,2026-07-19,5,SKU0031,,SALIDA,43,2744.33
2639,2026-07-19,5,SKU0025,,SALIDA,23,4587.59
2640,2026-02-05,5,SKU0008,6,ENTRADA,9,3204.66
2641,2025-05-07,3,SKU0031,,SALIDA,22,2310.39
2642,2024-04-03,1,SKU0015,1,ENTRADA,21,3714.52
2643,2026-05-08,5,SKU0023,,SALIDA,40,9381.57
2644,2024-04-14,1,SKU0014,5,ENTRADA,88,3377.26
2645,2025-05-13,1,SKU0009,,SALIDA,68,2090.23
2646,2026-01-04,3,SKU0002,3,ENTRADA,91,2994.5
2647,2026-07-01,4,SKU0009,,SALIDA,68,2602.61
2648,2024-04-02,1,SKU0006,,AJUSTE,41,1546.08
2649,2025-10-08,1,SKU0011,,SALIDA,28,2580.1
2650,2026-02-22,1,SKU0017,,SALIDA,45,8698.47
2651,2024-12-11,2,SKU0030,,SALIDA,12,2312.26
2652,2024-03-05,1,SKU0037,7,ENTRADA,74,9468.02
2653,2025-01-08,1,SKU0007,6,ENTRADA,9,3466.46
2654,2026-02-05,3,SKU0012,4,ENTRADA,29,1542.01
2655,2025-05-10,2,SKU0041,8,ENTRADA,25,6388.84
2656,2025-06-18,1,SKU0002,3,ENTRADA,85,2974.87
2657,2025-05-10,2,SKU0003,1,ENTRADA,73,1633.28
2658,2025-12-29,1,SKU0036,,AJUSTE,40,11846.01
2659,2025-03-26,4,SKU0018,,AJUSTE,50,2435.83
2660,2026-07-01,4,SKU0016,4,ENTRADA,60,2790.98
2661,2026-02-22,2,SKU0032,9,ENTRADA,81,2514.95
2662,2024-11-19,1,SKU0024,,AJUSTE,71,1268.31
2663,2024-02-12,3,SKU0014,5,ENTRADA,31,4230.07
2664,2026-06-02,1,SKU0024,8,ENTRADA,52,1833.94
2665,2026-01-11,2,SKU0027,,SALIDA,9,5571.33
2666,2025-12-24,3,SKU0037,,SALIDA,16,10676.65
2667,2025-08-03,3,SKU0003,1,ENTRADA,94,1774.85
2668,2024-03-14,2,SKU0007,6,ENTRADA,85,2875.58
2669,2025-05-14,4,SKU0038,,SALIDA,26,5021.15
2670,2024-07-11,2,SKU0038,,SALIDA,1,5358.08
2671,2024-03-03,2,SKU0006,,SALIDA,73,1555.61
2672,2026-07-24,4,SKU0027,,SALIDA,31,5973.0
2673,2026-03-04,2,SKU0004,,SALIDA,29,7128.86
2674,2025-09-30,3,SKU0034,,SALIDA,36,1917.9
2675,2024-11-17,1,SKU0039,,AJUSTE,41,9493.81
2676,2024-04-07,1,SKU0002,3,ENTRADA,71,2621.66
2677,2025-06-12,2,SKU0026,,SALIDA,63,3701.59
2678,2026-04-07,3,SKU0006,,SALIDA,67,1585.32
2679,2024-11-08,3,SKU0008,,SALIDA,47,2149.24
2680,2024-06-01,2,SKU0002,,AJUSTE,33,3025.94
2681,2024-11-11,3,SKU0024,,AJUSTE,92,1575.74
2682,2026-04-12,4,SKU0019,,SALIDA,83,1746.8
2683,2024-01-17,5,SKU0007,6,ENTRADA,98,3395.6
2684,2024-05-10,1,SKU0039,8,ENTRADA,28,7648.26
2685,2024-07-17,4,SKU0007,,SALIDA,14,3350.05
2686,2025-08-30,5,SKU0036,7,ENTRADA,52,15024.76
2687,2024-06-21,1,SKU0039,,SALIDA,99,8119.54
2688,2025-04-20,3,SKU0030,9,ENTRADA,96,2529.56
2689,2026-03-03,4,SKU0011,,SALIDA,61,3384.0
2690,2024-10-21,3,SKU0002,,SALIDA,13,3126.44
2691,2025-12-05,2,SKU0042,5,ENTRADA,87,7316.73
2692,2025-05-24,3,SKU0033,9,ENTRADA,94,2247.24
2693,2026-02-23,3,SKU0028,,SALIDA,69,2431.94
2694,2026-04-16,5,SKU0041,,SALIDA,22,5768.73
2695,2025-01-08,3,SKU0001,,AJUSTE,63,2320.87
2696,2024-04-09,2,SKU0002,,SALIDA,87,2656.85
2697,2024-06-15,4,SKU0019,,SALIDA,97,1583.58
2698,2026-06-11,3,SKU0017,1,ENTRADA,93,11215.75
2699,2024-06-25,1,SKU0031,,AJUSTE,57,2360.1
2700,2025-06-03,2,SKU0022,10,ENTRADA,38,1743.46
2701,2026-07-27,3,SKU0024,8,ENTRADA,72,1966.8
2702,2026-01-28,2,SKU0004,,AJUSTE,3,7795.83
2703,2024-09-26,3,SKU0038,,SALIDA,61,4890.03
2704,2025-04-13,4,SKU0021,,SALIDA,18,2920.39
2705,2025-10-12,5,SKU0009,,SALIDA,27,2308.87
2706,2024-08-26,1,SKU0006,,AJUSTE,4,1525.13
2707,2025-12-29,3,SKU0011,,SALIDA,8,3157.33
2708,2025-01-10,3,SKU0008,,SALIDA,86,2559.59
2709,2025-10-16,2,SKU0003,1,ENTRADA,54,1322.89
2710,2026-01-16,1,SKU0019,,SALIDA,8,2120.61
2711,2024-05-15,2,SKU0001,2,ENTRADA,47,2219.05
2712,2024-07-09,2,SKU0021,10,ENTRADA,25,2283.5
2713,2025-03-05,4,SKU0006,,SALIDA,24,1871.98
2714,2024-12-02,1,SKU0035,,AJUSTE,45,9086.52
2715,2026-01-08,4,SKU0005,,SALIDA,35,6206.43
2716,2026-01-13,4,SKU0007,6,ENTRADA,58,3902.31
2717,2025-07-06,5,SKU0023,,SALIDA,71,8132.08
2718,2025-02-14,4,SKU0008,6,ENTRADA,79,2481.5
2719,2025-12-08,4,SKU0040,,AJUSTE,81,4274.95
2720,2025-05-15,5,SKU0002,3,ENTRADA,75,2951.15
2721,2024-06-15,4,SKU0023,5,ENTRADA,18,9190.44
2722,2026-04-22,3,SKU0025,,SALIDA,36,5553.36
2723,2024-01-15,4,SKU0031,,SALIDA,60,2115.2
2724,2026-06-05,4,SKU0023,5,ENTRADA,43,10910.39
2725,2025-04-22,3,SKU0036,,SALIDA,8,15027.12
2726,2025-11-17,3,SKU0005,2,ENTRADA,74,5594.99
2727,2026-07-02,3,SKU0010,,SALIDA,2,7261.26
2728,2025-11-20,2,SKU0038,,AJUSTE,56,5136.95
2729,2024-02-19,5,SKU0010,,SALIDA,81,5306.11
2730,2026-05-29,3,SKU0007,6,ENTRADA,68,3974.37
2731,2025-10-11,3,SKU0010,,SALIDA,19,5135.84
2732,2026-06-28,5,SKU0012,,SALIDA,44,1755.61
2733,2025-04-06,5,SKU0008,6,ENTRADA,73,2974.99
2734,2026-05-29,1,SKU0034,,SALIDA,24,2296.06
2735,2026-04-13,5,SKU0014,5,ENTRADA,44,3887.09
2736,2024-12-31,4,SKU0028,1,ENTRADA,2,2020.69
2737,2024-10-27,2,SKU0035,7,ENTRADA,30,9869.8
2738,2024-04-25,3,SKU0034,9,ENTRADA,14,2092.57
2739,2025-10-27,4,SKU0041,,SALIDA,52,6484.39
2740,2025-02-26,5,SKU0005,2,ENTRADA,95,4649.19
2741,2026-01-31,4,SKU0001,2,ENTRADA,75,2823.21
2742,2026-01-10,3,SKU0039,,SALIDA,38,11313.53
2743,2025-12-29,3,SKU0020,,SALIDA,4,1799.83
2744,2025-08-27,1,SKU0038,,SALIDA,32,5835.1
2745,2024-08-08,4,SKU0028,1,ENTRADA,71,1968.24
2746,2025-01-02,1,SKU0016,,SALIDA,96,2840.79
2747,2025-11-27,4,SKU0027,,SALIDA,78,5699.9
2748,2024-07-22,5,SKU0030,9,ENTRADA,73,2188.99
2749,2025-07-20,2,SKU0027,5,ENTRADA,92,6000.11
2750,2025-11-12,3,SKU0011,1,ENTRADA,63,3260.62
2751,2026-03-22,5,SKU0013,5,ENTRADA,74,3553.45
2752,2024-01-15,3,SKU0003,,SALIDA,52,1546.51
2753,2024-04-25,3,SKU0007,6,ENTRADA,88,2983.57
2754,2024-05-02,1,SKU0013,,SALIDA,51,2941.53
2755,2025-04-19,2,SKU0015,,AJUSTE,100,3517.58
2756,2024-09-05,5,SKU0025,5,ENTRADA,83,4668.63
2757,2024-11-13,1,SKU0028,,SALIDA,93,1958.82
2758,2024-08-06,1,SKU0038,,SALIDA,1,4830.84
2759,2024-01-29,2,SKU0018,10,ENTRADA,55,2799.48
2760,2024-04-18,3,SKU0029,1,ENTRADA,60,3719.24
2761,2026-06-14,1,SKU0003,1,ENTRADA,10,1670.52
2762,2025-10-29,2,SKU0017,,SALIDA,10,8257.02
2763,2026-03-25,1,SKU0031,,SALIDA,96,2450.54
2764,2026-06-23,1,SKU0027,5,ENTRADA,14,6980.89
2765,2025-10-12,4,SKU0019,,SALIDA,22,1554.1
2766,2025-12-10,3,SKU0014,,SALIDA,69,3974.72
2767,2024-05-19,3,SKU0015,,SALIDA,16,3030.57
2768,2026-04-11,3,SKU0021,,SALIDA,40,2817.82
2769,2024-05-30,1,SKU0013,5,ENTRADA,100,2831.78
2770,2025-10-28,3,SKU0035,,AJUSTE,23,10157.57
2771,2026-05-15,4,SKU0015,1,ENTRADA,2,3822.71
2772,2025-08-06,5,SKU0042,,AJUSTE,35,6422.96
2773,2026-07-06,1,SKU0013,5,ENTRADA,39,3428.89
2774,2026-05-12,4,SKU0024,,AJUSTE,95,1985.06
2775,2025-12-01,4,SKU0007,,SALIDA,56,2980.56
2776,2024-10-13,1,SKU0034,,SALIDA,9,1954.95
2777,2025-05-08,1,SKU0040,5,ENTRADA,37,3550.17
2778,2026-06-12,2,SKU0026,,AJUSTE,68,4520.64
2779,2025-10-13,1,SKU0028,,SALIDA,27,1897.75
2780,2026-06-02,1,SKU0025,,AJUSTE,59,4748.05
2781,2024-11-06,2,SKU0028,1,ENTRADA,34,1922.11
2782,2025-04-01,5,SKU0006,2,ENTRADA,25,1600.71
2783,2026-05-18,2,SKU0009,,AJUSTE,95,2331.62
2784,2026-01-28,3,SKU0001,,SALIDA,1,2991.94
2785,2024-12-21,5,SKU0001,2,ENTRADA,36,2521.44
2786,2024-07-03,1,SKU0042,,SALIDA,37,6480.17
2787,2024-03-29,5,SKU0017,1,ENTRADA,93,8390.92
2788,2026-02-03,4,SKU0036,,AJUSTE,13,13645.01
2789,2025-02-17,4,SKU0015,1,ENTRADA,90,3144.27
2790,2024-12-29,5,SKU0032,9,ENTRADA,72,1751.62
2791,2024-03-13,2,SKU0023,,AJUSTE,24,8036.81
2792,2026-06-27,5,SKU0033,9,ENTRADA,5,2651.42
2793,2024-10-25,2,SKU0006,,SALIDA,63,1294.19
2794,2025-04-14,2,SKU0004,1,ENTRADA,65,5938.16
2795,2025-05-31,5,SKU0031,,SALIDA,52,1906.7
2796,2026-06-07,4,SKU0033,,SALIDA,77,2695.75
2797,2025-09-16,2,SKU0031,,SALIDA,89,2370.64
2798,2024-07-21,5,SKU0034,9,ENTRADA,1,1853.1
2799,2025-05-31,2,SKU0002,,AJUSTE,12,2945.73
2800,2024-06-14,1,SKU0035,7,ENTRADA,68,9716.97
2801,2026-01-27,4,SKU0016,,AJUSTE,82,2555.4
2802,2024-09-04,5,SKU0042,,SALIDA,82,6634.65
2803,2025-10-17,5,SKU0004,1,ENTRADA,24,6862.07
2804,2026-05-25,5,SKU0042,5,ENTRADA,36,7367.62
2805,2025-12-15,2,SKU0023,,AJUSTE,41,8356.29
2806,2024-05-01,5,SKU0027,,AJUSTE,94,4985.67
2807,2024-03-27,1,SKU0012,,SALIDA,22,1420.58
2808,2025-08-11,4,SKU0033,9,ENTRADA,87,1899.78
2809,2024-10-10,2,SKU0028,1,ENTRADA,7,2069.21
2810,2025-04-19,4,SKU0025,,AJUSTE,4,4193.63
2811,2026-05-13,3,SKU0037,,SALIDA,63,9895.29
2812,2024-06-19,3,SKU0006,2,ENTRADA,20,1523.23
2813,2025-10-14,3,SKU0001,,SALIDA,57,2341.26
2814,2026-06-10,1,SKU0011,,AJUSTE,26,3507.28
2815,2025-11-05,3,SKU0009,,AJUSTE,58,2232.03
2816,2024-10-27,4,SKU0022,10,ENTRADA,28,1854.46
2817,2025-12-04,5,SKU0035,,SALIDA,90,9081.12
2818,2026-05-19,2,SKU0015,,SALIDA,59,4313.88
2819,2025-08-14,4,SKU0002,3,ENTRADA,79,3372.18
2820,2025-06-21,1,SKU0022,10,ENTRADA,53,1852.11
2821,2026-06-15,1,SKU0038,,SALIDA,47,6798.63
2822,2025-05-30,1,SKU0019,,SALIDA,76,1847.32
2823,2025-04-10,2,SKU0042,,SALIDA,52,7952.02
2824,2026-04-01,2,SKU0016,,SALIDA,95,3082.5
2825,2026-02-07,4,SKU0024,8,ENTRADA,65,1601.85
2826,2026-02-11,3,SKU0015,,SALIDA,58,3748.73
2827,2025-07-13,5,SKU0032,,SALIDA,73,1935.02
2828,2024-01-04,3,SKU0040,,SALIDA,65,3222.41
2829,2026-06-26,5,SKU0005,,AJUSTE,90,5324.75
2830,2026-03-11,3,SKU0019,,AJUSTE,73,2192.38
2831,2025-05-22,5,SKU0013,,SALIDA,5,2941.09
2832,2025-08-07,3,SKU0018,,SALIDA,1,2521.88
2833,2026-06-11,4,SKU0025,5,ENTRADA,20,4592.87
2834,2025-01-24,5,SKU0031,9,ENTRADA,80,2127.18
2835,2025-11-19,5,SKU0038,,AJUSTE,10,6557.02
2836,2025-03-07,1,SKU0007,6,ENTRADA,57,3748.43
2837,2025-10-07,2,SKU0014,,AJUSTE,38,3385.64
2838,2026-06-30,1,SKU0033,,SALIDA,28,2333.41
2839,2024-04-17,2,SKU0006,,SALIDA,79,1675.29
2840,2025-07-08,1,SKU0036,,AJUSTE,94,13438.89
2841,2026-07-01,1,SKU0021,10,ENTRADA,68,2783.62
2842,2024-04-05,5,SKU0007,,AJUSTE,60,3667.94
2843,2025-05-02,4,SKU0001,,AJUSTE,27,2767.21
2844,2026-01-25,1,SKU0014,5,ENTRADA,17,4451.68
2845,2025-10-21,2,SKU0003,,SALIDA,47,1602.27
2846,2024-07-19,3,SKU0012,4,ENTRADA,9,1527.69
2847,2024-02-17,3,SKU0026,,SALIDA,47,3426.38
2848,2025-02-19,3,SKU0031,,AJUSTE,49,2043.91
2849,2024-08-04,5,SKU0010,6,ENTRADA,2,5909.04
2850,2025-12-01,1,SKU0032,,SALIDA,51,1882.24
2851,2026-05-13,3,SKU0022,,SALIDA,27,1964.02
2852,2025-10-05,3,SKU0041,8,ENTRADA,7,6445.15
2853,2025-01-24,1,SKU0001,,SALIDA,49,2934.0
2854,2024-04-10,1,SKU0027,,SALIDA,25,6421.49
2855,2025-10-07,4,SKU0029,,SALIDA,3,4763.04
2856,2025-12-30,3,SKU0011,,SALIDA,89,2905.81
2857,2024-06-09,4,SKU0039,,AJUSTE,12,8541.9
2858,2024-08-06,2,SKU0019,10,ENTRADA,98,1789.05
2859,2025-12-19,5,SKU0025,,SALIDA,43,4780.17
2860,2025-08-31,3,SKU0024,,SALIDA,3,1567.25
2861,2025-05-28,3,SKU0013,5,ENTRADA,54,2688.26
2862,2024-03-16,2,SKU0013,,AJUSTE,70,2616.66
2863,2025-07-13,3,SKU0041,,AJUSTE,91,6477.31
2864,2024-12-07,5,SKU0028,,SALIDA,49,2016.04
2865,2025-07-07,1,SKU0035,,AJUSTE,60,11295.11
2866,2026-03-24,5,SKU0034,9,ENTRADA,37,2000.59
2867,2025-04-22,1,SKU0041,8,ENTRADA,54,7238.39
2868,2026-07-28,5,SKU0020,,SALIDA,34,1634.33
2869,2024-02-14,4,SKU0009,1,ENTRADA,73,2468.29
2870,2024-03-08,5,SKU0029,1,ENTRADA,22,3606.13
2871,2026-02-13,2,SKU0039,8,ENTRADA,77,10325.56
2872,2024-02-22,3,SKU0019,10,ENTRADA,9,1786.98
2873,2024-05-17,2,SKU0006,,SALIDA,92,1413.83
2874,2026-03-02,5,SKU0029,,AJUSTE,77,4004.0
2875,2025-11-07,4,SKU0003,1,ENTRADA,44,1512.52
2876,2025-05-01,4,SKU0036,7,ENTRADA,32,12071.83
2877,2025-11-16,2,SKU0042,,SALIDA,45,6904.97
2878,2026-04-25,2,SKU0034,,SALIDA,90,1976.59
2879,2024-06-19,1,SKU0024,8,ENTRADA,37,1310.56
2880,2025-08-18,4,SKU0026,,SALIDA,62,4408.23
2881,2026-06-04,5,SKU0032,,SALIDA,75,2452.63
2882,2024-02-14,2,SKU0042,5,ENTRADA,93,7404.33
2883,2024-06-11,5,SKU0018,,SALIDA,62,2374.5
2884,2025-10-26,5,SKU0006,,SALIDA,61,1531.8
2885,2025-05-12,5,SKU0029,1,ENTRADA,17,3725.34
2886,2026-05-29,3,SKU0039,,SALIDA,34,10396.85
2887,2024-02-25,5,SKU0011,,AJUSTE,89,2603.93
2888,2025-12-05,2,SKU0020,,AJUSTE,95,1639.16
2889,2024-05-30,5,SKU0025,,SALIDA,52,4583.56
2890,2024-07-14,2,SKU0008,,SALIDA,50,2524.79
2891,2024-03-02,5,SKU0035,,SALIDA,65,9995.92
2892,2024-12-07,4,SKU0038,,AJUSTE,2,5427.14
2893,2026-02-18,5,SKU0031,,SALIDA,30,2452.99
2894,2025-04-29,3,SKU0006,2,ENTRADA,70,1721.35
2895,2024-07-13,5,SKU0021,10,ENTRADA,96,2640.87
2896,2025-08-29,3,SKU0040,,AJUSTE,7,4021.29
2897,2026-03-11,3,SKU0019,,SALIDA,36,1761.75
2898,2024-05-04,4,SKU0004,1,ENTRADA,47,5490.28
2899,2025-06-04,2,SKU0022,,SALIDA,72,1770.7
2900,2026-02-23,5,SKU0004,,SALIDA,33,6709.04
2901,2024-09-06,2,SKU0042,,AJUSTE,61,6054.53
2902,2026-02-28,4,SKU0004,,SALIDA,12,7570.16
2903,2025-03-31,5,SKU0016,4,ENTRADA,33,2505.46
2904,2026-03-06,2,SKU0001,,SALIDA,70,2568.14
2905,2026-07-18,1,SKU0036,7,ENTRADA,41,14617.24
2906,2025-11-16,5,SKU0039,8,ENTRADA,87,10340.99
2907,2024-12-22,3,SKU0036,,AJUSTE,64,12856.63
2908,2026-07-13,4,SKU0001,,SALIDA,4,2513.55
2909,2025-08-15,5,SKU0037,7,ENTRADA,77,11147.15
2910,2024-06-07,4,SKU0021,,SALIDA,79,2797.05
2911,2026-03-26,3,SKU0031,,SALIDA,32,2103.07
2912,2026-02-18,4,SKU0031,9,ENTRADA,67,2333.41
2913,2026-01-23,4,SKU0027,,SALIDA,95,7030.47
2914,2025-08-31,4,SKU0034,9,ENTRADA,52,2373.82
2915,2024-12-31,5,SKU0015,,SALIDA,27,3541.12
2916,2024-05-20,2,SKU0008,6,ENTRADA,26,2256.08
2917,2024-06-11,2,SKU0027,,SALIDA,88,6139.13
2918,2025-03-21,4,SKU0034,,SALIDA,4,2184.03
2919,2025-12-02,4,SKU0026,,SALIDA,36,3947.26
2920,2025-07-25,1,SKU0029,,SALIDA,29,4213.16
2921,2025-04-12,2,SKU0018,,SALIDA,73,2923.86
2922,2026-06-04,1,SKU0019,10,ENTRADA,14,2041.65
2923,2024-02-19,2,SKU0025,5,ENTRADA,70,4694.97
2924,2024-04-27,2,SKU0005,,AJUSTE,79,4679.27
2925,2026-04-04,5,SKU0017,1,ENTRADA,69,8332.64
2926,2025-09-18,5,SKU0002,3,ENTRADA,3,2887.98
2927,2026-02-04,3,SKU0025,5,ENTRADA,37,5412.78
2928,2024-01-19,5,SKU0026,,SALIDA,80,3485.64
2929,2025-05-26,1,SKU0003,1,ENTRADA,77,1401.32
2930,2024-01-08,2,SKU0014,5,ENTRADA,41,3286.66
2931,2024-07-22,1,SKU0020,,SALIDA,16,1691.81
2932,2024-04-15,4,SKU0041,,SALIDA,66,6191.12
2933,2025-10-24,4,SKU0010,,SALIDA,67,5891.07
2934,2026-05-05,2,SKU0006,,SALIDA,58,1889.01
2935,2025-03-22,2,SKU0037,7,ENTRADA,29,9863.78
2936,2026-03-02,4,SKU0022,,AJUSTE,40,2192.7
2937,2026-01-30,1,SKU0002,,AJUSTE,35,3006.5
2938,2025-11-28,4,SKU0021,,SALIDA,49,2323.86
2939,2024-08-21,5,SKU0012,,SALIDA,7,1462.17
2940,2025-10-14,1,SKU0019,10,ENTRADA,28,1583.58
2941,2025-06-28,1,SKU0020,,SALIDA,32,1709.18
2942,2025-03-18,4,SKU0041,,SALIDA,18,5746.18
2943,2026-06-14,4,SKU0041,,SALIDA,90,7614.31
2944,2025-09-17,3,SKU0024,,SALIDA,96,1406.77
2945,2024-02-15,2,SKU0004,,AJUSTE,36,6277.37
2946,2024-07-23,4,SKU0027,5,ENTRADA,56,5177.73
2947,2025-06-07,1,SKU0004,,AJUSTE,97,6330.24
2948,2026-06-23,5,SKU0012,,AJUSTE,15,1784.88
2949,2025-10-02,3,SKU0014,5,ENTRADA,44,4460.58
2950,2026-02-08,3,SKU0041,8,ENTRADA,44,7063.34
2951,2025-01-13,2,SKU0028,,AJUSTE,86,2276.5
2952,2024-01-06,1,SKU0042,,SALIDA,89,7479.48
2953,2024-09-23,2,SKU0006,,AJUSTE,37,1710.66
2954,2024-05-16,3,SKU0030,9,ENTRADA,32,2442.28
2955,2025-07-04,1,SKU0017,,SALIDA,87,8495.22
2956,2024-04-22,5,SKU0006,,SALIDA,3,1437.18
2957,2025-01-27,2,SKU0035,,SALIDA,7,11296.44
2958,2026-01-21,3,SKU0021,,SALIDA,92,2729.16
2959,2025-07-13,1,SKU0009,,SALIDA,79,2024.35
2960,2024-09-05,4,SKU0041,8,ENTRADA,13,6073.62
2961,2026-01-28,5,SKU0023,,SALIDA,28,10133.64
2962,2025-10-31,3,SKU0010,6,ENTRADA,1,5546.58
2963,2024-11-06,5,SKU0021,,SALIDA,49,2325.13
2964,2024-08-07,3,SKU0039,,SALIDA,98,7539.61
2965,2026-02-21,3,SKU0002,,SALIDA,87,2766.86
2966,2025-11-22,2,SKU0038,1,ENTRADA,14,5951.73
2967,2026-07-07,4,SKU0004,,AJUSTE,64,6255.24
2968,2025-05-15,2,SKU0022,,AJUSTE,4,2015.51
2969,2024-07-19,3,SKU0016,4,ENTRADA,24,2587.05
2970,2025-11-09,4,SKU0011,1,ENTRADA,4,3388.55
2971,2024-02-22,3,SKU0024,,SALIDA,93,1721.64
2972,2025-10-18,5,SKU0010,,SALIDA,78,6040.96
2973,2024-11-15,3,SKU0025,,SALIDA,70,4749.19
2974,2025-04-08,5,SKU0015,1,ENTRADA,78,3596.89
2975,2024-12-30,2,SKU0019,10,ENTRADA,4,1730.74
2976,2026-03-01,1,SKU0023,,AJUSTE,65,9742.8
2977,2026-01-18,5,SKU0029,,SALIDA,68,5286.43
2978,2024-02-22,1,SKU0034,,AJUSTE,44,1939.38
2979,2026-01-03,2,SKU0033,,AJUSTE,58,2353.27
2980,2026-06-04,1,SKU0001,,AJUSTE,78,2914.96
2981,2024-07-18,5,SKU0024,,AJUSTE,38,1450.94
2982,2026-02-11,1,SKU0041,,SALIDA,97,6358.48
2983,2025-05-25,2,SKU0027,,SALIDA,87,6503.37
2984,2024-05-15,4,SKU0041,8,ENTRADA,27,6591.96
2985,2026-05-12,1,SKU0029,,AJUSTE,82,4690.91
2986,2025-12-20,5,SKU0023,,SALIDA,43,7821.64
2987,2025-08-31,5,SKU0038,1,ENTRADA,86,5159.06
2988,2024-12-23,3,SKU0032,9,ENTRADA,6,1861.29
2989,2024-08-12,1,SKU0038,,SALIDA,37,4910.54
2990,2025-11-15,4,SKU0002,,SALIDA,69,2791.3
2991,2024-12-23,2,SKU0032,,AJUSTE,22,1730.69
2992,2026-02-05,3,SKU0020,,SALIDA,2,1819.0
2993,2024-12-23,1,SKU0016,,AJUSTE,62,2094.72
2994,2024-04-25,5,SKU0035,7,ENTRADA,16,8396.35
2995,2026-01-01,2,SKU0004,,SALIDA,63,7648.94
2996,2026-04-22,1,SKU0040,,SALIDA,80,4444.33
2997,2025-02-10,2,SKU0017,,SALIDA,11,10477.92
2998,2024-09-06,4,SKU0026,,SALIDA,36,3556.76
2999,2025-05-12,4,SKU0002,,AJUSTE,29,2879.81
3000,2025-05-24,3,SKU0029,,SALIDA,47,3866.14
