venta_id,ticket_id,fecha,cliente_id,tienda_id,producto_id,cantidad,precio_unitario,descuento,total_linea
1,1,2026-02-10,28,2,SKU0040,2,6250,0.0,12500.0
2,1,2026-02-10,28,2,SKU0030,3,4050,0.0,12150.0
3,2,2026-03-02,30,2,SKU0023,5,14950,0.0,74750.0
4,2,2026-03-02,30,2,SKU0018,3,4650,0.0,13950.0
5,2,2026-03-02,30,2,SKU0013,1,5200,0.15,4420.0
6,2,2026-03-02,30,2,SKU0022,4,3000,0.0,12000.0
7,2,2026-03-02,30,2,SKU0009,4,3950,0.0,15800.0
8,2,2026-03-02,30,2,SKU0003,3,2550,0.0,7650.0
9,3,2024-08-03,19,5,SKU0041,2,9000,0.05,17100.0
10,3,2024-08-03,19,5,SKU0040,5,5400,0.15,22950.0
11,4,2024-04-24,15,1,SKU0034,4,3000,0.15,10200.0
12,4,2024-04-24,15,1,SKU0032,4,3100,0.0,12400.0
13,4,2024-04-24,15,1,SKU0014,1,5700,0.1,5130.0
14,4,2024-04-24,15,1,SKU0038,4,8300,0.1,29880.0
15,5,2025-04-05,16,2,SKU0028,5,3150,0.0,15750.0
16,5,2025-04-05,16,2,SKU0038,5,8950,0.0,44750.0
17,5,2025-04-05,16,2,SKU0015,4,5400,0.0,21600.0
18,6,2025-03-29,3,4,SKU0033,1,3350,0.0,3350.0
19,6,2025-03-29,3,4,SKU0003,4,2400,0.0,9600.0
20,6,2025-03-29,3,4,SKU0028,1,3150,0.05,2992.5
21,6,2025-03-29,3,4,SKU0034,1,3250,0.1,2925.0
22,6,2025-03-29,3,4,SKU0026,4,5950,0.0,23800.0
23,6,2025-03-29,3,4,SKU0031,2,3450,0.0,6900.0
24,7,2025-05-08,19,2,SKU0006,5,2500,0.1,11250.0
25,7,2025-05-08,19,2,SKU0002,5,4650,0.0,23250.0
26,7,2025-05-08,19,2,SKU0031,4,3450,0.0,13800.0
27,7,2025-05-08,19,2,SKU0020,2,2500,0.15,4250.0
28,7,2025-05-08,19,2,SKU0011,4,4650,0.0,18600.0
29,7,2025-05-08,19,2,SKU0030,3,3800,0.1,10260.0
30,8,2025-12-25,30,1,SKU0005,4,8400,0.15,28560.0
31,8,2025-12-25,30,1,SKU0025,3,7450,0.1,20115.0
32,8,2025-12-25,30,1,SKU0022,5,2800,0.05,13300.0
33,8,2025-12-25,30,1,SKU0034,5,3250,0.15,13812.5
34,8,2025-12-25,30,1,SKU0003,2,2400,0.15,4080.0
35,8,2025-12-25,30,1,SKU0019,1,2800,0.05,2660.0
36,9,2025-11-12,22,1,SKU0024,5,2500,0.0,12500.0
37,9,2025-11-12,22,1,SKU0004,3,9700,0.0,29100.0
38,9,2025-11-12,22,1,SKU0008,2,4200,0.1,7560.0
39,9,2025-11-12,22,1,SKU0025,5,7450,0.1,33525.0
40,9,2025-11-12,22,1,SKU0030,1,3800,0.05,3610.0
41,10,2026-07-19,46,2,SKU0022,5,3000,0.0,15000.0
42,10,2026-07-19,46,2,SKU0016,4,4300,0.1,15480.0
43,11,2024-04-25,49,5,SKU0014,4,5700,0.0,22800.0
44,11,2024-04-25,49,5,SKU0015,1,5000,0.0,5000.0
45,11,2024-04-25,49,5,SKU0021,3,3800,0.0,11400.0
46,11,2024-04-25,49,5,SKU0023,4,12900,0.0,51600.0
47,11,2024-04-25,49,5,SKU0018,5,4000,0.05,19000.0
48,11,2024-04-25,49,5,SKU0033,1,3100,0.0,3100.0
49,12,2025-03-09,46,5,SKU0035,4,16100,0.0,64400.0
50,12,2025-03-09,46,5,SKU0019,1,2800,0.0,2800.0
51,12,2025-03-09,46,5,SKU0029,2,6700,0.0,13400.0
52,12,2025-03-09,46,5,SKU0024,1,2500,0.0,2500.0
53,12,2025-03-09,46,5,SKU0005,2,8400,0.0,16800.0
54,12,2025-03-09,46,5,SKU0013,1,4850,0.1,4365.0
55,13,2025-01-04,10,4,SKU0014,1,6150,0.0,6150.0
56,13,2025-01-04,10,4,SKU0034,4,3250,0.1,11700.0
57,14,2026-04-15,35,2,SKU0023,1,14950,0.0,14950.0
58,14,2026-04-15,35,2,SKU0027,2,10000,0.0,20000.0
59,14,2026-04-15,35,2,SKU0029,1,7200,0.15,6120.0
60,14,2026-04-15,35,2,SKU0042,2,11600,0.15,19720.0
61,15,2024-10-07,34,3,SKU0038,4,8300,0.05,31540.0
62,15,2024-10-07,34,3,SKU0022,5,2600,0.15,11050.0
63,15,2024-10-07,34,3,SKU0042,5,10000,0.0,50000.0
64,15,2024-10-07,34,3,SKU0021,4,3800,0.0,15200.0
65,16,2024-08-03,37,2,SKU0011,4,4300,0.0,17200.0
66,16,2024-08-03,37,2,SKU0017,3,13000,0.15,33150.0
67,16,2024-08-03,37,2,SKU0015,1,5000,0.0,5000.0
68,17,2025-04-21,23,3,SKU0011,2,4650,0.0,9300.0
69,17,2025-04-21,23,3,SKU0040,2,5850,0.0,11700.0
70,17,2025-04-21,23,3,SKU0035,2,16100,0.0,32200.0
71,17,2025-04-21,23,3,SKU0019,1,2800,0.0,2800.0
72,18,2025-03-27,37,2,SKU0017,5,14050,0.1,63225.0
73,18,2025-03-27,37,2,SKU0024,1,2500,0.1,2250.0
74,18,2025-03-27,37,2,SKU0012,3,2250,0.0,6750.0
75,18,2025-03-27,37,2,SKU0014,2,6150,0.0,12300.0
76,19,2024-11-08,29,5,SKU0035,1,14900,0.0,14900.0
77,19,2024-11-08,29,5,SKU0020,4,2300,0.0,9200.0
78,20,2024-10-09,50,2,SKU0021,5,3800,0.0,19000.0
79,20,2024-10-09,50,2,SKU0010,3,8600,0.0,25800.0
80,20,2024-10-09,50,2,SKU0001,3,3800,0.15,9690.0
81,20,2024-10-09,50,2,SKU0035,5,14900,0.1,67050.0
82,21,2026-06-02,10,5,SKU0029,5,7200,0.0,36000.0
83,21,2026-06-02,10,5,SKU0022,3,3000,0.0,9000.0
84,21,2026-06-02,10,5,SKU0008,4,4500,0.05,17100.0
85,21,2026-06-02,10,5,SKU0031,2,3700,0.0,7400.0
86,21,2026-06-02,10,5,SKU0003,3,2550,0.0,7650.0
87,21,2026-06-02,10,5,SKU0009,3,3950,0.0,11850.0
88,22,2025-04-16,39,2,SKU0034,1,3250,0.05,3087.5
89,22,2025-04-16,39,2,SKU0015,4,5400,0.1,19440.0
90,22,2025-04-16,39,2,SKU0018,1,4300,0.05,4085.0
91,22,2025-04-16,39,2,SKU0013,4,4850,0.0,19400.0
92,22,2025-04-16,39,2,SKU0002,4,4650,0.0,18600.0
93,23,2026-04-15,39,5,SKU0004,3,10450,0.0,31350.0
94,23,2026-04-15,39,5,SKU0024,3,2650,0.0,7950.0
95,23,2026-04-15,39,5,SKU0026,3,6400,0.0,19200.0
96,23,2026-04-15,39,5,SKU0010,3,10000,0.0,30000.0
97,23,2026-04-15,39,5,SKU0028,4,3350,0.15,11390.0
98,24,2025-07-22,36,1,SKU0029,4,6700,0.0,26800.0
99,24,2025-07-22,36,1,SKU0027,2,9300,0.15,15810.0
100,25,2024-03-02,47,4,SKU0027,2,8600,0.0,17200.0
101,25,2024-03-02,47,4,SKU0009,4,3400,0.15,11560.0
102,25,2024-03-02,47,4,SKU0038,5,8300,0.0,41500.0
103,25,2024-03-02,47,4,SKU0039,1,13100,0.05,12445.0
104,25,2024-03-02,47,4,SKU0006,4,2300,0.0,9200.0
105,25,2024-03-02,47,4,SKU0010,1,8600,0.0,8600.0
106,26,2026-07-31,41,3,SKU0012,2,2450,0.0,4900.0
107,26,2026-07-31,41,3,SKU0036,2,23100,0.15,39270.0
108,26,2026-07-31,41,3,SKU0030,4,4050,0.0,16200.0
109,26,2026-07-31,41,3,SKU0037,5,17750,0.0,88750.0
110,27,2026-03-26,3,3,SKU0020,1,2650,0.15,2252.5
111,27,2026-03-26,3,3,SKU0032,1,3600,0.0,3600.0
112,27,2026-03-26,3,3,SKU0036,3,23100,0.0,69300.0
113,27,2026-03-26,3,3,SKU0030,4,4050,0.0,16200.0
114,27,2026-03-26,3,3,SKU0015,3,5800,0.0,17400.0
115,28,2026-07-08,12,4,SKU0042,1,11600,0.05,11020.0
116,28,2026-07-08,12,4,SKU0016,3,4300,0.05,12255.0
117,28,2026-07-08,12,4,SKU0002,4,5000,0.05,19000.0
118,28,2026-07-08,12,4,SKU0008,4,4500,0.15,15300.0
119,28,2026-07-08,12,4,SKU0018,3,4650,0.1,12555.0
120,28,2026-07-08,12,4,SKU0032,4,3600,0.1,12960.0
121,29,2026-06-05,8,3,SKU0037,1,17750,0.0,17750.0
122,29,2026-06-05,8,3,SKU0002,3,5000,0.0,15000.0
123,29,2026-06-05,8,3,SKU0017,2,15100,0.0,30200.0
124,29,2026-06-05,8,3,SKU0011,2,5000,0.0,10000.0
125,29,2026-06-05,8,3,SKU0038,3,9650,0.0,28950.0
126,30,2026-04-05,27,3,SKU0019,3,3000,0.05,8550.0
127,31,2024-07-08,41,1,SKU0013,2,4500,0.05,8550.0
128,31,2024-07-08,41,1,SKU0041,3,9000,0.15,22950.0
129,31,2024-07-08,41,1,SKU0012,3,2100,0.15,5355.0
130,31,2024-07-08,41,1,SKU0007,3,5000,0.0,15000.0
131,31,2024-07-08,41,1,SKU0039,3,13100,0.0,39300.0
132,32,2025-05-25,35,5,SKU0010,5,9300,0.0,46500.0
133,32,2025-05-25,35,5,SKU0001,3,4100,0.15,10455.0
134,32,2025-05-25,35,5,SKU0009,4,3650,0.0,14600.0
135,33,2024-08-29,22,2,SKU0014,2,5700,0.05,10830.0
136,34,2025-03-08,15,2,SKU0040,4,5850,0.0,23400.0
137,34,2025-03-08,15,2,SKU0034,1,3250,0.0,3250.0
138,34,2025-03-08,15,2,SKU0035,2,16100,0.0,32200.0
139,34,2025-03-08,15,2,SKU0036,4,21500,0.0,86000.0
140,34,2025-03-08,15,2,SKU0008,3,4200,0.1,11340.0
141,35,2024-03-11,24,2,SKU0039,3,13100,0.0,39300.0
142,35,2024-03-11,24,2,SKU0034,1,3000,0.0,3000.0
143,35,2024-03-11,24,2,SKU0022,2,2600,0.15,4420.0
144,35,2024-03-11,24,2,SKU0012,2,2100,0.1,3780.0
145,36,2025-02-13,15,3,SKU0014,1,6150,0.0,6150.0
146,36,2025-02-13,15,3,SKU0009,1,3650,0.0,3650.0
147,37,2026-07-20,2,4,SKU0003,5,2550,0.0,12750.0
148,37,2026-07-20,2,4,SKU0013,4,5200,0.0,20800.0
149,37,2026-07-20,2,4,SKU0007,3,5800,0.0,17400.0
150,37,2026-07-20,2,4,SKU0033,1,3600,0.0,3600.0
151,38,2024-10-25,43,1,SKU0008,5,3900,0.0,19500.0
152,39,2026-02-10,38,2,SKU0023,1,14950,0.0,14950.0
153,39,2026-02-10,38,2,SKU0002,3,5000,0.05,14250.0
154,40,2025-04-27,23,3,SKU0033,2,3350,0.05,6365.0
155,40,2025-04-27,23,3,SKU0040,5,5850,0.0,29250.0
156,41,2025-03-28,7,5,SKU0034,2,3250,0.1,5850.0
157,42,2026-06-29,13,3,SKU0035,1,17300,0.0,17300.0
158,42,2026-06-29,13,3,SKU0001,5,4400,0.15,18700.0
159,43,2026-07-28,46,4,SKU0038,1,9650,0.0,9650.0
160,43,2026-07-28,46,4,SKU0012,3,2450,0.0,7350.0
161,43,2026-07-28,46,4,SKU0029,4,7200,0.0,28800.0
162,44,2025-07-27,33,2,SKU0008,2,4200,0.0,8400.0
163,44,2025-07-27,33,2,SKU0021,3,4100,0.1,11070.0
164,44,2025-07-27,33,2,SKU0030,3,3800,0.05,10830.0
165,44,2025-07-27,33,2,SKU0034,1,3250,0.0,3250.0
166,45,2025-12-18,21,4,SKU0025,3,7450,0.0,22350.0
167,46,2024-06-25,39,3,SKU0029,2,6200,0.15,10540.0
168,46,2024-06-25,39,3,SKU0015,1,5000,0.15,4250.0
169,46,2024-06-25,39,3,SKU0036,4,19900,0.1,71640.0
170,46,2024-06-25,39,3,SKU0027,3,8600,0.0,25800.0
171,46,2024-06-25,39,3,SKU0019,1,2600,0.1,2340.0
172,46,2024-06-25,39,3,SKU0028,4,2900,0.1,10440.0
173,47,2024-11-27,7,4,SKU0034,4,3000,0.0,12000.0
174,47,2024-11-27,7,4,SKU0006,5,2300,0.0,11500.0
175,47,2024-11-27,7,4,SKU0008,2,3900,0.0,7800.0
176,47,2024-11-27,7,4,SKU0010,3,8600,0.0,25800.0
177,48,2026-07-07,22,2,SKU0026,3,6400,0.15,16320.0
178,48,2026-07-07,22,2,SKU0008,5,4500,0.05,21375.0
179,48,2026-07-07,22,2,SKU0015,3,5800,0.15,14790.0
180,48,2026-07-07,22,2,SKU0028,4,3350,0.0,13400.0
181,48,2026-07-07,22,2,SKU0032,4,3600,0.1,12960.0
182,49,2025-08-18,39,4,SKU0033,1,3350,0.0,3350.0
183,49,2025-08-18,39,4,SKU0018,3,4300,0.0,12900.0
184,49,2025-08-18,39,4,SKU0010,4,9300,0.0,37200.0
185,49,2025-08-18,39,4,SKU0030,2,3800,0.0,7600.0
186,50,2025-07-15,7,1,SKU0032,1,3350,0.0,3350.0
187,51,2026-01-09,25,5,SKU0021,4,4400,0.15,14960.0
188,51,2026-01-09,25,5,SKU0010,4,10000,0.0,40000.0
189,51,2026-01-09,25,5,SKU0020,3,2650,0.1,7155.0
190,51,2026-01-09,25,5,SKU0007,4,5800,0.0,23200.0
191,51,2026-01-09,25,5,SKU0005,5,9050,0.0,45250.0
192,51,2026-01-09,25,5,SKU0034,5,3500,0.0,17500.0
193,52,2024-03-10,35,5,SKU0003,4,2200,0.0,8800.0
194,53,2025-08-23,25,4,SKU0025,1,7450,0.0,7450.0
195,53,2025-08-23,25,4,SKU0029,2,6700,0.05,12730.0
196,53,2025-08-23,25,4,SKU0030,3,3800,0.1,10260.0
197,54,2025-06-10,11,4,SKU0009,1,3650,0.05,3467.5
198,54,2025-06-10,11,4,SKU0020,4,2500,0.1,9000.0
199,54,2025-06-10,11,4,SKU0025,5,7450,0.1,33525.0
200,54,2025-06-10,11,4,SKU0032,5,3350,0.05,15912.5
201,55,2026-04-08,31,4,SKU0011,4,5000,0.05,19000.0
202,55,2026-04-08,31,4,SKU0033,4,3600,0.05,13680.0
203,55,2026-04-08,31,4,SKU0004,3,10450,0.15,26647.5
204,55,2026-04-08,31,4,SKU0026,3,6400,0.0,19200.0
205,55,2026-04-08,31,4,SKU0017,1,15100,0.0,15100.0
206,56,2024-06-28,38,1,SKU0024,5,2300,0.0,11500.0
207,56,2024-06-28,38,1,SKU0023,3,12900,0.0,38700.0
208,57,2026-07-01,7,4,SKU0023,2,14950,0.0,29900.0
209,57,2026-07-01,7,4,SKU0027,2,10000,0.1,18000.0
210,57,2026-07-01,7,4,SKU0004,3,10450,0.05,29782.5
211,58,2024-04-05,6,1,SKU0008,1,3900,0.05,3705.0
212,58,2024-04-05,6,1,SKU0022,3,2600,0.0,7800.0
213,58,2024-04-05,6,1,SKU0011,4,4300,0.1,15480.0
214,59,2024-07-29,28,5,SKU0027,1,8600,0.0,8600.0
215,59,2024-07-29,28,5,SKU0018,4,4000,0.05,15200.0
216,59,2024-07-29,28,5,SKU0002,4,4300,0.0,17200.0
217,59,2024-07-29,28,5,SKU0031,5,3200,0.0,16000.0
218,59,2024-07-29,28,5,SKU0038,4,8300,0.0,33200.0
219,60,2025-09-02,45,2,SKU0032,2,3350,0.05,6365.0
220,60,2025-09-02,45,2,SKU0033,3,3350,0.0,10050.0
221,60,2025-09-02,45,2,SKU0022,4,2800,0.0,11200.0
222,61,2025-11-14,32,1,SKU0014,5,6150,0.0,30750.0
223,61,2025-11-14,32,1,SKU0019,2,2800,0.05,5320.0
224,61,2025-11-14,32,1,SKU0017,1,14050,0.1,12645.0
225,61,2025-11-14,32,1,SKU0004,5,9700,0.0,48500.0
226,61,2025-11-14,32,1,SKU0020,5,2500,0.0,12500.0
227,62,2024-09-23,18,1,SKU0034,1,3000,0.1,2700.0
228,62,2024-09-23,18,1,SKU0031,3,3200,0.05,9120.0
229,62,2024-09-23,18,1,SKU0028,3,2900,0.0,8700.0
230,62,2024-09-23,18,1,SKU0014,5,5700,0.0,28500.0
231,62,2024-09-23,18,1,SKU0023,2,12900,0.0,25800.0
232,63,2024-05-19,26,3,SKU0033,5,3100,0.15,13175.0
233,63,2024-05-19,26,3,SKU0030,2,3500,0.05,6650.0
234,63,2024-05-19,26,3,SKU0036,4,19900,0.0,79600.0
235,63,2024-05-19,26,3,SKU0012,4,2100,0.0,8400.0
236,63,2024-05-19,26,3,SKU0002,5,4300,0.15,18275.0
237,64,2026-05-08,40,4,SKU0041,4,10450,0.0,41800.0
238,64,2026-05-08,40,4,SKU0004,2,10450,0.0,20900.0
239,64,2026-05-08,40,4,SKU0034,3,3500,0.15,8925.0
240,64,2026-05-08,40,4,SKU0013,4,5200,0.0,20800.0
241,64,2026-05-08,40,4,SKU0024,3,2650,0.15,6757.5
242,65,2024-10-05,5,2,SKU0018,3,4000,0.1,10800.0
243,65,2024-10-05,5,2,SKU0019,5,2600,0.0,13000.0
244,65,2024-10-05,5,2,SKU0042,4,10000,0.0,40000.0
245,65,2024-10-05,5,2,SKU0011,1,4300,0.0,4300.0
246,66,2025-09-01,13,1,SKU0020,4,2500,0.05,9500.0
247,66,2025-09-01,13,1,SKU0030,4,3800,0.0,15200.0
248,67,2025-09-25,42,1,SKU0011,2,4650,0.0,9300.0
249,67,2025-09-25,42,1,SKU0018,3,4300,0.15,10965.0
250,68,2025-03-25,18,5,SKU0042,4,10800,0.15,36720.0
251,68,2025-03-25,18,5,SKU0003,1,2400,0.0,2400.0
252,69,2025-08-22,6,3,SKU0020,4,2500,0.15,8500.0
253,69,2025-08-22,6,3,SKU0005,2,8400,0.0,16800.0
254,69,2025-08-22,6,3,SKU0027,1,9300,0.05,8835.0
255,69,2025-08-22,6,3,SKU0024,5,2500,0.0,12500.0
256,69,2025-08-22,6,3,SKU0006,5,2500,0.1,11250.0
257,70,2025-06-27,38,5,SKU0032,5,3350,0.0,16750.0
258,70,2025-06-27,38,5,SKU0006,3,2500,0.0,7500.0
259,70,2025-06-27,38,5,SKU0016,5,4000,0.1,18000.0
260,71,2026-06-11,25,2,SKU0014,2,6600,0.0,13200.0
261,71,2026-06-11,25,2,SKU0010,4,10000,0.0,40000.0
262,71,2026-06-11,25,2,SKU0007,3,5800,0.15,14790.0
263,71,2026-06-11,25,2,SKU0012,5,2450,0.0,12250.0
264,72,2024-08-19,32,5,SKU0008,4,3900,0.0,15600.0
265,72,2024-08-19,32,5,SKU0021,2,3800,0.0,7600.0
266,72,2024-08-19,32,5,SKU0035,2,14900,0.0,29800.0
267,73,2025-12-16,31,3,SKU0002,1,4650,0.15,3952.5
268,73,2025-12-16,31,3,SKU0042,1,10800,0.1,9720.0
269,73,2025-12-16,31,3,SKU0039,2,14150,0.0,28300.0
270,74,2024-09-27,36,4,SKU0041,5,9000,0.15,38250.0
271,74,2024-09-27,36,4,SKU0024,2,2300,0.15,3910.0
272,74,2024-09-27,36,4,SKU0008,4,3900,0.0,15600.0
273,75,2025-03-03,1,4,SKU0020,3,2500,0.0,7500.0
274,75,2025-03-03,1,4,SKU0006,2,2500,0.0,5000.0
275,75,2025-03-03,1,4,SKU0016,3,4000,0.15,10200.0
276,76,2025-11-11,50,4,SKU0018,1,4300,0.15,3655.0
277,77,2024-11-30,50,4,SKU0027,2,8600,0.1,15480.0
278,77,2024-11-30,50,4,SKU0022,3,2600,0.05,7410.0
279,77,2024-11-30,50,4,SKU0028,1,2900,0.0,2900.0
280,77,2024-11-30,50,4,SKU0007,4,5000,0.05,19000.0
281,78,2024-12-15,47,5,SKU0021,2,3800,0.0,7600.0
282,78,2024-12-15,47,5,SKU0030,4,3500,0.0,14000.0
283,78,2024-12-15,47,5,SKU0002,3,4300,0.0,12900.0
284,78,2024-12-15,47,5,SKU0004,5,9000,0.0,45000.0
285,78,2024-12-15,47,5,SKU0012,1,2100,0.0,2100.0
286,78,2024-12-15,47,5,SKU0029,2,6200,0.05,11780.0
287,79,2026-01-13,46,2,SKU0027,3,10000,0.0,30000.0
288,79,2026-01-13,46,2,SKU0021,5,4400,0.15,18700.0
289,79,2026-01-13,46,2,SKU0029,3,7200,0.15,18360.0
290,79,2026-01-13,46,2,SKU0031,3,3700,0.0,11100.0
291,79,2026-01-13,46,2,SKU0009,1,3950,0.0,3950.0
292,80,2024-03-27,24,2,SKU0025,1,6900,0.05,6555.0
293,80,2024-03-27,24,2,SKU0037,5,15300,0.1,68850.0
294,80,2024-03-27,24,2,SKU0015,2,5000,0.0,10000.0
295,80,2024-03-27,24,2,SKU0002,4,4300,0.0,17200.0
296,81,2025-05-01,17,2,SKU0026,5,5950,0.0,29750.0
297,82,2026-07-30,39,3,SKU0006,2,2650,0.05,5035.0
298,82,2026-07-30,39,3,SKU0024,1,2650,0.0,2650.0
299,83,2026-07-28,46,5,SKU0030,2,4050,0.0,8100.0
300,83,2026-07-28,46,5,SKU0032,3,3600,0.0,10800.0
301,83,2026-07-28,46,5,SKU0008,4,4500,0.0,18000.0
302,83,2026-07-28,46,5,SKU0015,2,5800,0.0,11600.0
303,84,2024-03-28,14,5,SKU0019,4,2600,0.0,10400.0
304,84,2024-03-28,14,5,SKU0013,4,4500,0.15,15300.0
305,85,2024-08-29,10,1,SKU0017,4,13000,0.0,52000.0
306,85,2024-08-29,10,1,SKU0016,3,3700,0.05,10545.0
307,85,2024-08-29,10,1,SKU0040,4,5400,0.0,21600.0
308,86,2024-10-25,1,4,SKU0021,2,3800,0.1,6840.0
309,86,2024-10-25,1,4,SKU0026,4,5500,0.1,19800.0
310,87,2026-06-10,28,5,SKU0005,1,9050,0.0,9050.0
311,87,2026-06-10,28,5,SKU0007,3,5800,0.0,17400.0
312,87,2026-06-10,28,5,SKU0036,4,23100,0.0,92400.0
313,88,2026-05-01,39,5,SKU0003,4,2550,0.1,9180.0
314,88,2026-05-01,39,5,SKU0001,3,4400,0.0,13200.0
315,88,2026-05-01,39,5,SKU0017,5,15100,0.0,75500.0
316,88,2026-05-01,39,5,SKU0033,5,3600,0.0,18000.0
317,88,2026-05-01,39,5,SKU0025,3,8000,0.0,24000.0
318,88,2026-05-01,39,5,SKU0020,5,2650,0.0,13250.0
319,89,2026-04-29,22,4,SKU0006,5,2650,0.0,13250.0
320,89,2026-04-29,22,4,SKU0021,2,4400,0.0,8800.0
321,90,2025-02-03,8,3,SKU0009,4,3650,0.15,12410.0
322,91,2024-06-29,18,3,SKU0019,3,2600,0.0,7800.0
323,91,2024-06-29,18,3,SKU0017,2,13000,0.0,26000.0
324,91,2024-06-29,18,3,SKU0040,4,5400,0.15,18360.0
325,91,2024-06-29,18,3,SKU0034,2,3000,0.05,5700.0
326,92,2026-03-24,43,4,SKU0013,2,5200,0.0,10400.0
327,93,2025-12-07,15,2,SKU0031,3,3450,0.0,10350.0
328,94,2025-09-18,46,4,SKU0008,3,4200,0.1,11340.0
329,94,2025-09-18,46,4,SKU0032,5,3350,0.0,16750.0
330,94,2025-09-18,46,4,SKU0003,4,2400,0.0,9600.0
331,94,2025-09-18,46,4,SKU0029,1,6700,0.15,5695.0
332,95,2026-07-22,47,2,SKU0023,1,14950,0.0,14950.0
333,96,2025-10-26,19,2,SKU0033,5,3350,0.1,15075.0
334,96,2025-10-26,19,2,SKU0018,5,4300,0.0,21500.0
335,97,2024-01-10,38,1,SKU0037,4,15300,0.1,55080.0
336,97,2024-01-10,38,1,SKU0012,1,2100,0.0,2100.0
337,97,2024-01-10,38,1,SKU0027,1,8600,0.0,8600.0
338,97,2024-01-10,38,1,SKU0005,1,7800,0.0,7800.0
339,97,2024-01-10,38,1,SKU0016,3,3700,0.05,10545.0
340,98,2026-03-10,7,3,SKU0002,4,5000,0.15,17000.0
341,98,2026-03-10,7,3,SKU0006,4,2650,0.0,10600.0
342,99,2024-11-30,41,3,SKU0001,4,3800,0.0,15200.0
343,99,2024-11-30,41,3,SKU0022,5,2600,0.0,13000.0
344,99,2024-11-30,41,3,SKU0003,2,2200,0.15,3740.0
345,99,2024-11-30,41,3,SKU0042,1,10000,0.15,8500.0
346,99,2024-11-30,41,3,SKU0040,3,5400,0.0,16200.0
347,100,2025-11-04,4,1,SKU0039,2,14150,0.0,28300.0
348,100,2025-11-04,4,1,SKU0025,4,7450,0.0,29800.0
349,100,2025-11-04,4,1,SKU0006,1,2500,0.15,2125.0
350,100,2025-11-04,4,1,SKU0026,2,5950,0.0,11900.0
351,100,2025-11-04,4,1,SKU0017,4,14050,0.15,47770.0
352,101,2026-06-14,26,3,SKU0042,3,11600,0.1,31320.0
353,101,2026-06-14,26,3,SKU0010,5,10000,0.0,50000.0
354,101,2026-06-14,26,3,SKU0008,3,4500,0.1,12150.0
355,101,2026-06-14,26,3,SKU0020,1,2650,0.15,2252.5
356,101,2026-06-14,26,3,SKU0032,3,3600,0.05,10260.0
357,101,2026-06-14,26,3,SKU0028,2,3350,0.0,6700.0
358,102,2024-06-03,29,4,SKU0018,1,4000,0.15,3400.0
359,102,2024-06-03,29,4,SKU0037,4,15300,0.15,52020.0
360,102,2024-06-03,29,4,SKU0039,3,13100,0.05,37335.0
361,102,2024-06-03,29,4,SKU0028,2,2900,0.0,5800.0
362,103,2024-05-14,41,4,SKU0003,5,2200,0.0,11000.0
363,104,2024-05-05,30,2,SKU0010,4,8600,0.0,34400.0
364,104,2024-05-05,30,2,SKU0032,1,3100,0.15,2635.0
365,104,2024-05-05,30,2,SKU0034,4,3000,0.0,12000.0
366,104,2024-05-05,30,2,SKU0040,2,5400,0.0,10800.0
367,104,2024-05-05,30,2,SKU0006,3,2300,0.15,5865.0
368,104,2024-05-05,30,2,SKU0019,2,2600,0.05,4940.0
369,105,2025-07-25,28,3,SKU0004,1,9700,0.05,9215.0
370,105,2025-07-25,28,3,SKU0036,4,21500,0.0,86000.0
371,105,2025-07-25,28,3,SKU0005,1,8400,0.0,8400.0
372,105,2025-07-25,28,3,SKU0003,5,2400,0.15,10200.0
373,105,2025-07-25,28,3,SKU0033,3,3350,0.0,10050.0
374,106,2024-11-02,17,5,SKU0033,1,3100,0.0,3100.0
375,107,2025-09-11,48,4,SKU0012,1,2250,0.0,2250.0
376,107,2025-09-11,48,4,SKU0026,4,5950,0.1,21420.0
377,108,2025-12-17,20,3,SKU0030,2,3800,0.0,7600.0
378,108,2025-12-17,20,3,SKU0029,2,6700,0.0,13400.0
379,108,2025-12-17,20,3,SKU0040,5,5850,0.0,29250.0
380,108,2025-12-17,20,3,SKU0017,1,14050,0.0,14050.0
381,108,2025-12-17,20,3,SKU0022,5,2800,0.0,14000.0
382,109,2024-08-18,1,4,SKU0001,2,3800,0.1,6840.0
383,110,2025-10-09,31,4,SKU0026,3,5950,0.0,17850.0
384,110,2025-10-09,31,4,SKU0039,2,14150,0.0,28300.0
385,110,2025-10-09,31,4,SKU0032,1,3350,0.0,3350.0
386,110,2025-10-09,31,4,SKU0020,1,2500,0.15,2125.0
387,110,2025-10-09,31,4,SKU0024,1,2500,0.1,2250.0
388,110,2025-10-09,31,4,SKU0042,2,10800,0.15,18360.0
389,111,2024-10-24,2,2,SKU0042,5,10000,0.0,50000.0
390,111,2024-10-24,2,2,SKU0010,1,8600,0.0,8600.0
391,111,2024-10-24,2,2,SKU0016,4,3700,0.0,14800.0
392,111,2024-10-24,2,2,SKU0028,4,2900,0.0,11600.0
393,112,2025-05-28,2,1,SKU0010,4,9300,0.0,37200.0
394,112,2025-05-28,2,1,SKU0029,1,6700,0.15,5695.0
395,113,2026-05-20,29,5,SKU0013,5,5200,0.15,22100.0
396,113,2026-05-20,29,5,SKU0019,4,3000,0.0,12000.0
397,114,2026-04-03,22,1,SKU0041,4,10450,0.0,41800.0
398,115,2024-04-18,32,5,SKU0036,4,19900,0.05,75620.0
399,115,2024-04-18,32,5,SKU0019,5,2600,0.1,11700.0
400,115,2024-04-18,32,5,SKU0003,5,2200,0.1,9900.0
401,115,2024-04-18,32,5,SKU0032,4,3100,0.0,12400.0
402,115,2024-04-18,32,5,SKU0026,1,5500,0.05,5225.0
403,116,2025-03-29,2,4,SKU0021,4,4100,0.0,16400.0
404,116,2025-03-29,2,4,SKU0036,1,21500,0.0,21500.0
405,116,2025-03-29,2,4,SKU0005,5,8400,0.1,37800.0
406,116,2025-03-29,2,4,SKU0018,3,4300,0.0,12900.0
407,116,2025-03-29,2,4,SKU0042,4,10800,0.0,43200.0
408,117,2024-11-06,11,3,SKU0013,2,4500,0.05,8550.0
409,117,2024-11-06,11,3,SKU0031,3,3200,0.05,9120.0
410,117,2024-11-06,11,3,SKU0023,4,12900,0.0,51600.0
411,117,2024-11-06,11,3,SKU0029,3,6200,0.1,16740.0
412,117,2024-11-06,11,3,SKU0015,4,5000,0.0,20000.0
413,117,2024-11-06,11,3,SKU0033,3,3100,0.15,7905.0
414,118,2024-01-05,31,2,SKU0014,2,5700,0.0,11400.0
415,118,2024-01-05,31,2,SKU0019,2,2600,0.05,4940.0
416,118,2024-01-05,31,2,SKU0006,4,2300,0.0,9200.0
417,118,2024-01-05,31,2,SKU0031,4,3200,0.0,12800.0
418,118,2024-01-05,31,2,SKU0009,3,3400,0.0,10200.0
419,119,2026-01-29,14,5,SKU0002,3,5000,0.0,15000.0
420,120,2025-10-11,23,2,SKU0033,1,3350,0.0,3350.0
421,120,2025-10-11,23,2,SKU0003,4,2400,0.0,9600.0
422,121,2024-10-22,40,2,SKU0036,2,19900,0.0,39800.0
423,122,2026-01-04,17,3,SKU0003,2,2550,0.15,4335.0
424,122,2026-01-04,17,3,SKU0036,5,23100,0.05,109725.0
425,122,2026-01-04,17,3,SKU0018,1,4650,0.1,4185.0
426,123,2025-07-23,4,4,SKU0008,1,4200,0.05,3990.0
427,123,2025-07-23,4,4,SKU0007,1,5400,0.0,5400.0
428,123,2025-07-23,4,4,SKU0040,1,5850,0.15,4972.5
429,123,2025-07-23,4,4,SKU0036,2,21500,0.0,43000.0
430,124,2025-04-02,11,3,SKU0029,3,6700,0.15,17085.0
431,124,2025-04-02,11,3,SKU0033,2,3350,0.0,6700.0
432,124,2025-04-02,11,3,SKU0032,2,3350,0.0,6700.0
433,124,2025-04-02,11,3,SKU0007,4,5400,0.15,18360.0
434,124,2025-04-02,11,3,SKU0010,1,9300,0.0,9300.0
435,124,2025-04-02,11,3,SKU0024,4,2500,0.0,10000.0
436,125,2024-01-12,19,5,SKU0006,3,2300,0.1,6210.0
437,125,2024-01-12,19,5,SKU0018,4,4000,0.0,16000.0
438,126,2024-03-30,41,2,SKU0034,2,3000,0.0,6000.0
439,126,2024-03-30,41,2,SKU0027,4,8600,0.0,34400.0
440,127,2026-05-02,27,4,SKU0024,5,2650,0.0,13250.0
441,127,2026-05-02,27,4,SKU0002,1,5000,0.0,5000.0
442,127,2026-05-02,27,4,SKU0029,3,7200,0.0,21600.0
443,127,2026-05-02,27,4,SKU0010,2,10000,0.0,20000.0
444,127,2026-05-02,27,4,SKU0001,1,4400,0.0,4400.0
445,128,2026-05-19,49,1,SKU0042,4,11600,0.0,46400.0
446,128,2026-05-19,49,1,SKU0010,5,10000,0.15,42500.0
447,128,2026-05-19,49,1,SKU0037,3,17750,0.1,47925.0
448,128,2026-05-19,49,1,SKU0004,3,10450,0.0,31350.0
449,128,2026-05-19,49,1,SKU0034,1,3500,0.15,2975.0
450,128,2026-05-19,49,1,SKU0019,3,3000,0.05,8550.0
451,129,2025-07-18,40,2,SKU0026,4,5950,0.15,20230.0
452,129,2025-07-18,40,2,SKU0029,2,6700,0.0,13400.0
453,129,2025-07-18,40,2,SKU0014,1,6150,0.0,6150.0
454,129,2025-07-18,40,2,SKU0035,5,16100,0.0,80500.0
455,129,2025-07-18,40,2,SKU0041,4,9700,0.1,34920.0
456,129,2025-07-18,40,2,SKU0023,2,13950,0.05,26505.0
457,130,2026-03-24,35,3,SKU0006,5,2650,0.0,13250.0
458,130,2026-03-24,35,3,SKU0033,5,3600,0.0,18000.0
459,131,2025-08-21,49,2,SKU0002,5,4650,0.05,22087.5
460,132,2024-06-18,17,2,SKU0028,1,2900,0.15,2465.0
461,132,2024-06-18,17,2,SKU0033,3,3100,0.0,9300.0
462,132,2024-06-18,17,2,SKU0008,5,3900,0.0,19500.0
463,133,2024-05-27,8,1,SKU0008,3,3900,0.0,11700.0
464,133,2024-05-27,8,1,SKU0029,5,6200,0.05,29450.0
465,133,2024-05-27,8,1,SKU0020,5,2300,0.15,9775.0
466,133,2024-05-27,8,1,SKU0037,5,15300,0.0,76500.0
467,133,2024-05-27,8,1,SKU0001,3,3800,0.0,11400.0
468,133,2024-05-27,8,1,SKU0030,3,3500,0.1,9450.0
469,134,2024-12-08,46,5,SKU0009,5,3400,0.05,16150.0
470,134,2024-12-08,46,5,SKU0025,2,6900,0.15,11730.0
471,134,2024-12-08,46,5,SKU0034,3,3000,0.0,9000.0
472,134,2024-12-08,46,5,SKU0016,1,3700,0.0,3700.0
473,134,2024-12-08,46,5,SKU0007,4,5000,0.15,17000.0
474,134,2024-12-08,46,5,SKU0021,4,3800,0.0,15200.0
475,135,2026-05-15,6,1,SKU0009,1,3950,0.0,3950.0
476,135,2026-05-15,6,1,SKU0031,5,3700,0.0,18500.0
477,135,2026-05-15,6,1,SKU0014,5,6600,0.05,31350.0
478,135,2026-05-15,6,1,SKU0029,5,7200,0.15,30600.0
479,136,2026-02-20,26,3,SKU0032,2,3600,0.0,7200.0
480,136,2026-02-20,26,3,SKU0041,5,10450,0.0,52250.0
481,136,2026-02-20,26,3,SKU0028,4,3350,0.1,12060.0
482,136,2026-02-20,26,3,SKU0029,4,7200,0.0,28800.0
483,136,2026-02-20,26,3,SKU0027,5,10000,0.15,42500.0
484,137,2026-04-14,34,1,SKU0014,3,6600,0.0,19800.0
485,137,2026-04-14,34,1,SKU0030,5,4050,0.15,17212.5
486,137,2026-04-14,34,1,SKU0031,4,3700,0.0,14800.0
487,137,2026-04-14,34,1,SKU0003,1,2550,0.0,2550.0
488,137,2026-04-14,34,1,SKU0011,5,5000,0.0,25000.0
489,137,2026-04-14,34,1,SKU0036,1,23100,0.05,21945.0
490,138,2026-05-15,10,1,SKU0020,4,2650,0.0,10600.0
491,138,2026-05-15,10,1,SKU0024,2,2650,0.0,5300.0
492,138,2026-05-15,10,1,SKU0019,5,3000,0.0,15000.0
493,139,2024-08-25,4,3,SKU0014,1,5700,0.0,5700.0
494,139,2024-08-25,4,3,SKU0012,5,2100,0.0,10500.0
495,139,2024-08-25,4,3,SKU0032,1,3100,0.15,2635.0
496,140,2024-10-08,3,4,SKU0037,4,15300,0.0,61200.0
497,140,2024-10-08,3,4,SKU0020,5,2300,0.0,11500.0
498,140,2024-10-08,3,4,SKU0029,2,6200,0.05,11780.0
499,140,2024-10-08,3,4,SKU0022,4,2600,0.15,8840.0
500,141,2024-04-30,29,4,SKU0021,5,3800,0.1,17100.0
501,141,2024-04-30,29,4,SKU0006,5,2300,0.0,11500.0
502,142,2026-02-06,25,2,SKU0022,3,3000,0.1,8100.0
503,142,2026-02-06,25,2,SKU0035,1,17300,0.15,14705.0
504,142,2026-02-06,25,2,SKU0003,2,2550,0.1,4590.0
505,142,2026-02-06,25,2,SKU0029,1,7200,0.05,6840.0
506,143,2026-05-03,41,3,SKU0042,5,11600,0.05,55100.0
507,143,2026-05-03,41,3,SKU0008,5,4500,0.15,19125.0
508,143,2026-05-03,41,3,SKU0036,1,23100,0.05,21945.0
509,143,2026-05-03,41,3,SKU0006,5,2650,0.0,13250.0
510,143,2026-05-03,41,3,SKU0013,4,5200,0.05,19760.0
511,144,2025-03-13,2,1,SKU0035,5,16100,0.0,80500.0
512,144,2025-03-13,2,1,SKU0012,1,2250,0.15,1912.5
513,144,2025-03-13,2,1,SKU0002,5,4650,0.05,22087.5
514,144,2025-03-13,2,1,SKU0018,3,4300,0.0,12900.0
515,144,2025-03-13,2,1,SKU0014,5,6150,0.0,30750.0
516,144,2025-03-13,2,1,SKU0016,4,4000,0.15,13600.0
517,145,2025-09-26,2,3,SKU0012,3,2250,0.0,6750.0
518,145,2025-09-26,2,3,SKU0027,3,9300,0.0,27900.0
519,145,2025-09-26,2,3,SKU0002,1,4650,0.0,4650.0
520,145,2025-09-26,2,3,SKU0034,5,3250,0.0,16250.0
521,146,2024-06-25,19,2,SKU0017,2,13000,0.0,26000.0
522,146,2024-06-25,19,2,SKU0006,4,2300,0.1,8280.0
523,147,2026-06-08,11,1,SKU0021,4,4400,0.0,17600.0
524,147,2026-06-08,11,1,SKU0012,3,2450,0.0,7350.0
525,147,2026-06-08,11,1,SKU0002,4,5000,0.0,20000.0
526,147,2026-06-08,11,1,SKU0004,3,10450,0.0,31350.0
527,147,2026-06-08,11,1,SKU0020,1,2650,0.0,2650.0
528,148,2026-04-18,13,2,SKU0038,1,9650,0.0,9650.0
529,148,2026-04-18,13,2,SKU0016,1,4300,0.0,4300.0
530,148,2026-04-18,13,2,SKU0032,4,3600,0.05,13680.0
531,148,2026-04-18,13,2,SKU0033,4,3600,0.0,14400.0
532,148,2026-04-18,13,2,SKU0025,4,8000,0.0,32000.0
533,149,2026-07-13,27,2,SKU0018,5,4650,0.05,22087.5
534,150,2026-03-05,44,1,SKU0036,2,23100,0.0,46200.0
535,150,2026-03-05,44,1,SKU0042,5,11600,0.0,58000.0
536,151,2026-05-01,29,1,SKU0033,2,3600,0.05,6840.0
537,151,2026-05-01,29,1,SKU0014,4,6600,0.05,25080.0
538,151,2026-05-01,29,1,SKU0010,4,10000,0.0,40000.0
539,151,2026-05-01,29,1,SKU0024,1,2650,0.15,2252.5
540,151,2026-05-01,29,1,SKU0035,4,17300,0.15,58820.0
541,151,2026-05-01,29,1,SKU0011,5,5000,0.0,25000.0
542,152,2024-01-30,42,2,SKU0004,4,9000,0.0,36000.0
543,153,2025-12-31,39,3,SKU0025,1,7450,0.0,7450.0
544,153,2025-12-31,39,3,SKU0023,5,13950,0.05,66262.5
545,153,2025-12-31,39,3,SKU0014,1,6150,0.0,6150.0
546,153,2025-12-31,39,3,SKU0038,1,8950,0.0,8950.0
547,153,2025-12-31,39,3,SKU0033,1,3350,0.15,2847.5
548,153,2025-12-31,39,3,SKU0019,2,2800,0.1,5040.0
549,154,2024-12-28,36,3,SKU0014,3,5700,0.1,15390.0
550,154,2024-12-28,36,3,SKU0040,3,5400,0.15,13770.0
551,154,2024-12-28,36,3,SKU0033,4,3100,0.0,12400.0
552,154,2024-12-28,36,3,SKU0021,2,3800,0.1,6840.0
553,155,2026-06-08,21,3,SKU0030,3,4050,0.0,12150.0
554,155,2026-06-08,21,3,SKU0039,2,15200,0.1,27360.0
555,156,2026-02-26,1,5,SKU0001,4,4400,0.15,14960.0
556,156,2026-02-26,1,5,SKU0012,4,2450,0.05,9310.0
557,156,2026-02-26,1,5,SKU0027,1,10000,0.15,8500.0
558,156,2026-02-26,1,5,SKU0036,1,23100,0.05,21945.0
559,157,2026-04-17,2,4,SKU0008,2,4500,0.15,7650.0
560,157,2026-04-17,2,4,SKU0023,1,14950,0.0,14950.0
561,157,2026-04-17,2,4,SKU0025,4,8000,0.0,32000.0
562,157,2026-04-17,2,4,SKU0039,2,15200,0.0,30400.0
563,157,2026-04-17,2,4,SKU0041,1,10450,0.0,10450.0
564,157,2026-04-17,2,4,SKU0040,1,6250,0.15,5312.5
565,158,2026-03-05,18,3,SKU0006,3,2650,0.15,6757.5
566,158,2026-03-05,18,3,SKU0040,2,6250,0.0,12500.0
567,159,2024-10-27,32,3,SKU0018,4,4000,0.1,14400.0
568,160,2026-02-13,46,5,SKU0001,4,4400,0.0,17600.0
569,160,2026-02-13,46,5,SKU0013,3,5200,0.05,14820.0
570,161,2024-05-06,33,4,SKU0036,5,19900,0.1,89550.0
571,161,2024-05-06,33,4,SKU0013,5,4500,0.05,21375.0
572,162,2026-04-24,12,1,SKU0009,5,3950,0.1,17775.0
573,162,2026-04-24,12,1,SKU0005,3,9050,0.0,27150.0
574,162,2026-04-24,12,1,SKU0017,1,15100,0.1,13590.0
575,162,2026-04-24,12,1,SKU0037,5,17750,0.05,84312.5
576,162,2026-04-24,12,1,SKU0015,3,5800,0.1,15660.0
577,163,2026-04-13,36,4,SKU0028,1,3350,0.15,2847.5
578,164,2024-09-08,21,4,SKU0018,4,4000,0.0,16000.0
579,164,2024-09-08,21,4,SKU0008,5,3900,0.15,16575.0
580,164,2024-09-08,21,4,SKU0034,1,3000,0.1,2700.0
581,164,2024-09-08,21,4,SKU0030,2,3500,0.0,7000.0
582,165,2026-03-10,18,4,SKU0029,3,7200,0.0,21600.0
583,165,2026-03-10,18,4,SKU0021,5,4400,0.15,18700.0
584,165,2026-03-10,18,4,SKU0001,1,4400,0.1,3960.0
585,165,2026-03-10,18,4,SKU0026,2,6400,0.1,11520.0
586,165,2026-03-10,18,4,SKU0013,4,5200,0.0,20800.0
587,166,2025-05-02,16,2,SKU0022,1,2800,0.1,2520.0
588,166,2025-05-02,16,2,SKU0020,1,2500,0.0,2500.0
589,167,2024-12-05,31,4,SKU0038,3,8300,0.15,21165.0
590,168,2026-02-20,17,2,SKU0031,2,3700,0.0,7400.0
591,169,2024-09-14,4,3,SKU0016,1,3700,0.1,3330.0
592,169,2024-09-14,4,3,SKU0005,4,7800,0.05,29640.0
593,169,2024-09-14,4,3,SKU0039,1,13100,0.0,13100.0
594,169,2024-09-14,4,3,SKU0040,1,5400,0.0,5400.0
595,169,2024-09-14,4,3,SKU0029,4,6200,0.0,24800.0
596,170,2024-01-29,45,1,SKU0004,1,9000,0.0,9000.0
597,170,2024-01-29,45,1,SKU0029,5,6200,0.1,27900.0
598,171,2024-08-06,28,1,SKU0004,5,9000,0.0,45000.0
599,172,2024-12-25,19,4,SKU0007,5,5000,0.15,21250.0
600,172,2024-12-25,19,4,SKU0040,5,5400,0.0,27000.0
601,172,2024-12-25,19,4,SKU0027,4,8600,0.0,34400.0
602,172,2024-12-25,19,4,SKU0015,4,5000,0.15,17000.0
603,173,2026-04-17,28,5,SKU0007,5,5800,0.0,29000.0
604,173,2026-04-17,28,5,SKU0022,5,3000,0.0,15000.0
605,173,2026-04-17,28,5,SKU0042,1,11600,0.0,11600.0
606,173,2026-04-17,28,5,SKU0002,1,5000,0.05,4750.0
607,173,2026-04-17,28,5,SKU0030,1,4050,0.05,3847.5
608,174,2026-07-06,13,5,SKU0041,3,10450,0.0,31350.0
609,174,2026-07-06,13,5,SKU0033,4,3600,0.0,14400.0
610,175,2024-11-09,47,5,SKU0012,1,2100,0.0,2100.0
611,175,2024-11-09,47,5,SKU0016,3,3700,0.05,10545.0
612,175,2024-11-09,47,5,SKU0009,4,3400,0.05,12920.0
613,175,2024-11-09,47,5,SKU0003,3,2200,0.0,6600.0
614,176,2025-10-15,38,5,SKU0010,3,9300,0.05,26505.0
615,176,2025-10-15,38,5,SKU0031,3,3450,0.0,10350.0
616,177,2025-03-06,24,1,SKU0038,5,8950,0.15,38037.5
617,177,2025-03-06,24,1,SKU0010,1,9300,0.0,9300.0
618,177,2025-03-06,24,1,SKU0004,3,9700,0.0,29100.0
619,177,2025-03-06,24,1,SKU0016,2,4000,0.1,7200.0
620,177,2025-03-06,24,1,SKU0033,2,3350,0.15,5695.0
621,178,2026-07-17,5,3,SKU0031,5,3700,0.1,16650.0
622,178,2026-07-17,5,3,SKU0030,3,4050,0.15,10327.5
623,179,2025-07-10,38,5,SKU0040,3,5850,0.0,17550.0
624,179,2025-07-10,38,5,SKU0020,1,2500,0.0,2500.0
625,179,2025-07-10,38,5,SKU0027,1,9300,0.0,9300.0
626,180,2026-06-15,15,1,SKU0015,3,5800,0.15,14790.0
627,180,2026-06-15,15,1,SKU0042,4,11600,0.0,46400.0
628,180,2026-06-15,15,1,SKU0030,4,4050,0.0,16200.0
629,180,2026-06-15,15,1,SKU0014,1,6600,0.0,6600.0
630,180,2026-06-15,15,1,SKU0016,1,4300,0.0,4300.0
631,180,2026-06-15,15,1,SKU0031,3,3700,0.0,11100.0
632,181,2024-05-14,36,1,SKU0019,2,2600,0.1,4680.0
633,181,2024-05-14,36,1,SKU0029,5,6200,0.15,26350.0
634,182,2026-07-09,24,1,SKU0013,2,5200,0.0,10400.0
635,183,2024-07-21,12,2,SKU0012,2,2100,0.0,4200.0
636,183,2024-07-21,12,2,SKU0022,2,2600,0.0,5200.0
637,183,2024-07-21,12,2,SKU0036,2,19900,0.15,33830.0
638,184,2026-07-03,17,1,SKU0009,4,3950,0.1,14220.0
639,185,2024-10-26,8,3,SKU0020,2,2300,0.0,4600.0
640,185,2024-10-26,8,3,SKU0030,3,3500,0.1,9450.0
641,186,2024-05-06,11,5,SKU0028,2,2900,0.0,5800.0
642,186,2024-05-06,11,5,SKU0005,5,7800,0.0,39000.0
643,186,2024-05-06,11,5,SKU0008,3,3900,0.0,11700.0
644,186,2024-05-06,11,5,SKU0010,5,8600,0.0,43000.0
645,186,2024-05-06,11,5,SKU0009,2,3400,0.0,6800.0
646,187,2025-04-08,49,5,SKU0013,2,4850,0.0,9700.0
647,187,2025-04-08,49,5,SKU0035,3,16100,0.15,41055.0
648,187,2025-04-08,49,5,SKU0019,2,2800,0.15,4760.0
649,187,2025-04-08,49,5,SKU0010,5,9300,0.05,44175.0
650,187,2025-04-08,49,5,SKU0021,4,4100,0.0,16400.0
651,188,2025-12-25,47,1,SKU0040,4,5850,0.15,19890.0
652,188,2025-12-25,47,1,SKU0005,5,8400,0.0,42000.0
653,188,2025-12-25,47,1,SKU0011,4,4650,0.05,17670.0
654,188,2025-12-25,47,1,SKU0033,4,3350,0.0,13400.0
655,189,2024-12-12,21,3,SKU0031,5,3200,0.1,14400.0
656,189,2024-12-12,21,3,SKU0032,1,3100,0.0,3100.0
657,189,2024-12-12,21,3,SKU0018,2,4000,0.0,8000.0
658,189,2024-12-12,21,3,SKU0038,4,8300,0.15,28220.0
659,189,2024-12-12,21,3,SKU0026,2,5500,0.0,11000.0
660,190,2025-09-12,14,3,SKU0025,3,7450,0.05,21232.5
661,190,2025-09-12,14,3,SKU0037,1,16500,0.0,16500.0
662,190,2025-09-12,14,3,SKU0011,1,4650,0.0,4650.0
663,190,2025-09-12,14,3,SKU0024,4,2500,0.05,9500.0
664,191,2025-06-17,23,2,SKU0003,4,2400,0.0,9600.0
665,191,2025-06-17,23,2,SKU0030,4,3800,0.0,15200.0
666,191,2025-06-17,23,2,SKU0033,4,3350,0.0,13400.0
667,191,2025-06-17,23,2,SKU0040,4,5850,0.0,23400.0
668,191,2025-06-17,23,2,SKU0022,3,2800,0.0,8400.0
669,192,2025-02-20,2,2,SKU0015,3,5400,0.0,16200.0
670,192,2025-02-20,2,2,SKU0017,3,14050,0.15,35827.5
671,192,2025-02-20,2,2,SKU0042,5,10800,0.05,51300.0
672,192,2025-02-20,2,2,SKU0005,5,8400,0.1,37800.0
673,193,2025-08-16,6,3,SKU0007,1,5400,0.0,5400.0
674,193,2025-08-16,6,3,SKU0008,1,4200,0.05,3990.0
675,194,2024-10-14,13,3,SKU0022,3,2600,0.1,7020.0
676,194,2024-10-14,13,3,SKU0017,3,13000,0.0,39000.0
677,195,2025-12-11,46,5,SKU0035,1,16100,0.15,13685.0
678,195,2025-12-11,46,5,SKU0017,3,14050,0.0,42150.0
679,196,2024-01-03,23,4,SKU0038,5,8300,0.15,35275.0
680,196,2024-01-03,23,4,SKU0042,2,10000,0.15,17000.0
681,196,2024-01-03,23,4,SKU0001,4,3800,0.0,15200.0
682,196,2024-01-03,23,4,SKU0031,2,3200,0.1,5760.0
683,197,2026-06-04,48,2,SKU0015,4,5800,0.1,20880.0
684,197,2026-06-04,48,2,SKU0034,4,3500,0.0,14000.0
685,197,2026-06-04,48,2,SKU0038,1,9650,0.0,9650.0
686,197,2026-06-04,48,2,SKU0036,2,23100,0.0,46200.0
687,198,2025-07-12,50,4,SKU0029,1,6700,0.0,6700.0
688,198,2025-07-12,50,4,SKU0036,2,21500,0.05,40850.0
689,199,2025-12-18,9,3,SKU0001,4,4100,0.1,14760.0
690,199,2025-12-18,9,3,SKU0032,4,3350,0.15,11390.0
691,199,2025-12-18,9,3,SKU0023,5,13950,0.0,69750.0
692,199,2025-12-18,9,3,SKU0022,3,2800,0.05,7980.0
693,199,2025-12-18,9,3,SKU0015,1,5400,0.05,5130.0
694,199,2025-12-18,9,3,SKU0027,1,9300,0.0,9300.0
695,200,2026-01-04,10,3,SKU0041,2,10450,0.0,20900.0
696,200,2026-01-04,10,3,SKU0039,1,15200,0.05,14440.0
697,200,2026-01-04,10,3,SKU0037,4,17750,0.0,71000.0
698,200,2026-01-04,10,3,SKU0026,4,6400,0.0,25600.0
699,200,2026-01-04,10,3,SKU0025,3,8000,0.05,22800.0
700,201,2025-11-10,29,3,SKU0011,1,4650,0.1,4185.0
701,202,2025-01-29,36,2,SKU0039,4,14150,0.0,56600.0
702,203,2024-03-24,12,2,SKU0025,3,6900,0.0,20700.0
703,204,2025-11-04,15,3,SKU0034,1,3250,0.0,3250.0
704,204,2025-11-04,15,3,SKU0005,3,8400,0.15,21420.0
705,204,2025-11-04,15,3,SKU0030,4,3800,0.0,15200.0
706,204,2025-11-04,15,3,SKU0004,2,9700,0.0,19400.0
707,204,2025-11-04,15,3,SKU0024,2,2500,0.05,4750.0
708,204,2025-11-04,15,3,SKU0042,4,10800,0.0,43200.0
709,205,2024-12-27,48,1,SKU0014,4,5700,0.0,22800.0
710,205,2024-12-27,48,1,SKU0009,5,3400,0.05,16150.0
711,205,2024-12-27,48,1,SKU0020,3,2300,0.05,6555.0
712,205,2024-12-27,48,1,SKU0028,2,2900,0.05,5510.0
713,206,2024-12-13,46,4,SKU0013,4,4500,0.0,18000.0
714,206,2024-12-13,46,4,SKU0001,4,3800,0.05,14440.0
715,206,2024-12-13,46,4,SKU0010,2,8600,0.05,16340.0
716,207,2026-04-04,22,5,SKU0030,3,4050,0.1,10935.0
717,207,2026-04-04,22,5,SKU0037,4,17750,0.0,71000.0
718,207,2026-04-04,22,5,SKU0003,3,2550,0.0,7650.0
719,207,2026-04-04,22,5,SKU0006,5,2650,0.15,11262.5
720,208,2025-12-19,12,4,SKU0012,4,2250,0.0,9000.0
721,208,2025-12-19,12,4,SKU0040,4,5850,0.1,21060.0
722,209,2024-12-01,12,5,SKU0026,1,5500,0.0,5500.0
723,210,2024-12-09,11,3,SKU0035,5,14900,0.0,74500.0
724,210,2024-12-09,11,3,SKU0019,3,2600,0.0,7800.0
725,210,2024-12-09,11,3,SKU0005,1,7800,0.05,7410.0
726,210,2024-12-09,11,3,SKU0014,3,5700,0.0,17100.0
727,210,2024-12-09,11,3,SKU0032,4,3100,0.0,12400.0
728,210,2024-12-09,11,3,SKU0027,3,8600,0.0,25800.0
729,211,2025-03-14,33,1,SKU0002,4,4650,0.0,18600.0
730,211,2025-03-14,33,1,SKU0005,4,8400,0.15,28560.0
731,211,2025-03-14,33,1,SKU0041,2,9700,0.0,19400.0
732,211,2025-03-14,33,1,SKU0030,1,3800,0.0,3800.0
733,212,2025-03-09,17,1,SKU0009,1,3650,0.05,3467.5
734,212,2025-03-09,17,1,SKU0021,2,4100,0.1,7380.0
735,212,2025-03-09,17,1,SKU0030,4,3800,0.0,15200.0
736,212,2025-03-09,17,1,SKU0032,4,3350,0.15,11390.0
737,212,2025-03-09,17,1,SKU0040,3,5850,0.15,14917.5
738,212,2025-03-09,17,1,SKU0005,2,8400,0.0,16800.0
739,213,2024-11-26,2,5,SKU0012,3,2100,0.0,6300.0
740,214,2024-05-27,35,4,SKU0005,3,7800,0.0,23400.0
741,214,2024-05-27,35,4,SKU0001,4,3800,0.0,15200.0
742,215,2025-03-26,12,2,SKU0003,1,2400,0.0,2400.0
743,215,2025-03-26,12,2,SKU0035,3,16100,0.0,48300.0
744,215,2025-03-26,12,2,SKU0014,1,6150,0.05,5842.5
745,215,2025-03-26,12,2,SKU0029,1,6700,0.0,6700.0
746,215,2025-03-26,12,2,SKU0004,4,9700,0.15,32980.0
747,215,2025-03-26,12,2,SKU0034,2,3250,0.0,6500.0
748,216,2026-06-16,24,2,SKU0006,4,2650,0.0,10600.0
749,216,2026-06-16,24,2,SKU0002,1,5000,0.0,5000.0
750,217,2025-11-16,13,1,SKU0007,2,5400,0.0,10800.0
751,217,2025-11-16,13,1,SKU0011,4,4650,0.05,17670.0
752,218,2026-05-18,7,3,SKU0036,5,23100,0.0,115500.0
753,218,2026-05-18,7,3,SKU0041,5,10450,0.0,52250.0
754,218,2026-05-18,7,3,SKU0013,4,5200,0.0,20800.0
755,219,2025-09-21,15,2,SKU0023,3,13950,0.0,41850.0
756,220,2024-12-01,1,4,SKU0021,1,3800,0.1,3420.0
757,220,2024-12-01,1,4,SKU0001,3,3800,0.1,10260.0
758,220,2024-12-01,1,4,SKU0025,5,6900,0.0,34500.0
759,220,2024-12-01,1,4,SKU0014,1,5700,0.0,5700.0
760,220,2024-12-01,1,4,SKU0030,2,3500,0.0,7000.0
761,220,2024-12-01,1,4,SKU0015,3,5000,0.15,12750.0
762,221,2025-07-20,39,4,SKU0035,5,16100,0.0,80500.0
763,222,2024-01-01,17,1,SKU0021,2,3800,0.1,6840.0
764,222,2024-01-01,17,1,SKU0041,3,9000,0.15,22950.0
765,222,2024-01-01,17,1,SKU0025,4,6900,0.0,27600.0
766,222,2024-01-01,17,1,SKU0009,3,3400,0.0,10200.0
767,222,2024-01-01,17,1,SKU0022,5,2600,0.05,12350.0
768,223,2024-11-17,29,4,SKU0041,2,9000,0.0,18000.0
769,223,2024-11-17,29,4,SKU0015,5,5000,0.15,21250.0
770,223,2024-11-17,29,4,SKU0033,1,3100,0.0,3100.0
771,223,2024-11-17,29,4,SKU0038,2,8300,0.1,14940.0
772,223,2024-11-17,29,4,SKU0001,4,3800,0.15,12920.0
773,224,2025-04-04,16,5,SKU0004,2,9700,0.0,19400.0
774,225,2025-08-19,32,3,SKU0010,2,9300,0.1,16740.0
775,225,2025-08-19,32,3,SKU0025,1,7450,0.0,7450.0
776,226,2025-10-27,47,5,SKU0022,1,2800,0.05,2660.0
777,226,2025-10-27,47,5,SKU0009,4,3650,0.1,13140.0
778,226,2025-10-27,47,5,SKU0018,3,4300,0.15,10965.0
779,226,2025-10-27,47,5,SKU0021,1,4100,0.0,4100.0
780,227,2025-05-07,47,3,SKU0016,1,4000,0.1,3600.0
781,227,2025-05-07,47,3,SKU0014,2,6150,0.15,10455.0
782,227,2025-05-07,47,3,SKU0035,2,16100,0.05,30590.0
783,228,2025-04-15,25,5,SKU0012,1,2250,0.0,2250.0
784,228,2025-04-15,25,5,SKU0029,4,6700,0.0,26800.0
785,228,2025-04-15,25,5,SKU0041,2,9700,0.0,19400.0
786,229,2024-08-29,41,2,SKU0009,2,3400,0.05,6460.0
787,229,2024-08-29,41,2,SKU0006,5,2300,0.15,9775.0
788,230,2025-05-14,14,2,SKU0006,2,2500,0.0,5000.0
789,230,2025-05-14,14,2,SKU0028,4,3150,0.0,12600.0
790,230,2025-05-14,14,2,SKU0030,5,3800,0.0,19000.0
791,230,2025-05-14,14,2,SKU0020,3,2500,0.0,7500.0
792,230,2025-05-14,14,2,SKU0011,5,4650,0.0,23250.0
793,231,2026-05-16,41,2,SKU0031,4,3700,0.0,14800.0
794,231,2026-05-16,41,2,SKU0006,2,2650,0.0,5300.0
795,231,2026-05-16,41,2,SKU0024,4,2650,0.0,10600.0
796,232,2026-02-20,33,5,SKU0028,1,3350,0.15,2847.5
797,232,2026-02-20,33,5,SKU0010,3,10000,0.05,28500.0
798,232,2026-02-20,33,5,SKU0031,5,3700,0.0,18500.0
799,232,2026-02-20,33,5,SKU0002,5,5000,0.1,22500.0
800,232,2026-02-20,33,5,SKU0025,2,8000,0.0,16000.0
801,232,2026-02-20,33,5,SKU0042,4,11600,0.0,46400.0
802,233,2024-07-11,20,4,SKU0025,4,6900,0.0,27600.0
803,233,2024-07-11,20,4,SKU0036,3,19900,0.0,59700.0
804,233,2024-07-11,20,4,SKU0039,4,13100,0.0,52400.0
805,234,2024-04-10,10,2,SKU0001,5,3800,0.1,17100.0
806,235,2025-06-21,47,3,SKU0026,4,5950,0.0,23800.0
807,235,2025-06-21,47,3,SKU0027,5,9300,0.0,46500.0
808,235,2025-06-21,47,3,SKU0024,4,2500,0.0,10000.0
809,235,2025-06-21,47,3,SKU0025,1,7450,0.0,7450.0
810,236,2025-10-07,37,2,SKU0028,3,3150,0.05,8977.5
811,236,2025-10-07,37,2,SKU0017,4,14050,0.1,50580.0
812,237,2024-12-31,45,3,SKU0004,1,9000,0.15,7650.0
813,237,2024-12-31,45,3,SKU0025,3,6900,0.1,18630.0
814,237,2024-12-31,45,3,SKU0028,1,2900,0.1,2610.0
815,237,2024-12-31,45,3,SKU0016,2,3700,0.0,7400.0
816,237,2024-12-31,45,3,SKU0039,5,13100,0.0,65500.0
817,237,2024-12-31,45,3,SKU0031,2,3200,0.0,6400.0
818,238,2026-03-11,16,5,SKU0011,4,5000,0.0,20000.0
819,238,2026-03-11,16,5,SKU0001,5,4400,0.0,22000.0
820,238,2026-03-11,16,5,SKU0008,5,4500,0.0,22500.0
821,238,2026-03-11,16,5,SKU0006,4,2650,0.0,10600.0
822,238,2026-03-11,16,5,SKU0042,4,11600,0.0,46400.0
823,239,2026-01-12,45,3,SKU0035,1,17300,0.0,17300.0
824,239,2026-01-12,45,3,SKU0025,5,8000,0.15,34000.0
825,239,2026-01-12,45,3,SKU0038,3,9650,0.15,24607.5
826,239,2026-01-12,45,3,SKU0020,2,2650,0.0,5300.0
827,239,2026-01-12,45,3,SKU0027,2,10000,0.1,18000.0
828,240,2025-11-12,26,3,SKU0011,4,4650,0.0,18600.0
829,241,2024-09-11,7,1,SKU0027,2,8600,0.0,17200.0
830,241,2024-09-11,7,1,SKU0034,2,3000,0.1,5400.0
831,241,2024-09-11,7,1,SKU0042,2,10000,0.0,20000.0
832,241,2024-09-11,7,1,SKU0019,4,2600,0.0,10400.0
833,241,2024-09-11,7,1,SKU0028,5,2900,0.0,14500.0
834,241,2024-09-11,7,1,SKU0011,4,4300,0.05,16340.0
835,242,2024-08-13,14,2,SKU0004,2,9000,0.0,18000.0
836,242,2024-08-13,14,2,SKU0012,4,2100,0.0,8400.0
837,243,2024-01-30,41,5,SKU0041,2,9000,0.0,18000.0
838,244,2024-10-03,19,1,SKU0008,1,3900,0.05,3705.0
839,244,2024-10-03,19,1,SKU0018,2,4000,0.0,8000.0
840,244,2024-10-03,19,1,SKU0005,4,7800,0.1,28080.0
841,244,2024-10-03,19,1,SKU0022,1,2600,0.0,2600.0
842,245,2025-05-16,4,3,SKU0038,1,8950,0.0,8950.0
843,246,2026-04-06,14,5,SKU0025,5,8000,0.05,38000.0
844,247,2024-03-27,49,3,SKU0031,3,3200,0.0,9600.0
845,247,2024-03-27,49,3,SKU0022,3,2600,0.0,7800.0
846,247,2024-03-27,49,3,SKU0039,2,13100,0.0,26200.0
847,247,2024-03-27,49,3,SKU0028,4,2900,0.0,11600.0
848,248,2025-03-20,40,1,SKU0022,4,2800,0.15,9520.0
849,248,2025-03-20,40,1,SKU0007,4,5400,0.1,19440.0
850,248,2025-03-20,40,1,SKU0001,2,4100,0.0,8200.0
851,249,2025-10-04,39,1,SKU0018,4,4300,0.05,16340.0
852,249,2025-10-04,39,1,SKU0016,4,4000,0.1,14400.0
853,249,2025-10-04,39,1,SKU0024,2,2500,0.0,5000.0
854,249,2025-10-04,39,1,SKU0029,3,6700,0.0,20100.0
855,249,2025-10-04,39,1,SKU0040,3,5850,0.15,14917.5
856,250,2024-08-07,3,3,SKU0029,3,6200,0.0,18600.0
857,250,2024-08-07,3,3,SKU0015,4,5000,0.1,18000.0
858,250,2024-08-07,3,3,SKU0039,1,13100,0.1,11790.0
859,250,2024-08-07,3,3,SKU0032,4,3100,0.0,12400.0
860,250,2024-08-07,3,3,SKU0026,5,5500,0.0,27500.0
861,250,2024-08-07,3,3,SKU0006,2,2300,0.15,3910.0
862,251,2025-12-02,34,5,SKU0033,5,3350,0.15,14237.5
863,251,2025-12-02,34,5,SKU0003,4,2400,0.0,9600.0
864,251,2025-12-02,34,5,SKU0009,4,3650,0.0,14600.0
865,251,2025-12-02,34,5,SKU0032,4,3350,0.1,12060.0
866,251,2025-12-02,34,5,SKU0006,5,2500,0.0,12500.0
867,251,2025-12-02,34,5,SKU0020,2,2500,0.0,5000.0
868,252,2025-06-02,11,1,SKU0028,1,3150,0.0,3150.0
869,253,2024-10-02,21,4,SKU0015,1,5000,0.1,4500.0
870,253,2024-10-02,21,4,SKU0017,2,13000,0.05,24700.0
871,253,2024-10-02,21,4,SKU0031,4,3200,0.0,12800.0
872,254,2025-10-28,45,3,SKU0037,1,16500,0.1,14850.0
873,254,2025-10-28,45,3,SKU0039,3,14150,0.0,42450.0
874,255,2024-01-07,46,4,SKU0042,1,10000,0.0,10000.0
875,255,2024-01-07,46,4,SKU0036,1,19900,0.0,19900.0
876,255,2024-01-07,46,4,SKU0028,1,2900,0.0,2900.0
877,255,2024-01-07,46,4,SKU0015,5,5000,0.0,25000.0
878,255,2024-01-07,46,4,SKU0039,1,13100,0.05,12445.0
879,255,2024-01-07,46,4,SKU0017,3,13000,0.0,39000.0
880,256,2026-01-12,21,4,SKU0001,2,4400,0.15,7480.0
881,256,2026-01-12,21,4,SKU0020,4,2650,0.0,10600.0
882,256,2026-01-12,21,4,SKU0004,3,10450,0.15,26647.5
883,256,2026-01-12,21,4,SKU0038,3,9650,0.15,24607.5
884,256,2026-01-12,21,4,SKU0035,2,17300,0.05,32870.0
885,257,2026-01-28,43,5,SKU0015,4,5800,0.0,23200.0
886,257,2026-01-28,43,5,SKU0007,2,5800,0.15,9860.0
887,257,2026-01-28,43,5,SKU0026,3,6400,0.15,16320.0
888,257,2026-01-28,43,5,SKU0001,2,4400,0.0,8800.0
889,257,2026-01-28,43,5,SKU0035,4,17300,0.0,69200.0
890,258,2024-05-04,39,3,SKU0003,3,2200,0.0,6600.0
891,258,2024-05-04,39,3,SKU0039,5,13100,0.1,58950.0
892,259,2025-03-30,8,3,SKU0037,1,16500,0.15,14025.0
893,259,2025-03-30,8,3,SKU0031,3,3450,0.0,10350.0
894,259,2025-03-30,8,3,SKU0014,2,6150,0.15,10455.0
895,259,2025-03-30,8,3,SKU0032,2,3350,0.1,6030.0
896,259,2025-03-30,8,3,SKU0019,1,2800,0.15,2380.0
897,259,2025-03-30,8,3,SKU0025,2,7450,0.15,12665.0
898,260,2024-07-18,32,4,SKU0011,4,4300,0.0,17200.0
899,260,2024-07-18,32,4,SKU0002,4,4300,0.1,15480.0
900,260,2024-07-18,32,4,SKU0036,4,19900,0.0,79600.0
901,261,2026-06-29,49,4,SKU0005,5,9050,0.0,45250.0
902,261,2026-06-29,49,4,SKU0034,1,3500,0.0,3500.0
903,261,2026-06-29,49,4,SKU0019,3,3000,0.15,7650.0
904,261,2026-06-29,49,4,SKU0013,5,5200,0.15,22100.0
905,262,2025-06-23,4,3,SKU0042,4,10800,0.1,38880.0
906,262,2025-06-23,4,3,SKU0011,4,4650,0.0,18600.0
907,262,2025-06-23,4,3,SKU0037,2,16500,0.0,33000.0
908,262,2025-06-23,4,3,SKU0009,2,3650,0.15,6205.0
909,263,2024-03-02,48,2,SKU0042,4,10000,0.0,40000.0
910,263,2024-03-02,48,2,SKU0001,2,3800,0.0,7600.0
911,263,2024-03-02,48,2,SKU0024,1,2300,0.0,2300.0
912,263,2024-03-02,48,2,SKU0037,4,15300,0.0,61200.0
913,263,2024-03-02,48,2,SKU0007,1,5000,0.0,5000.0
914,263,2024-03-02,48,2,SKU0010,5,8600,0.1,38700.0
915,264,2024-10-08,22,5,SKU0010,1,8600,0.0,8600.0
916,264,2024-10-08,22,5,SKU0041,2,9000,0.0,18000.0
917,264,2024-10-08,22,5,SKU0026,4,5500,0.0,22000.0
918,264,2024-10-08,22,5,SKU0016,5,3700,0.0,18500.0
919,265,2026-04-04,42,4,SKU0006,1,2650,0.0,2650.0
920,265,2026-04-04,42,4,SKU0030,1,4050,0.0,4050.0
921,265,2026-04-04,42,4,SKU0025,1,8000,0.0,8000.0
922,265,2026-04-04,42,4,SKU0018,5,4650,0.0,23250.0
923,265,2026-04-04,42,4,SKU0029,1,7200,0.05,6840.0
924,265,2026-04-04,42,4,SKU0024,5,2650,0.05,12587.5
925,266,2025-04-29,31,3,SKU0007,3,5400,0.05,15390.0
926,266,2025-04-29,31,3,SKU0038,2,8950,0.0,17900.0
927,266,2025-04-29,31,3,SKU0012,3,2250,0.0,6750.0
928,266,2025-04-29,31,3,SKU0025,5,7450,0.0,37250.0
929,266,2025-04-29,31,3,SKU0031,4,3450,0.15,11730.0
930,266,2025-04-29,31,3,SKU0028,1,3150,0.0,3150.0
931,267,2026-02-25,36,5,SKU0032,1,3600,0.15,3060.0
932,267,2026-02-25,36,5,SKU0005,2,9050,0.1,16290.0
933,267,2026-02-25,36,5,SKU0034,1,3500,0.0,3500.0
934,267,2026-02-25,36,5,SKU0038,5,9650,0.1,43425.0
935,267,2026-02-25,36,5,SKU0035,2,17300,0.0,34600.0
936,268,2025-11-07,36,4,SKU0008,5,4200,0.0,21000.0
937,268,2025-11-07,36,4,SKU0003,2,2400,0.0,4800.0
938,268,2025-11-07,36,4,SKU0009,5,3650,0.0,18250.0
939,269,2026-07-22,49,1,SKU0008,5,4500,0.0,22500.0
940,270,2025-09-02,24,5,SKU0028,2,3150,0.0,6300.0
941,270,2025-09-02,24,5,SKU0001,1,4100,0.05,3895.0
942,271,2026-06-23,19,5,SKU0009,5,3950,0.0,19750.0
943,271,2026-06-23,19,5,SKU0037,5,17750,0.05,84312.5
944,271,2026-06-23,19,5,SKU0032,5,3600,0.0,18000.0
945,271,2026-06-23,19,5,SKU0021,1,4400,0.1,3960.0
946,272,2026-05-09,3,2,SKU0013,2,5200,0.0,10400.0
947,273,2025-09-19,14,2,SKU0036,2,21500,0.1,38700.0
948,273,2025-09-19,14,2,SKU0014,5,6150,0.0,30750.0
949,273,2025-09-19,14,2,SKU0038,1,8950,0.05,8502.5
950,273,2025-09-19,14,2,SKU0023,3,13950,0.0,41850.0
951,273,2025-09-19,14,2,SKU0018,4,4300,0.1,15480.0
952,274,2025-12-18,11,4,SKU0006,5,2500,0.0,12500.0
953,274,2025-12-18,11,4,SKU0017,1,14050,0.1,12645.0
954,274,2025-12-18,11,4,SKU0028,3,3150,0.1,8505.0
955,274,2025-12-18,11,4,SKU0010,2,9300,0.1,16740.0
956,275,2025-06-11,24,5,SKU0042,3,10800,0.15,27540.0
957,275,2025-06-11,24,5,SKU0033,4,3350,0.0,13400.0
958,275,2025-06-11,24,5,SKU0039,1,14150,0.05,13442.5
959,275,2025-06-11,24,5,SKU0011,2,4650,0.0,9300.0
960,275,2025-06-11,24,5,SKU0027,3,9300,0.0,27900.0
961,275,2025-06-11,24,5,SKU0010,5,9300,0.0,46500.0
962,276,2026-03-21,44,5,SKU0005,3,9050,0.0,27150.0
963,276,2026-03-21,44,5,SKU0022,3,3000,0.0,9000.0
964,276,2026-03-21,44,5,SKU0041,2,10450,0.0,20900.0
965,276,2026-03-21,44,5,SKU0006,1,2650,0.0,2650.0
966,277,2025-07-20,25,2,SKU0007,3,5400,0.05,15390.0
967,277,2025-07-20,25,2,SKU0008,4,4200,0.0,16800.0
968,277,2025-07-20,25,2,SKU0012,5,2250,0.0,11250.0
969,277,2025-07-20,25,2,SKU0034,5,3250,0.15,13812.5
970,278,2026-05-13,19,5,SKU0039,2,15200,0.0,30400.0
971,278,2026-05-13,19,5,SKU0007,4,5800,0.0,23200.0
972,278,2026-05-13,19,5,SKU0004,3,10450,0.15,26647.5
973,279,2026-01-06,48,5,SKU0039,3,15200,0.0,45600.0
974,279,2026-01-06,48,5,SKU0026,5,6400,0.1,28800.0
975,279,2026-01-06,48,5,SKU0031,2,3700,0.1,6660.0
976,279,2026-01-06,48,5,SKU0038,2,9650,0.0,19300.0
977,279,2026-01-06,48,5,SKU0009,4,3950,0.05,15010.0
978,280,2025-05-15,48,3,SKU0041,3,9700,0.1,26190.0
979,281,2024-10-19,50,2,SKU0039,4,13100,0.05,49780.0
980,281,2024-10-19,50,2,SKU0027,3,8600,0.0,25800.0
981,281,2024-10-19,50,2,SKU0030,4,3500,0.05,13300.0
982,281,2024-10-19,50,2,SKU0012,2,2100,0.0,4200.0
983,281,2024-10-19,50,2,SKU0029,1,6200,0.0,6200.0
984,281,2024-10-19,50,2,SKU0023,4,12900,0.15,43860.0
985,282,2024-10-06,21,1,SKU0006,1,2300,0.0,2300.0
986,282,2024-10-06,21,1,SKU0005,3,7800,0.05,22230.0
987,282,2024-10-06,21,1,SKU0016,4,3700,0.15,12580.0
988,282,2024-10-06,21,1,SKU0042,1,10000,0.0,10000.0
989,282,2024-10-06,21,1,SKU0011,5,4300,0.1,19350.0
990,282,2024-10-06,21,1,SKU0037,2,15300,0.0,30600.0
991,283,2025-10-12,32,5,SKU0035,4,16100,0.1,57960.0
992,283,2025-10-12,32,5,SKU0008,5,4200,0.1,18900.0
993,283,2025-10-12,32,5,SKU0026,3,5950,0.0,17850.0
994,283,2025-10-12,32,5,SKU0001,5,4100,0.1,18450.0
995,283,2025-10-12,32,5,SKU0013,5,4850,0.0,24250.0
996,283,2025-10-12,32,5,SKU0039,5,14150,0.0,70750.0
997,284,2026-01-25,11,5,SKU0012,3,2450,0.15,6247.5
998,284,2026-01-25,11,5,SKU0005,2,9050,0.05,17195.0
999,285,2025-06-26,23,1,SKU0032,1,3350,0.0,3350.0
1000,285,2025-06-26,23,1,SKU0025,2,7450,0.15,12665.0
1001,285,2025-06-26,23,1,SKU0011,5,4650,0.15,19762.5
1002,285,2025-06-26,23,1,SKU0024,1,2500,0.0,2500.0
1003,286,2025-10-02,20,4,SKU0017,5,14050,0.0,70250.0
1004,286,2025-10-02,20,4,SKU0014,2,6150,0.0,12300.0
1005,286,2025-10-02,20,4,SKU0001,5,4100,0.15,17425.0
1006,287,2024-11-04,3,4,SKU0032,4,3100,0.0,12400.0
1007,287,2024-11-04,3,4,SKU0004,3,9000,0.0,27000.0
1008,287,2024-11-04,3,4,SKU0023,1,12900,0.0,12900.0
1009,287,2024-11-04,3,4,SKU0001,3,3800,0.1,10260.0
1010,287,2024-11-04,3,4,SKU0040,2,5400,0.0,10800.0
1011,288,2024-04-02,23,1,SKU0028,4,2900,0.0,11600.0
1012,289,2024-11-16,6,5,SKU0010,2,8600,0.15,14620.0
1013,289,2024-11-16,6,5,SKU0027,3,8600,0.0,25800.0
1014,289,2024-11-16,6,5,SKU0008,4,3900,0.0,15600.0
1015,289,2024-11-16,6,5,SKU0032,3,3100,0.0,9300.0
1016,289,2024-11-16,6,5,SKU0001,3,3800,0.0,11400.0
1017,290,2024-11-01,12,5,SKU0007,2,5000,0.0,10000.0
1018,290,2024-11-01,12,5,SKU0029,4,6200,0.0,24800.0
1019,290,2024-11-01,12,5,SKU0011,3,4300,0.15,10965.0
1020,291,2024-12-18,46,2,SKU0013,3,4500,0.0,13500.0
1021,292,2025-07-13,9,4,SKU0022,4,2800,0.1,10080.0
1022,292,2025-07-13,9,4,SKU0003,3,2400,0.0,7200.0
1023,292,2025-07-13,9,4,SKU0011,4,4650,0.0,18600.0
1024,292,2025-07-13,9,4,SKU0013,5,4850,0.0,24250.0
1025,293,2024-06-08,44,2,SKU0026,2,5500,0.0,11000.0
1026,293,2024-06-08,44,2,SKU0033,1,3100,0.15,2635.0
1027,293,2024-06-08,44,2,SKU0025,1,6900,0.0,6900.0
1028,294,2024-09-18,10,3,SKU0001,5,3800,0.1,17100.0
1029,294,2024-09-18,10,3,SKU0016,1,3700,0.0,3700.0
1030,294,2024-09-18,10,3,SKU0004,4,9000,0.0,36000.0
1031,294,2024-09-18,10,3,SKU0022,3,2600,0.0,7800.0
1032,294,2024-09-18,10,3,SKU0028,1,2900,0.15,2465.0
1033,295,2025-11-30,28,2,SKU0010,1,9300,0.15,7905.0
1034,295,2025-11-30,28,2,SKU0033,3,3350,0.1,9045.0
1035,295,2025-11-30,28,2,SKU0012,2,2250,0.1,4050.0
1036,295,2025-11-30,28,2,SKU0016,4,4000,0.0,16000.0
1037,295,2025-11-30,28,2,SKU0018,4,4300,0.1,15480.0
1038,296,2025-12-09,7,5,SKU0012,2,2250,0.0,4500.0
1039,296,2025-12-09,7,5,SKU0013,2,4850,0.0,9700.0
1040,296,2025-12-09,7,5,SKU0038,1,8950,0.0,8950.0
1041,296,2025-12-09,7,5,SKU0041,2,9700,0.0,19400.0
1042,296,2025-12-09,7,5,SKU0010,4,9300,0.0,37200.0
1043,297,2024-03-18,40,2,SKU0004,4,9000,0.0,36000.0
1044,298,2025-03-14,34,3,SKU0041,1,9700,0.05,9215.0
1045,298,2025-03-14,34,3,SKU0015,4,5400,0.1,19440.0
1046,298,2025-03-14,34,3,SKU0042,1,10800,0.0,10800.0
1047,298,2025-03-14,34,3,SKU0022,1,2800,0.0,2800.0
1048,298,2025-03-14,34,3,SKU0028,3,3150,0.0,9450.0
1049,298,2025-03-14,34,3,SKU0031,3,3450,0.1,9315.0
1050,299,2025-07-15,27,2,SKU0004,1,9700,0.0,9700.0
1051,299,2025-07-15,27,2,SKU0012,3,2250,0.0,6750.0
1052,299,2025-07-15,27,2,SKU0003,3,2400,0.0,7200.0
1053,300,2025-03-21,18,5,SKU0028,2,3150,0.0,6300.0
1054,301,2024-08-22,32,3,SKU0020,1,2300,0.1,2070.0
1055,301,2024-08-22,32,3,SKU0008,5,3900,0.15,16575.0
1056,301,2024-08-22,32,3,SKU0007,2,5000,0.0,10000.0
1057,302,2025-03-26,24,3,SKU0038,2,8950,0.05,17005.0
1058,302,2025-03-26,24,3,SKU0034,4,3250,0.0,13000.0
1059,302,2025-03-26,24,3,SKU0039,1,14150,0.0,14150.0
1060,302,2025-03-26,24,3,SKU0024,5,2500,0.0,12500.0
1061,302,2025-03-26,24,3,SKU0016,1,4000,0.05,3800.0
1062,302,2025-03-26,24,3,SKU0018,2,4300,0.0,8600.0
1063,303,2026-05-19,46,4,SKU0005,5,9050,0.05,42987.5
1064,304,2025-08-23,22,3,SKU0031,2,3450,0.0,6900.0
1065,304,2025-08-23,22,3,SKU0013,5,4850,0.1,21825.0
1066,304,2025-08-23,22,3,SKU0035,3,16100,0.15,41055.0
1067,304,2025-08-23,22,3,SKU0010,5,9300,0.0,46500.0
1068,304,2025-08-23,22,3,SKU0003,3,2400,0.0,7200.0
1069,304,2025-08-23,22,3,SKU0009,1,3650,0.0,3650.0
1070,305,2025-12-01,5,4,SKU0034,5,3250,0.0,16250.0
1071,305,2025-12-01,5,4,SKU0033,2,3350,0.0,6700.0
1072,305,2025-12-01,5,4,SKU0002,1,4650,0.05,4417.5
1073,305,2025-12-01,5,4,SKU0011,1,4650,0.15,3952.5
1074,306,2026-04-11,45,2,SKU0026,4,6400,0.15,21760.0
1075,306,2026-04-11,45,2,SKU0032,5,3600,0.0,18000.0
1076,306,2026-04-11,45,2,SKU0035,5,17300,0.15,73525.0
1077,306,2026-04-11,45,2,SKU0033,4,3600,0.0,14400.0
1078,306,2026-04-11,45,2,SKU0005,5,9050,0.0,45250.0
1079,306,2026-04-11,45,2,SKU0011,2,5000,0.0,10000.0
1080,307,2026-01-24,1,2,SKU0014,5,6600,0.1,29700.0
1081,307,2026-01-24,1,2,SKU0038,5,9650,0.0,48250.0
1082,307,2026-01-24,1,2,SKU0001,3,4400,0.15,11220.0
1083,307,2026-01-24,1,2,SKU0033,2,3600,0.0,7200.0
1084,307,2026-01-24,1,2,SKU0030,3,4050,0.05,11542.5
1085,308,2025-02-15,8,2,SKU0003,2,2400,0.0,4800.0
1086,308,2025-02-15,8,2,SKU0035,1,16100,0.1,14490.0
1087,309,2024-01-08,10,3,SKU0018,2,4000,0.15,6800.0
1088,309,2024-01-08,10,3,SKU0004,2,9000,0.05,17100.0
1089,310,2025-01-16,8,1,SKU0023,5,13950,0.0,69750.0
1090,310,2025-01-16,8,1,SKU0041,2,9700,0.0,19400.0
1091,310,2025-01-16,8,1,SKU0039,5,14150,0.0,70750.0
1092,310,2025-01-16,8,1,SKU0024,3,2500,0.0,7500.0
1093,310,2025-01-16,8,1,SKU0021,1,4100,0.15,3485.0
1094,310,2025-01-16,8,1,SKU0006,3,2500,0.0,7500.0
1095,311,2026-01-14,47,3,SKU0017,5,15100,0.1,67950.0
1096,311,2026-01-14,47,3,SKU0002,5,5000,0.0,25000.0
1097,312,2026-04-09,47,4,SKU0017,2,15100,0.0,30200.0
1098,312,2026-04-09,47,4,SKU0041,3,10450,0.0,31350.0
1099,312,2026-04-09,47,4,SKU0039,5,15200,0.1,68400.0
1100,312,2026-04-09,47,4,SKU0036,4,23100,0.0,92400.0
1101,312,2026-04-09,47,4,SKU0014,4,6600,0.0,26400.0
1102,312,2026-04-09,47,4,SKU0029,4,7200,0.0,28800.0
1103,313,2026-06-26,10,4,SKU0032,2,3600,0.0,7200.0
1104,314,2025-03-24,12,2,SKU0037,2,16500,0.1,29700.0
1105,314,2025-03-24,12,2,SKU0032,3,3350,0.0,10050.0
1106,315,2026-01-09,20,2,SKU0026,2,6400,0.0,12800.0
1107,315,2026-01-09,20,2,SKU0039,2,15200,0.0,30400.0
1108,316,2025-07-18,28,2,SKU0042,2,10800,0.1,19440.0
1109,316,2025-07-18,28,2,SKU0026,1,5950,0.05,5652.5
1110,316,2025-07-18,28,2,SKU0007,1,5400,0.0,5400.0
1111,316,2025-07-18,28,2,SKU0034,4,3250,0.0,13000.0
1112,317,2025-09-10,8,1,SKU0003,5,2400,0.0,12000.0
1113,317,2025-09-10,8,1,SKU0009,1,3650,0.15,3102.5
1114,317,2025-09-10,8,1,SKU0016,1,4000,0.05,3800.0
1115,317,2025-09-10,8,1,SKU0006,3,2500,0.15,6375.0
1116,317,2025-09-10,8,1,SKU0018,1,4300,0.0,4300.0
1117,317,2025-09-10,8,1,SKU0010,2,9300,0.0,18600.0
1118,318,2024-09-06,49,5,SKU0011,2,4300,0.0,8600.0
1119,318,2024-09-06,49,5,SKU0020,1,2300,0.05,2185.0
1120,318,2024-09-06,49,5,SKU0022,3,2600,0.1,7020.0
1121,318,2024-09-06,49,5,SKU0031,5,3200,0.0,16000.0
1122,319,2024-09-05,2,1,SKU0035,3,14900,0.0,44700.0
1123,320,2025-04-09,33,4,SKU0001,1,4100,0.0,4100.0
1124,320,2025-04-09,33,4,SKU0015,4,5400,0.0,21600.0
1125,321,2024-02-04,10,3,SKU0019,1,2600,0.0,2600.0
1126,321,2024-02-04,10,3,SKU0015,1,5000,0.0,5000.0
1127,321,2024-02-04,10,3,SKU0025,3,6900,0.0,20700.0
1128,321,2024-02-04,10,3,SKU0008,5,3900,0.0,19500.0
1129,321,2024-02-04,10,3,SKU0032,1,3100,0.0,3100.0
1130,321,2024-02-04,10,3,SKU0011,1,4300,0.0,4300.0
1131,322,2025-01-01,39,2,SKU0028,3,3150,0.05,8977.5
1132,322,2025-01-01,39,2,SKU0034,2,3250,0.1,5850.0
1133,323,2025-11-17,28,2,SKU0020,4,2500,0.1,9000.0
1134,323,2025-11-17,28,2,SKU0040,3,5850,0.0,17550.0
1135,323,2025-11-17,28,2,SKU0019,1,2800,0.15,2380.0
1136,323,2025-11-17,28,2,SKU0023,1,13950,0.15,11857.5
1137,323,2025-11-17,28,2,SKU0007,2,5400,0.15,9180.0
1138,323,2025-11-17,28,2,SKU0018,2,4300,0.0,8600.0
1139,324,2025-03-11,10,4,SKU0031,4,3450,0.1,12420.0
1140,324,2025-03-11,10,4,SKU0005,3,8400,0.0,25200.0
1141,324,2025-03-11,10,4,SKU0008,1,4200,0.0,4200.0
1142,324,2025-03-11,10,4,SKU0037,2,16500,0.0,33000.0
1143,325,2024-07-06,50,4,SKU0021,4,3800,0.1,13680.0
1144,325,2024-07-06,50,4,SKU0032,4,3100,0.05,11780.0
1145,325,2024-07-06,50,4,SKU0028,3,2900,0.0,8700.0
1146,326,2025-05-09,42,2,SKU0027,5,9300,0.0,46500.0
1147,326,2025-05-09,42,2,SKU0036,5,21500,0.05,102125.0
1148,326,2025-05-09,42,2,SKU0032,2,3350,0.0,6700.0
1149,326,2025-05-09,42,2,SKU0035,1,16100,0.05,15295.0
1150,327,2024-05-27,46,4,SKU0037,1,15300,0.0,15300.0
1151,327,2024-05-27,46,4,SKU0015,1,5000,0.0,5000.0
1152,327,2024-05-27,46,4,SKU0006,5,2300,0.0,11500.0
1153,327,2024-05-27,46,4,SKU0016,2,3700,0.0,7400.0
1154,327,2024-05-27,46,4,SKU0024,1,2300,0.0,2300.0
1155,328,2025-09-28,24,2,SKU0030,4,3800,0.0,15200.0
1156,328,2025-09-28,24,2,SKU0010,2,9300,0.15,15810.0
1157,328,2025-09-28,24,2,SKU0036,2,21500,0.0,43000.0
1158,329,2024-02-02,48,2,SKU0010,4,8600,0.1,30960.0
1159,330,2025-03-01,2,4,SKU0004,1,9700,0.0,9700.0
1160,330,2025-03-01,2,4,SKU0007,5,5400,0.15,22950.0
1161,330,2025-03-01,2,4,SKU0038,2,8950,0.0,17900.0
1162,331,2025-08-04,10,3,SKU0006,1,2500,0.0,2500.0
1163,331,2025-08-04,10,3,SKU0016,5,4000,0.15,17000.0
1164,332,2024-02-02,27,2,SKU0031,5,3200,0.1,14400.0
1165,332,2024-02-02,27,2,SKU0009,3,3400,0.0,10200.0
1166,333,2025-10-16,27,3,SKU0042,2,10800,0.0,21600.0
1167,333,2025-10-16,27,3,SKU0001,1,4100,0.05,3895.0
1168,333,2025-10-16,27,3,SKU0019,2,2800,0.05,5320.0
1169,333,2025-10-16,27,3,SKU0008,2,4200,0.0,8400.0
1170,334,2024-06-05,26,4,SKU0030,2,3500,0.0,7000.0
1171,334,2024-06-05,26,4,SKU0036,2,19900,0.0,39800.0
1172,334,2024-06-05,26,4,SKU0017,1,13000,0.05,12350.0
1173,334,2024-06-05,26,4,SKU0037,4,15300,0.0,61200.0
1174,334,2024-06-05,26,4,SKU0033,2,3100,0.0,6200.0
1175,334,2024-06-05,26,4,SKU0020,5,2300,0.0,11500.0
1176,335,2025-05-04,15,4,SKU0036,1,21500,0.15,18275.0
1177,335,2025-05-04,15,4,SKU0039,4,14150,0.0,56600.0
1178,336,2024-03-02,21,4,SKU0011,4,4300,0.0,17200.0
1179,336,2024-03-02,21,4,SKU0004,3,9000,0.0,27000.0
1180,336,2024-03-02,21,4,SKU0024,1,2300,0.0,2300.0
1181,336,2024-03-02,21,4,SKU0042,3,10000,0.05,28500.0
1182,337,2025-02-13,50,3,SKU0016,3,4000,0.0,12000.0
1183,338,2024-08-27,35,1,SKU0014,5,5700,0.0,28500.0
1184,339,2024-12-24,49,3,SKU0036,1,19900,0.0,19900.0
1185,339,2024-12-24,49,3,SKU0013,3,4500,0.0,13500.0
1186,340,2026-01-21,37,5,SKU0037,4,17750,0.0,71000.0
1187,341,2025-02-13,4,3,SKU0020,1,2500,0.0,2500.0
1188,342,2026-01-13,49,3,SKU0033,3,3600,0.0,10800.0
1189,342,2026-01-13,49,3,SKU0013,1,5200,0.0,5200.0
1190,342,2026-01-13,49,3,SKU0021,4,4400,0.1,15840.0
1191,342,2026-01-13,49,3,SKU0026,5,6400,0.0,32000.0
1192,343,2026-03-22,33,2,SKU0038,4,9650,0.0,38600.0
1193,344,2024-10-11,38,1,SKU0011,1,4300,0.1,3870.0
1194,344,2024-10-11,38,1,SKU0010,1,8600,0.1,7740.0
1195,344,2024-10-11,38,1,SKU0030,2,3500,0.0,7000.0
1196,345,2024-04-07,44,2,SKU0011,4,4300,0.15,14620.0
1197,345,2024-04-07,44,2,SKU0033,2,3100,0.0,6200.0
1198,345,2024-04-07,44,2,SKU0034,3,3000,0.0,9000.0
1199,345,2024-04-07,44,2,SKU0039,5,13100,0.15,55675.0
1200,345,2024-04-07,44,2,SKU0040,4,5400,0.0,21600.0
1201,345,2024-04-07,44,2,SKU0022,4,2600,0.0,10400.0
1202,346,2024-01-24,14,5,SKU0005,1,7800,0.15,6630.0
1203,346,2024-01-24,14,5,SKU0010,1,8600,0.0,8600.0
1204,346,2024-01-24,14,5,SKU0037,3,15300,0.05,43605.0
1205,346,2024-01-24,14,5,SKU0041,1,9000,0.0,9000.0
1206,346,2024-01-24,14,5,SKU0032,1,3100,0.0,3100.0
1207,347,2025-07-12,21,2,SKU0011,5,4650,0.0,23250.0
1208,347,2025-07-12,21,2,SKU0005,3,8400,0.0,25200.0
1209,347,2025-07-12,21,2,SKU0018,1,4300,0.0,4300.0
1210,348,2026-07-31,46,4,SKU0031,2,3700,0.0,7400.0
1211,348,2026-07-31,46,4,SKU0017,5,15100,0.0,75500.0
1212,348,2026-07-31,46,4,SKU0029,1,7200,0.0,7200.0
1213,349,2025-01-15,19,4,SKU0040,5,5850,0.15,24862.5
1214,349,2025-01-15,19,4,SKU0009,5,3650,0.0,18250.0
1215,349,2025-01-15,19,4,SKU0029,3,6700,0.0,20100.0
1216,349,2025-01-15,19,4,SKU0024,4,2500,0.05,9500.0
1217,350,2025-10-23,29,3,SKU0003,2,2400,0.15,4080.0
1218,350,2025-10-23,29,3,SKU0040,1,5850,0.0,5850.0
1219,350,2025-10-23,29,3,SKU0004,4,9700,0.0,38800.0
1220,350,2025-10-23,29,3,SKU0016,5,4000,0.0,20000.0
1221,350,2025-10-23,29,3,SKU0036,1,21500,0.0,21500.0
1222,350,2025-10-23,29,3,SKU0001,4,4100,0.15,13940.0
1223,351,2026-02-07,30,1,SKU0030,4,4050,0.0,16200.0
1224,351,2026-02-07,30,1,SKU0042,1,11600,0.0,11600.0
1225,351,2026-02-07,30,1,SKU0035,1,17300,0.0,17300.0
1226,352,2025-10-24,50,4,SKU0026,1,5950,0.0,5950.0
1227,352,2025-10-24,50,4,SKU0022,3,2800,0.05,7980.0
1228,353,2026-01-15,32,2,SKU0031,2,3700,0.0,7400.0
1229,353,2026-01-15,32,2,SKU0008,2,4500,0.1,8100.0
1230,353,2026-01-15,32,2,SKU0018,2,4650,0.0,9300.0
1231,353,2026-01-15,32,2,SKU0030,5,4050,0.0,20250.0
1232,353,2026-01-15,32,2,SKU0003,5,2550,0.15,10837.5
1233,353,2026-01-15,32,2,SKU0035,4,17300,0.0,69200.0
1234,354,2026-06-23,24,4,SKU0014,3,6600,0.0,19800.0
1235,354,2026-06-23,24,4,SKU0004,2,10450,0.0,20900.0
1236,354,2026-06-23,24,4,SKU0002,2,5000,0.0,10000.0
1237,354,2026-06-23,24,4,SKU0028,3,3350,0.0,10050.0
1238,355,2024-08-13,6,3,SKU0029,1,6200,0.0,6200.0
1239,355,2024-08-13,6,3,SKU0027,4,8600,0.0,34400.0
1240,355,2024-08-13,6,3,SKU0034,3,3000,0.0,9000.0
1241,355,2024-08-13,6,3,SKU0014,2,5700,0.0,11400.0
1242,355,2024-08-13,6,3,SKU0017,4,13000,0.0,52000.0
1243,355,2024-08-13,6,3,SKU0012,4,2100,0.05,7980.0
1244,356,2024-01-25,45,2,SKU0028,5,2900,0.0,14500.0
1245,356,2024-01-25,45,2,SKU0023,1,12900,0.1,11610.0
1246,356,2024-01-25,45,2,SKU0037,5,15300,0.05,72675.0
1247,356,2024-01-25,45,2,SKU0025,2,6900,0.0,13800.0
1248,356,2024-01-25,45,2,SKU0001,3,3800,0.0,11400.0
1249,356,2024-01-25,45,2,SKU0036,2,19900,0.0,39800.0
1250,357,2024-06-23,10,4,SKU0008,5,3900,0.1,17550.0
1251,357,2024-06-23,10,4,SKU0027,1,8600,0.0,8600.0
1252,357,2024-06-23,10,4,SKU0017,2,13000,0.1,23400.0
1253,358,2024-05-26,29,5,SKU0003,2,2200,0.1,3960.0
1254,359,2025-11-09,13,4,SKU0035,2,16100,0.0,32200.0
1255,359,2025-11-09,13,4,SKU0011,5,4650,0.0,23250.0
1256,359,2025-11-09,13,4,SKU0039,3,14150,0.15,36082.5
1257,359,2025-11-09,13,4,SKU0025,3,7450,0.0,22350.0
1258,359,2025-11-09,13,4,SKU0014,3,6150,0.0,18450.0
1259,359,2025-11-09,13,4,SKU0023,5,13950,0.15,59287.5
1260,360,2025-08-04,8,4,SKU0030,4,3800,0.05,14440.0
1261,360,2025-08-04,8,4,SKU0027,3,9300,0.0,27900.0
1262,360,2025-08-04,8,4,SKU0041,2,9700,0.0,19400.0
1263,360,2025-08-04,8,4,SKU0023,4,13950,0.0,55800.0
1264,360,2025-08-04,8,4,SKU0039,2,14150,0.05,26885.0
1265,360,2025-08-04,8,4,SKU0035,5,16100,0.0,80500.0
1266,361,2024-09-03,35,4,SKU0019,1,2600,0.0,2600.0
1267,361,2024-09-03,35,4,SKU0028,1,2900,0.0,2900.0
1268,361,2024-09-03,35,4,SKU0041,1,9000,0.05,8550.0
1269,361,2024-09-03,35,4,SKU0040,4,5400,0.0,21600.0
1270,362,2025-12-04,32,5,SKU0007,1,5400,0.1,4860.0
1271,362,2025-12-04,32,5,SKU0041,3,9700,0.15,24735.0
1272,362,2025-12-04,32,5,SKU0029,4,6700,0.0,26800.0
1273,362,2025-12-04,32,5,SKU0033,2,3350,0.15,5695.0
1274,362,2025-12-04,32,5,SKU0038,4,8950,0.05,34010.0
1275,363,2026-01-26,25,1,SKU0031,3,3700,0.15,9435.0
1276,363,2026-01-26,25,1,SKU0008,4,4500,0.0,18000.0
1277,364,2024-07-09,42,4,SKU0024,2,2300,0.05,4370.0
1278,365,2025-09-13,19,3,SKU0017,1,14050,0.0,14050.0
1279,365,2025-09-13,19,3,SKU0020,1,2500,0.0,2500.0
1280,365,2025-09-13,19,3,SKU0027,3,9300,0.15,23715.0
1281,365,2025-09-13,19,3,SKU0016,5,4000,0.15,17000.0
1282,365,2025-09-13,19,3,SKU0001,5,4100,0.0,20500.0
1283,365,2025-09-13,19,3,SKU0040,3,5850,0.0,17550.0
1284,366,2026-01-09,37,4,SKU0036,2,23100,0.05,43890.0
1285,366,2026-01-09,37,4,SKU0026,4,6400,0.15,21760.0
1286,367,2024-05-13,4,5,SKU0009,4,3400,0.0,13600.0
1287,367,2024-05-13,4,5,SKU0041,5,9000,0.0,45000.0
1288,367,2024-05-13,4,5,SKU0025,4,6900,0.0,27600.0
1289,367,2024-05-13,4,5,SKU0012,1,2100,0.1,1890.0
1290,368,2026-03-12,9,5,SKU0041,5,10450,0.15,44412.5
1291,369,2026-07-04,26,3,SKU0011,4,5000,0.0,20000.0
1292,369,2026-07-04,26,3,SKU0021,5,4400,0.0,22000.0
1293,369,2026-07-04,26,3,SKU0014,1,6600,0.05,6270.0
1294,369,2026-07-04,26,3,SKU0006,5,2650,0.0,13250.0
1295,369,2026-07-04,26,3,SKU0002,5,5000,0.0,25000.0
1296,370,2024-05-06,2,2,SKU0041,2,9000,0.0,18000.0
1297,370,2024-05-06,2,2,SKU0023,2,12900,0.05,24510.0
1298,370,2024-05-06,2,2,SKU0012,2,2100,0.1,3780.0
1299,370,2024-05-06,2,2,SKU0016,4,3700,0.15,12580.0
1300,371,2024-01-31,17,1,SKU0006,1,2300,0.1,2070.0
1301,371,2024-01-31,17,1,SKU0010,5,8600,0.15,36550.0
1302,371,2024-01-31,17,1,SKU0041,1,9000,0.0,9000.0
1303,372,2024-12-11,30,5,SKU0007,2,5000,0.0,10000.0
1304,373,2025-11-16,17,2,SKU0005,4,8400,0.15,28560.0
1305,374,2026-06-29,24,2,SKU0007,1,5800,0.0,5800.0
1306,374,2026-06-29,24,2,SKU0032,1,3600,0.0,3600.0
1307,374,2026-06-29,24,2,SKU0002,4,5000,0.0,20000.0
1308,374,2026-06-29,24,2,SKU0027,3,10000,0.1,27000.0
1309,375,2025-03-03,29,2,SKU0020,2,2500,0.1,4500.0
1310,375,2025-03-03,29,2,SKU0001,5,4100,0.1,18450.0
1311,376,2025-12-15,39,1,SKU0022,3,2800,0.0,8400.0
1312,377,2024-03-31,40,5,SKU0001,2,3800,0.05,7220.0
1313,377,2024-03-31,40,5,SKU0011,1,4300,0.05,4085.0
1314,377,2024-03-31,40,5,SKU0034,1,3000,0.05,2850.0
1315,377,2024-03-31,40,5,SKU0017,5,13000,0.15,55250.0
1316,377,2024-03-31,40,5,SKU0008,2,3900,0.0,7800.0
1317,378,2025-11-27,24,1,SKU0002,2,4650,0.0,9300.0
1318,378,2025-11-27,24,1,SKU0021,1,4100,0.1,3690.0
1319,379,2025-10-02,45,2,SKU0018,1,4300,0.0,4300.0
1320,379,2025-10-02,45,2,SKU0031,5,3450,0.1,15525.0
1321,379,2025-10-02,45,2,SKU0013,3,4850,0.0,14550.0
1322,380,2024-04-29,48,4,SKU0033,2,3100,0.0,6200.0
1323,380,2024-04-29,48,4,SKU0026,3,5500,0.0,16500.0
1324,380,2024-04-29,48,4,SKU0013,1,4500,0.05,4275.0
1325,380,2024-04-29,48,4,SKU0017,5,13000,0.0,65000.0
1326,381,2026-01-30,11,2,SKU0032,5,3600,0.0,18000.0
1327,381,2026-01-30,11,2,SKU0028,5,3350,0.0,16750.0
1328,381,2026-01-30,11,2,SKU0029,4,7200,0.0,28800.0
1329,381,2026-01-30,11,2,SKU0041,5,10450,0.0,52250.0
1330,381,2026-01-30,11,2,SKU0018,3,4650,0.1,12555.0
1331,381,2026-01-30,11,2,SKU0021,1,4400,0.0,4400.0
1332,382,2026-04-06,11,1,SKU0017,5,15100,0.0,75500.0
1333,382,2026-04-06,11,1,SKU0038,4,9650,0.0,38600.0
1334,382,2026-04-06,11,1,SKU0027,1,10000,0.0,10000.0
1335,382,2026-04-06,11,1,SKU0019,3,3000,0.0,9000.0
1336,382,2026-04-06,11,1,SKU0039,2,15200,0.0,30400.0
1337,383,2025-09-07,16,1,SKU0024,3,2500,0.0,7500.0
1338,383,2025-09-07,16,1,SKU0010,1,9300,0.0,9300.0
1339,384,2024-05-20,45,1,SKU0022,5,2600,0.0,13000.0
1340,384,2024-05-20,45,1,SKU0014,4,5700,0.0,22800.0
1341,384,2024-05-20,45,1,SKU0030,5,3500,0.0,17500.0
1342,384,2024-05-20,45,1,SKU0037,5,15300,0.0,76500.0
1343,384,2024-05-20,45,1,SKU0021,1,3800,0.05,3610.0
1344,384,2024-05-20,45,1,SKU0015,3,5000,0.1,13500.0
1345,385,2026-07-19,39,1,SKU0042,2,11600,0.0,23200.0
1346,385,2026-07-19,39,1,SKU0027,4,10000,0.0,40000.0
1347,385,2026-07-19,39,1,SKU0028,1,3350,0.0,3350.0
1348,385,2026-07-19,39,1,SKU0021,4,4400,0.0,17600.0
1349,385,2026-07-19,39,1,SKU0013,1,5200,0.0,5200.0
1350,386,2026-02-08,11,5,SKU0038,5,9650,0.0,48250.0
1351,386,2026-02-08,11,5,SKU0025,3,8000,0.0,24000.0
1352,386,2026-02-08,11,5,SKU0016,5,4300,0.0,21500.0
1353,387,2025-01-12,30,3,SKU0026,5,5950,0.05,28262.5
1354,387,2025-01-12,30,3,SKU0003,1,2400,0.0,2400.0
1355,388,2025-04-02,42,1,SKU0031,1,3450,0.15,2932.5
1356,389,2025-02-04,27,3,SKU0021,1,4100,0.05,3895.0
1357,389,2025-02-04,27,3,SKU0023,3,13950,0.0,41850.0
1358,389,2025-02-04,27,3,SKU0026,5,5950,0.0,29750.0
1359,390,2025-06-12,26,3,SKU0030,2,3800,0.0,7600.0
1360,390,2025-06-12,26,3,SKU0032,1,3350,0.0,3350.0
1361,390,2025-06-12,26,3,SKU0008,1,4200,0.0,4200.0
1362,390,2025-06-12,26,3,SKU0024,4,2500,0.0,10000.0
1363,390,2025-06-12,26,3,SKU0007,2,5400,0.0,10800.0
1364,390,2025-06-12,26,3,SKU0002,2,4650,0.1,8370.0
1365,391,2025-01-06,24,5,SKU0004,3,9700,0.15,24735.0
1366,392,2026-04-05,3,1,SKU0020,1,2650,0.0,2650.0
1367,393,2026-03-14,22,5,SKU0018,4,4650,0.0,18600.0
1368,393,2026-03-14,22,5,SKU0011,2,5000,0.0,10000.0
1369,393,2026-03-14,22,5,SKU0009,2,3950,0.15,6715.0
1370,393,2026-03-14,22,5,SKU0038,5,9650,0.15,41012.5
1371,394,2024-05-03,27,4,SKU0008,4,3900,0.0,15600.0
1372,394,2024-05-03,27,4,SKU0034,3,3000,0.15,7650.0
1373,394,2024-05-03,27,4,SKU0041,4,9000,0.0,36000.0
1374,394,2024-05-03,27,4,SKU0016,1,3700,0.0,3700.0
1375,394,2024-05-03,27,4,SKU0037,3,15300,0.1,41310.0
1376,394,2024-05-03,27,4,SKU0031,1,3200,0.0,3200.0
1377,395,2026-07-01,36,2,SKU0042,2,11600,0.0,23200.0
1378,395,2026-07-01,36,2,SKU0014,2,6600,0.0,13200.0
1379,395,2026-07-01,36,2,SKU0005,4,9050,0.0,36200.0
1380,395,2026-07-01,36,2,SKU0040,4,6250,0.0,25000.0
1381,395,2026-07-01,36,2,SKU0032,3,3600,0.0,10800.0
1382,395,2026-07-01,36,2,SKU0004,5,10450,0.15,44412.5
1383,396,2025-10-10,34,5,SKU0020,2,2500,0.15,4250.0
1384,396,2025-10-10,34,5,SKU0030,5,3800,0.0,19000.0
1385,396,2025-10-10,34,5,SKU0042,2,10800,0.0,21600.0
1386,397,2026-03-20,24,4,SKU0040,2,6250,0.0,12500.0
1387,397,2026-03-20,24,4,SKU0033,3,3600,0.0,10800.0
1388,397,2026-03-20,24,4,SKU0013,2,5200,0.1,9360.0
1389,397,2026-03-20,24,4,SKU0026,3,6400,0.15,16320.0
1390,398,2025-12-10,37,1,SKU0030,1,3800,0.0,3800.0
1391,398,2025-12-10,37,1,SKU0007,1,5400,0.0,5400.0
1392,399,2025-04-09,12,3,SKU0031,5,3450,0.0,17250.0
1393,400,2025-12-29,23,3,SKU0036,1,21500,0.0,21500.0
1394,401,2026-07-05,28,2,SKU0026,4,6400,0.05,24320.0
1395,401,2026-07-05,28,2,SKU0033,3,3600,0.0,10800.0
1396,402,2024-10-31,29,3,SKU0007,4,5000,0.1,18000.0
1397,402,2024-10-31,29,3,SKU0004,4,9000,0.0,36000.0
1398,402,2024-10-31,29,3,SKU0042,3,10000,0.0,30000.0
1399,403,2026-03-03,26,2,SKU0018,1,4650,0.1,4185.0
1400,403,2026-03-03,26,2,SKU0034,1,3500,0.1,3150.0
1401,403,2026-03-03,26,2,SKU0039,2,15200,0.0,30400.0
1402,403,2026-03-03,26,2,SKU0032,2,3600,0.0,7200.0
1403,403,2026-03-03,26,2,SKU0028,1,3350,0.0,3350.0
1404,404,2025-07-11,37,3,SKU0005,1,8400,0.0,8400.0
1405,404,2025-07-11,37,3,SKU0035,2,16100,0.05,30590.0
1406,405,2025-05-23,45,4,SKU0026,4,5950,0.0,23800.0
1407,405,2025-05-23,45,4,SKU0007,2,5400,0.15,9180.0
1408,405,2025-05-23,45,4,SKU0015,2,5400,0.0,10800.0
1409,405,2025-05-23,45,4,SKU0018,3,4300,0.1,11610.0
1410,406,2025-04-09,39,3,SKU0001,2,4100,0.0,8200.0
1411,406,2025-04-09,39,3,SKU0007,3,5400,0.1,14580.0
1412,406,2025-04-09,39,3,SKU0012,1,2250,0.0,2250.0
1413,406,2025-04-09,39,3,SKU0033,2,3350,0.0,6700.0
1414,406,2025-04-09,39,3,SKU0031,4,3450,0.0,13800.0
1415,406,2025-04-09,39,3,SKU0020,1,2500,0.1,2250.0
1416,407,2025-12-27,31,4,SKU0002,1,4650,0.0,4650.0
1417,407,2025-12-27,31,4,SKU0012,1,2250,0.05,2137.5
1418,407,2025-12-27,31,4,SKU0017,3,14050,0.0,42150.0
1419,408,2024-10-29,38,1,SKU0016,1,3700,0.05,3515.0
1420,408,2024-10-29,38,1,SKU0031,3,3200,0.15,8160.0
1421,408,2024-10-29,38,1,SKU0008,2,3900,0.05,7410.0
1422,408,2024-10-29,38,1,SKU0003,5,2200,0.0,11000.0
1423,409,2026-04-07,49,2,SKU0007,3,5800,0.15,14790.0
1424,410,2026-03-21,48,3,SKU0032,4,3600,0.0,14400.0
1425,410,2026-03-21,48,3,SKU0023,3,14950,0.0,44850.0
1426,410,2026-03-21,48,3,SKU0035,1,17300,0.15,14705.0
1427,410,2026-03-21,48,3,SKU0017,3,15100,0.0,45300.0
1428,411,2024-04-12,46,3,SKU0039,1,13100,0.0,13100.0
1429,411,2024-04-12,46,3,SKU0031,4,3200,0.15,10880.0
1430,411,2024-04-12,46,3,SKU0008,2,3900,0.1,7020.0
1431,411,2024-04-12,46,3,SKU0018,2,4000,0.0,8000.0
1432,411,2024-04-12,46,3,SKU0034,4,3000,0.0,12000.0
1433,412,2026-05-01,16,5,SKU0028,1,3350,0.0,3350.0
1434,412,2026-05-01,16,5,SKU0024,5,2650,0.0,13250.0
1435,412,2026-05-01,16,5,SKU0014,5,6600,0.0,33000.0
1436,412,2026-05-01,16,5,SKU0006,3,2650,0.1,7155.0
1437,412,2026-05-01,16,5,SKU0013,3,5200,0.0,15600.0
1438,412,2026-05-01,16,5,SKU0025,4,8000,0.05,30400.0
1439,413,2024-10-02,27,3,SKU0013,5,4500,0.1,20250.0
1440,413,2024-10-02,27,3,SKU0003,3,2200,0.15,5610.0
1441,413,2024-10-02,27,3,SKU0038,5,8300,0.0,41500.0
1442,414,2025-05-06,28,4,SKU0023,2,13950,0.0,27900.0
1443,414,2025-05-06,28,4,SKU0019,2,2800,0.05,5320.0
1444,414,2025-05-06,28,4,SKU0008,3,4200,0.05,11970.0
1445,414,2025-05-06,28,4,SKU0001,5,4100,0.1,18450.0
1446,414,2025-05-06,28,4,SKU0032,2,3350,0.0,6700.0
1447,415,2025-09-16,32,3,SKU0019,1,2800,0.0,2800.0
1448,416,2025-02-13,3,2,SKU0038,4,8950,0.0,35800.0
1449,416,2025-02-13,3,2,SKU0008,1,4200,0.0,4200.0
1450,416,2025-02-13,3,2,SKU0004,3,9700,0.1,26190.0
1451,417,2024-02-04,1,1,SKU0009,5,3400,0.1,15300.0
1452,417,2024-02-04,1,1,SKU0023,5,12900,0.0,64500.0
1453,417,2024-02-04,1,1,SKU0019,1,2600,0.1,2340.0
1454,418,2026-04-07,18,2,SKU0013,1,5200,0.0,5200.0
1455,418,2026-04-07,18,2,SKU0028,3,3350,0.0,10050.0
1456,418,2026-04-07,18,2,SKU0038,4,9650,0.0,38600.0
1457,418,2026-04-07,18,2,SKU0006,4,2650,0.0,10600.0
1458,418,2026-04-07,18,2,SKU0019,3,3000,0.0,9000.0
1459,418,2026-04-07,18,2,SKU0015,5,5800,0.0,29000.0
1460,419,2024-07-25,12,5,SKU0021,3,3800,0.0,11400.0
1461,419,2024-07-25,12,5,SKU0038,4,8300,0.05,31540.0
1462,419,2024-07-25,12,5,SKU0009,2,3400,0.0,6800.0
1463,419,2024-07-25,12,5,SKU0013,3,4500,0.0,13500.0
1464,420,2024-08-27,20,5,SKU0030,2,3500,0.05,6650.0
1465,420,2024-08-27,20,5,SKU0035,4,14900,0.1,53640.0
1466,420,2024-08-27,20,5,SKU0012,3,2100,0.05,5985.0
1467,420,2024-08-27,20,5,SKU0025,3,6900,0.0,20700.0
1468,420,2024-08-27,20,5,SKU0028,3,2900,0.0,8700.0
1469,420,2024-08-27,20,5,SKU0007,4,5000,0.0,20000.0
1470,421,2026-02-22,27,4,SKU0036,1,23100,0.15,19635.0
1471,422,2025-01-05,27,1,SKU0040,2,5850,0.05,11115.0
1472,422,2025-01-05,27,1,SKU0020,5,2500,0.0,12500.0
1473,423,2026-04-30,9,5,SKU0037,4,17750,0.1,63900.0
1474,423,2026-04-30,9,5,SKU0019,1,3000,0.0,3000.0
1475,423,2026-04-30,9,5,SKU0004,5,10450,0.0,52250.0
1476,423,2026-04-30,9,5,SKU0026,1,6400,0.0,6400.0
1477,423,2026-04-30,9,5,SKU0009,1,3950,0.0,3950.0
1478,424,2025-12-05,42,1,SKU0039,5,14150,0.0,70750.0
1479,424,2025-12-05,42,1,SKU0007,3,5400,0.15,13770.0
1480,424,2025-12-05,42,1,SKU0019,1,2800,0.0,2800.0
1481,425,2024-11-06,48,5,SKU0033,4,3100,0.0,12400.0
1482,425,2024-11-06,48,5,SKU0004,2,9000,0.1,16200.0
1483,425,2024-11-06,48,5,SKU0014,2,5700,0.0,11400.0
1484,425,2024-11-06,48,5,SKU0034,3,3000,0.1,8100.0
1485,425,2024-11-06,48,5,SKU0010,1,8600,0.15,7310.0
1486,425,2024-11-06,48,5,SKU0036,4,19900,0.05,75620.0
1487,426,2024-01-13,45,2,SKU0005,1,7800,0.0,7800.0
1488,427,2026-06-22,39,1,SKU0007,5,5800,0.0,29000.0
1489,427,2026-06-22,39,1,SKU0016,4,4300,0.0,17200.0
1490,427,2026-06-22,39,1,SKU0014,1,6600,0.0,6600.0
1491,427,2026-06-22,39,1,SKU0031,4,3700,0.0,14800.0
1492,427,2026-06-22,39,1,SKU0002,2,5000,0.15,8500.0
1493,428,2024-04-11,16,5,SKU0040,4,5400,0.0,21600.0
1494,428,2024-04-11,16,5,SKU0029,1,6200,0.0,6200.0
1495,428,2024-04-11,16,5,SKU0008,2,3900,0.15,6630.0
1496,429,2025-12-19,48,2,SKU0033,2,3350,0.0,6700.0
1497,429,2025-12-19,48,2,SKU0035,4,16100,0.0,64400.0
1498,430,2025-05-28,19,1,SKU0032,1,3350,0.0,3350.0
1499,430,2025-05-28,19,1,SKU0024,4,2500,0.15,8500.0
1500,430,2025-05-28,19,1,SKU0018,4,4300,0.0,17200.0
1501,430,2025-05-28,19,1,SKU0026,1,5950,0.0,5950.0
1502,430,2025-05-28,19,1,SKU0025,4,7450,0.0,29800.0
1503,431,2026-01-18,37,4,SKU0038,3,9650,0.0,28950.0
1504,432,2025-11-27,42,5,SKU0003,4,2400,0.0,9600.0
1505,432,2025-11-27,42,5,SKU0023,1,13950,0.0,13950.0
1506,432,2025-11-27,42,5,SKU0009,3,3650,0.05,10402.5
1507,432,2025-11-27,42,5,SKU0030,5,3800,0.0,19000.0
1508,433,2025-10-19,23,5,SKU0033,2,3350,0.0,6700.0
1509,433,2025-10-19,23,5,SKU0005,5,8400,0.0,42000.0
1510,433,2025-10-19,23,5,SKU0012,4,2250,0.1,8100.0
1511,433,2025-10-19,23,5,SKU0042,2,10800,0.0,21600.0
1512,434,2025-05-30,49,3,SKU0005,4,8400,0.05,31920.0
1513,434,2025-05-30,49,3,SKU0042,2,10800,0.05,20520.0
1514,434,2025-05-30,49,3,SKU0031,5,3450,0.15,14662.5
1515,434,2025-05-30,49,3,SKU0025,5,7450,0.0,37250.0
1516,435,2026-02-18,9,3,SKU0038,1,9650,0.0,9650.0
1517,435,2026-02-18,9,3,SKU0023,2,14950,0.0,29900.0
1518,435,2026-02-18,9,3,SKU0040,1,6250,0.1,5625.0
1519,435,2026-02-18,9,3,SKU0026,1,6400,0.0,6400.0
1520,435,2026-02-18,9,3,SKU0005,4,9050,0.0,36200.0
1521,436,2024-04-19,49,2,SKU0016,1,3700,0.05,3515.0
1522,436,2024-04-19,49,2,SKU0007,3,5000,0.0,15000.0
1523,436,2024-04-19,49,2,SKU0012,1,2100,0.15,1785.0
1524,436,2024-04-19,49,2,SKU0025,1,6900,0.0,6900.0
1525,436,2024-04-19,49,2,SKU0027,3,8600,0.05,24510.0
1526,436,2024-04-19,49,2,SKU0005,1,7800,0.0,7800.0
1527,437,2024-09-07,21,1,SKU0029,2,6200,0.0,12400.0
1528,437,2024-09-07,21,1,SKU0025,4,6900,0.0,27600.0
1529,437,2024-09-07,21,1,SKU0009,3,3400,0.0,10200.0
1530,437,2024-09-07,21,1,SKU0037,2,15300,0.1,27540.0
1531,437,2024-09-07,21,1,SKU0036,2,19900,0.0,39800.0
1532,437,2024-09-07,21,1,SKU0013,5,4500,0.15,19125.0
1533,438,2025-11-28,13,1,SKU0002,2,4650,0.0,9300.0
1534,438,2025-11-28,13,1,SKU0041,3,9700,0.15,24735.0
1535,438,2025-11-28,13,1,SKU0007,4,5400,0.05,20520.0
1536,438,2025-11-28,13,1,SKU0014,5,6150,0.15,26137.5
1537,438,2025-11-28,13,1,SKU0003,1,2400,0.0,2400.0
1538,439,2024-12-06,12,5,SKU0013,5,4500,0.0,22500.0
1539,439,2024-12-06,12,5,SKU0014,3,5700,0.05,16245.0
1540,439,2024-12-06,12,5,SKU0037,5,15300,0.15,65025.0
1541,439,2024-12-06,12,5,SKU0031,2,3200,0.15,5440.0
1542,440,2025-08-20,5,4,SKU0041,1,9700,0.0,9700.0
1543,440,2025-08-20,5,4,SKU0025,5,7450,0.0,37250.0
1544,440,2025-08-20,5,4,SKU0005,1,8400,0.0,8400.0
1545,440,2025-08-20,5,4,SKU0037,4,16500,0.0,66000.0
1546,441,2025-05-14,4,5,SKU0022,4,2800,0.1,10080.0
1547,441,2025-05-14,4,5,SKU0002,3,4650,0.0,13950.0
1548,441,2025-05-14,4,5,SKU0015,2,5400,0.0,10800.0
1549,441,2025-05-14,4,5,SKU0019,1,2800,0.05,2660.0
1550,441,2025-05-14,4,5,SKU0017,5,14050,0.0,70250.0
1551,442,2025-07-05,34,5,SKU0020,1,2500,0.05,2375.0
1552,442,2025-07-05,34,5,SKU0026,4,5950,0.0,23800.0
1553,442,2025-07-05,34,5,SKU0040,1,5850,0.0,5850.0
1554,442,2025-07-05,34,5,SKU0004,3,9700,0.0,29100.0
1555,442,2025-07-05,34,5,SKU0035,3,16100,0.0,48300.0
1556,443,2025-03-31,22,1,SKU0014,3,6150,0.15,15682.5
1557,443,2025-03-31,22,1,SKU0036,1,21500,0.0,21500.0
1558,444,2026-01-08,32,1,SKU0040,5,6250,0.1,28125.0
1559,444,2026-01-08,32,1,SKU0003,5,2550,0.0,12750.0
1560,444,2026-01-08,32,1,SKU0023,5,14950,0.0,74750.0
1561,444,2026-01-08,32,1,SKU0005,2,9050,0.0,18100.0
1562,444,2026-01-08,32,1,SKU0027,1,10000,0.0,10000.0
1563,445,2024-12-27,3,4,SKU0015,3,5000,0.15,12750.0
1564,445,2024-12-27,3,4,SKU0042,2,10000,0.0,20000.0
1565,445,2024-12-27,3,4,SKU0023,1,12900,0.0,12900.0
1566,445,2024-12-27,3,4,SKU0028,2,2900,0.05,5510.0
1567,445,2024-12-27,3,4,SKU0031,5,3200,0.15,13600.0
1568,446,2025-12-06,25,1,SKU0031,4,3450,0.05,13110.0
1569,446,2025-12-06,25,1,SKU0004,2,9700,0.0,19400.0
1570,446,2025-12-06,25,1,SKU0025,4,7450,0.0,29800.0
1571,446,2025-12-06,25,1,SKU0009,5,3650,0.0,18250.0
1572,446,2025-12-06,25,1,SKU0028,3,3150,0.0,9450.0
1573,447,2024-10-31,22,4,SKU0016,2,3700,0.0,7400.0
1574,448,2024-10-10,38,1,SKU0027,5,8600,0.0,43000.0
1575,448,2024-10-10,38,1,SKU0035,1,14900,0.15,12665.0
1576,449,2024-05-20,47,2,SKU0005,1,7800,0.0,7800.0
1577,450,2024-08-05,29,2,SKU0003,5,2200,0.1,9900.0
1578,450,2024-08-05,29,2,SKU0021,2,3800,0.0,7600.0
1579,450,2024-08-05,29,2,SKU0023,2,12900,0.05,24510.0
1580,451,2024-05-18,26,4,SKU0008,4,3900,0.1,14040.0
1581,451,2024-05-18,26,4,SKU0005,3,7800,0.15,19890.0
1582,451,2024-05-18,26,4,SKU0041,2,9000,0.0,18000.0
1583,451,2024-05-18,26,4,SKU0017,3,13000,0.0,39000.0
1584,451,2024-05-18,26,4,SKU0035,5,14900,0.0,74500.0
1585,451,2024-05-18,26,4,SKU0014,2,5700,0.05,10830.0
1586,452,2025-07-09,18,3,SKU0035,5,16100,0.0,80500.0
1587,452,2025-07-09,18,3,SKU0033,3,3350,0.0,10050.0
1588,452,2025-07-09,18,3,SKU0007,2,5400,0.0,10800.0
1589,452,2025-07-09,18,3,SKU0004,5,9700,0.0,48500.0
1590,452,2025-07-09,18,3,SKU0023,3,13950,0.1,37665.0
1591,452,2025-07-09,18,3,SKU0027,5,9300,0.0,46500.0
1592,453,2026-01-22,8,3,SKU0010,1,10000,0.0,10000.0
1593,453,2026-01-22,8,3,SKU0003,1,2550,0.0,2550.0
1594,453,2026-01-22,8,3,SKU0016,3,4300,0.05,12255.0
1595,453,2026-01-22,8,3,SKU0029,4,7200,0.0,28800.0
1596,453,2026-01-22,8,3,SKU0030,1,4050,0.0,4050.0
1597,453,2026-01-22,8,3,SKU0008,3,4500,0.15,11475.0
1598,454,2024-07-28,40,4,SKU0002,2,4300,0.0,8600.0
1599,454,2024-07-28,40,4,SKU0025,4,6900,0.0,27600.0
1600,454,2024-07-28,40,4,SKU0029,4,6200,0.05,23560.0
1601,454,2024-07-28,40,4,SKU0003,1,2200,0.1,1980.0
1602,455,2024-09-01,20,1,SKU0023,5,12900,0.0,64500.0
1603,455,2024-09-01,20,1,SKU0002,1,4300,0.0,4300.0
1604,455,2024-09-01,20,1,SKU0039,5,13100,0.0,65500.0
1605,455,2024-09-01,20,1,SKU0022,4,2600,0.15,8840.0
1606,455,2024-09-01,20,1,SKU0017,1,13000,0.15,11050.0
1607,456,2025-05-24,7,5,SKU0019,5,2800,0.1,12600.0
1608,456,2025-05-24,7,5,SKU0035,5,16100,0.15,68425.0
1609,456,2025-05-24,7,5,SKU0030,5,3800,0.0,19000.0
1610,456,2025-05-24,7,5,SKU0028,2,3150,0.0,6300.0
1611,457,2025-12-22,30,2,SKU0001,3,4100,0.0,12300.0
1612,457,2025-12-22,30,2,SKU0018,2,4300,0.15,7310.0
1613,458,2026-07-13,35,3,SKU0037,5,17750,0.0,88750.0
1614,458,2026-07-13,35,3,SKU0026,3,6400,0.0,19200.0
1615,458,2026-07-13,35,3,SKU0003,3,2550,0.15,6502.5
1616,459,2025-06-29,42,5,SKU0008,3,4200,0.05,11970.0
1617,460,2024-11-13,43,3,SKU0012,1,2100,0.0,2100.0
1618,460,2024-11-13,43,3,SKU0029,1,6200,0.0,6200.0
1619,460,2024-11-13,43,3,SKU0030,1,3500,0.0,3500.0
1620,461,2024-04-28,31,5,SKU0027,5,8600,0.0,43000.0
1621,461,2024-04-28,31,5,SKU0004,3,9000,0.05,25650.0
1622,462,2024-08-07,36,3,SKU0029,2,6200,0.0,12400.0
1623,463,2024-09-14,50,3,SKU0032,2,3100,0.0,6200.0
1624,463,2024-09-14,50,3,SKU0009,5,3400,0.1,15300.0
1625,463,2024-09-14,50,3,SKU0015,1,5000,0.0,5000.0
1626,464,2024-07-22,8,1,SKU0033,5,3100,0.0,15500.0
1627,464,2024-07-22,8,1,SKU0029,1,6200,0.05,5890.0
1628,465,2024-01-17,46,2,SKU0017,3,13000,0.0,39000.0
1629,466,2025-07-08,44,3,SKU0003,1,2400,0.05,2280.0
1630,466,2025-07-08,44,3,SKU0039,4,14150,0.0,56600.0
1631,466,2025-07-08,44,3,SKU0016,5,4000,0.0,20000.0
1632,466,2025-07-08,44,3,SKU0023,2,13950,0.0,27900.0
1633,466,2025-07-08,44,3,SKU0007,3,5400,0.05,15390.0
1634,467,2024-11-04,24,4,SKU0042,4,10000,0.0,40000.0
1635,468,2026-07-12,10,1,SKU0039,4,15200,0.1,54720.0
1636,468,2026-07-12,10,1,SKU0024,3,2650,0.0,7950.0
1637,468,2026-07-12,10,1,SKU0022,3,3000,0.05,8550.0
1638,469,2025-07-25,2,2,SKU0003,5,2400,0.0,12000.0
1639,469,2025-07-25,2,2,SKU0019,1,2800,0.05,2660.0
1640,469,2025-07-25,2,2,SKU0010,2,9300,0.15,15810.0
1641,470,2025-12-02,21,5,SKU0033,2,3350,0.0,6700.0
1642,470,2025-12-02,21,5,SKU0038,1,8950,0.0,8950.0
1643,470,2025-12-02,21,5,SKU0023,2,13950,0.05,26505.0
1644,470,2025-12-02,21,5,SKU0014,5,6150,0.05,29212.5
1645,470,2025-12-02,21,5,SKU0025,5,7450,0.1,33525.0
1646,470,2025-12-02,21,5,SKU0003,4,2400,0.05,9120.0
1647,471,2024-05-26,47,1,SKU0004,3,9000,0.0,27000.0
1648,471,2024-05-26,47,1,SKU0039,2,13100,0.15,22270.0
1649,471,2024-05-26,47,1,SKU0031,5,3200,0.0,16000.0
1650,471,2024-05-26,47,1,SKU0034,2,3000,0.0,6000.0
1651,471,2024-05-26,47,1,SKU0029,2,6200,0.15,10540.0
1652,472,2026-04-21,50,3,SKU0030,1,4050,0.1,3645.0
1653,472,2026-04-21,50,3,SKU0021,2,4400,0.0,8800.0
1654,473,2025-05-30,47,4,SKU0006,5,2500,0.0,12500.0
1655,473,2025-05-30,47,4,SKU0023,3,13950,0.1,37665.0
1656,473,2025-05-30,47,4,SKU0036,4,21500,0.05,81700.0
1657,474,2026-04-24,15,4,SKU0015,2,5800,0.15,9860.0
1658,474,2026-04-24,15,4,SKU0037,4,17750,0.1,63900.0
1659,474,2026-04-24,15,4,SKU0009,5,3950,0.1,17775.0
1660,474,2026-04-24,15,4,SKU0035,2,17300,0.05,32870.0
1661,475,2025-08-13,17,3,SKU0021,4,4100,0.0,16400.0
1662,475,2025-08-13,17,3,SKU0008,5,4200,0.0,21000.0
1663,475,2025-08-13,17,3,SKU0006,5,2500,0.0,12500.0
1664,476,2025-05-11,41,2,SKU0030,2,3800,0.0,7600.0
1665,476,2025-05-11,41,2,SKU0001,4,4100,0.0,16400.0
1666,477,2025-04-14,49,5,SKU0031,2,3450,0.0,6900.0
1667,477,2025-04-14,49,5,SKU0007,2,5400,0.05,10260.0
1668,477,2025-04-14,49,5,SKU0009,5,3650,0.0,18250.0
1669,477,2025-04-14,49,5,SKU0003,4,2400,0.0,9600.0
1670,477,2025-04-14,49,5,SKU0028,2,3150,0.0,6300.0
1671,477,2025-04-14,49,5,SKU0002,5,4650,0.0,23250.0
1672,478,2024-07-27,46,3,SKU0022,3,2600,0.05,7410.0
1673,479,2024-03-03,39,5,SKU0003,1,2200,0.1,1980.0
1674,480,2026-06-16,23,4,SKU0041,4,10450,0.1,37620.0
1675,480,2026-06-16,23,4,SKU0029,2,7200,0.1,12960.0
1676,480,2026-06-16,23,4,SKU0028,2,3350,0.1,6030.0
1677,480,2026-06-16,23,4,SKU0019,5,3000,0.15,12750.0
1678,481,2025-05-18,33,1,SKU0001,5,4100,0.0,20500.0
1679,481,2025-05-18,33,1,SKU0038,4,8950,0.0,35800.0
1680,482,2026-03-14,21,4,SKU0033,3,3600,0.15,9180.0
1681,482,2026-03-14,21,4,SKU0038,1,9650,0.0,9650.0
1682,483,2025-03-07,20,4,SKU0004,5,9700,0.05,46075.0
1683,483,2025-03-07,20,4,SKU0037,5,16500,0.15,70125.0
1684,483,2025-03-07,20,4,SKU0034,4,3250,0.0,13000.0
1685,484,2024-03-29,21,4,SKU0012,2,2100,0.0,4200.0
1686,484,2024-03-29,21,4,SKU0010,5,8600,0.0,43000.0
1687,484,2024-03-29,21,4,SKU0003,5,2200,0.05,10450.0
1688,485,2025-10-04,21,1,SKU0019,3,2800,0.0,8400.0
1689,485,2025-10-04,21,1,SKU0011,4,4650,0.0,18600.0
1690,485,2025-10-04,21,1,SKU0008,2,4200,0.0,8400.0
1691,486,2024-03-06,19,3,SKU0007,5,5000,0.15,21250.0
1692,486,2024-03-06,19,3,SKU0015,5,5000,0.15,21250.0
1693,486,2024-03-06,19,3,SKU0018,2,4000,0.0,8000.0
1694,486,2024-03-06,19,3,SKU0010,5,8600,0.0,43000.0
1695,486,2024-03-06,19,3,SKU0014,5,5700,0.05,27075.0
1696,487,2024-06-19,13,1,SKU0002,5,4300,0.0,21500.0
1697,487,2024-06-19,13,1,SKU0024,4,2300,0.05,8740.0
1698,487,2024-06-19,13,1,SKU0014,2,5700,0.15,9690.0
1699,487,2024-06-19,13,1,SKU0019,4,2600,0.0,10400.0
1700,488,2025-08-03,8,1,SKU0028,2,3150,0.0,6300.0
1701,488,2025-08-03,8,1,SKU0032,1,3350,0.0,3350.0
1702,488,2025-08-03,8,1,SKU0017,1,14050,0.1,12645.0
1703,488,2025-08-03,8,1,SKU0006,2,2500,0.1,4500.0
1704,489,2024-12-04,5,3,SKU0033,3,3100,0.0,9300.0
1705,489,2024-12-04,5,3,SKU0022,5,2600,0.1,11700.0
1706,490,2026-07-27,50,1,SKU0021,2,4400,0.15,7480.0
1707,490,2026-07-27,50,1,SKU0003,5,2550,0.1,11475.0
1708,490,2026-07-27,50,1,SKU0028,1,3350,0.1,3015.0
1709,490,2026-07-27,50,1,SKU0007,1,5800,0.0,5800.0
1710,490,2026-07-27,50,1,SKU0034,2,3500,0.05,6650.0
1711,490,2026-07-27,50,1,SKU0042,4,11600,0.15,39440.0
1712,491,2024-05-17,15,2,SKU0031,2,3200,0.1,5760.0
1713,491,2024-05-17,15,2,SKU0010,4,8600,0.0,34400.0
1714,491,2024-05-17,15,2,SKU0032,2,3100,0.0,6200.0
1715,492,2026-01-23,41,1,SKU0014,5,6600,0.05,31350.0
1716,492,2026-01-23,41,1,SKU0001,2,4400,0.1,7920.0
1717,492,2026-01-23,41,1,SKU0028,2,3350,0.0,6700.0
1718,492,2026-01-23,41,1,SKU0005,4,9050,0.1,32580.0
1719,492,2026-01-23,41,1,SKU0032,3,3600,0.05,10260.0
1720,493,2025-09-13,25,5,SKU0041,4,9700,0.05,36860.0
1721,493,2025-09-13,25,5,SKU0023,2,13950,0.0,27900.0
1722,494,2026-02-16,15,3,SKU0032,4,3600,0.0,14400.0
1723,494,2026-02-16,15,3,SKU0042,1,11600,0.0,11600.0
1724,494,2026-02-16,15,3,SKU0026,1,6400,0.15,5440.0
1725,494,2026-02-16,15,3,SKU0039,3,15200,0.0,45600.0
1726,494,2026-02-16,15,3,SKU0023,4,14950,0.0,59800.0
1727,494,2026-02-16,15,3,SKU0035,2,17300,0.1,31140.0
1728,495,2024-09-12,28,1,SKU0030,1,3500,0.0,3500.0
1729,495,2024-09-12,28,1,SKU0021,4,3800,0.1,13680.0
1730,496,2025-06-27,9,4,SKU0039,3,14150,0.0,42450.0
1731,496,2025-06-27,9,4,SKU0027,5,9300,0.0,46500.0
1732,496,2025-06-27,9,4,SKU0016,4,4000,0.0,16000.0
1733,496,2025-06-27,9,4,SKU0002,5,4650,0.15,19762.5
1734,497,2025-04-23,21,3,SKU0021,3,4100,0.0,12300.0
1735,497,2025-04-23,21,3,SKU0027,3,9300,0.0,27900.0
1736,497,2025-04-23,21,3,SKU0026,2,5950,0.0,11900.0
1737,497,2025-04-23,21,3,SKU0029,1,6700,0.0,6700.0
1738,497,2025-04-23,21,3,SKU0028,4,3150,0.0,12600.0
1739,497,2025-04-23,21,3,SKU0040,2,5850,0.05,11115.0
1740,498,2025-04-16,11,5,SKU0041,5,9700,0.05,46075.0
1741,498,2025-04-16,11,5,SKU0008,3,4200,0.0,12600.0
1742,499,2026-04-14,39,5,SKU0002,4,5000,0.0,20000.0
1743,500,2026-07-24,50,3,SKU0036,1,23100,0.05,21945.0
1744,500,2026-07-24,50,3,SKU0005,2,9050,0.0,18100.0
1745,500,2026-07-24,50,3,SKU0042,5,11600,0.0,58000.0
1746,501,2024-12-05,11,5,SKU0015,3,5000,0.0,15000.0
1747,501,2024-12-05,11,5,SKU0019,2,2600,0.05,4940.0
1748,501,2024-12-05,11,5,SKU0011,2,4300,0.0,8600.0
1749,501,2024-12-05,11,5,SKU0024,1,2300,0.15,1955.0
1750,502,2025-09-26,2,5,SKU0033,4,3350,0.15,11390.0
1751,503,2025-09-16,32,1,SKU0019,1,2800,0.0,2800.0
1752,503,2025-09-16,32,1,SKU0020,2,2500,0.0,5000.0
1753,504,2026-01-03,18,1,SKU0042,1,11600,0.0,11600.0
1754,504,2026-01-03,18,1,SKU0026,1,6400,0.05,6080.0
1755,504,2026-01-03,18,1,SKU0009,4,3950,0.0,15800.0
1756,504,2026-01-03,18,1,SKU0018,1,4650,0.1,4185.0
1757,505,2026-06-21,35,5,SKU0007,4,5800,0.0,23200.0
1758,505,2026-06-21,35,5,SKU0038,5,9650,0.15,41012.5
1759,506,2024-08-23,20,3,SKU0033,4,3100,0.0,12400.0
1760,506,2024-08-23,20,3,SKU0002,1,4300,0.0,4300.0
1761,506,2024-08-23,20,3,SKU0020,5,2300,0.0,11500.0
1762,506,2024-08-23,20,3,SKU0018,4,4000,0.0,16000.0
1763,507,2024-08-26,28,1,SKU0027,3,8600,0.0,25800.0
1764,507,2024-08-26,28,1,SKU0036,3,19900,0.1,53730.0
1765,508,2025-11-01,35,5,SKU0025,4,7450,0.1,26820.0
1766,508,2025-11-01,35,5,SKU0002,4,4650,0.0,18600.0
1767,509,2024-06-28,49,5,SKU0007,2,5000,0.0,10000.0
1768,509,2024-06-28,49,5,SKU0029,3,6200,0.0,18600.0
1769,509,2024-06-28,49,5,SKU0015,5,5000,0.0,25000.0
1770,509,2024-06-28,49,5,SKU0037,3,15300,0.0,45900.0
1771,509,2024-06-28,49,5,SKU0002,2,4300,0.15,7310.0
1772,509,2024-06-28,49,5,SKU0026,1,5500,0.0,5500.0
1773,510,2024-07-16,36,2,SKU0032,2,3100,0.0,6200.0
1774,510,2024-07-16,36,2,SKU0038,2,8300,0.0,16600.0
1775,511,2024-03-30,40,4,SKU0037,4,15300,0.0,61200.0
1776,511,2024-03-30,40,4,SKU0015,3,5000,0.15,12750.0
1777,511,2024-03-30,40,4,SKU0004,2,9000,0.0,18000.0
1778,511,2024-03-30,40,4,SKU0032,3,3100,0.1,8370.0
1779,511,2024-03-30,40,4,SKU0017,5,13000,0.05,61750.0
1780,512,2024-01-04,27,1,SKU0014,5,5700,0.0,28500.0
1781,512,2024-01-04,27,1,SKU0036,3,19900,0.1,53730.0
1782,512,2024-01-04,27,1,SKU0032,2,3100,0.0,6200.0
1783,513,2025-04-23,30,4,SKU0036,4,21500,0.0,86000.0
1784,513,2025-04-23,30,4,SKU0006,1,2500,0.0,2500.0
1785,513,2025-04-23,30,4,SKU0007,5,5400,0.1,24300.0
1786,513,2025-04-23,30,4,SKU0028,1,3150,0.0,3150.0
1787,513,2025-04-23,30,4,SKU0005,2,8400,0.0,16800.0
1788,514,2025-09-01,8,1,SKU0032,4,3350,0.0,13400.0
1789,514,2025-09-01,8,1,SKU0011,5,4650,0.0,23250.0
1790,514,2025-09-01,8,1,SKU0041,4,9700,0.0,38800.0
1791,514,2025-09-01,8,1,SKU0034,3,3250,0.0,9750.0
1792,515,2024-11-21,28,3,SKU0018,2,4000,0.0,8000.0
1793,515,2024-11-21,28,3,SKU0034,5,3000,0.1,13500.0
1794,515,2024-11-21,28,3,SKU0021,2,3800,0.15,6460.0
1795,515,2024-11-21,28,3,SKU0024,5,2300,0.1,10350.0
1796,515,2024-11-21,28,3,SKU0037,3,15300,0.05,43605.0
1797,515,2024-11-21,28,3,SKU0011,5,4300,0.0,21500.0
1798,516,2024-09-18,31,4,SKU0022,2,2600,0.05,4940.0
1799,516,2024-09-18,31,4,SKU0009,4,3400,0.0,13600.0
1800,517,2025-12-09,21,4,SKU0010,1,9300,0.0,9300.0
1801,517,2025-12-09,21,4,SKU0031,3,3450,0.1,9315.0
1802,518,2025-12-06,13,2,SKU0007,5,5400,0.0,27000.0
1803,518,2025-12-06,13,2,SKU0035,5,16100,0.0,80500.0
1804,518,2025-12-06,13,2,SKU0030,1,3800,0.0,3800.0
1805,518,2025-12-06,13,2,SKU0022,5,2800,0.0,14000.0
1806,518,2025-12-06,13,2,SKU0042,3,10800,0.1,29160.0
1807,518,2025-12-06,13,2,SKU0004,1,9700,0.0,9700.0
1808,519,2025-04-27,18,3,SKU0038,4,8950,0.0,35800.0
1809,519,2025-04-27,18,3,SKU0020,5,2500,0.05,11875.0
1810,519,2025-04-27,18,3,SKU0024,2,2500,0.0,5000.0
1811,519,2025-04-27,18,3,SKU0040,5,5850,0.0,29250.0
1812,520,2025-11-24,7,2,SKU0012,1,2250,0.0,2250.0
1813,520,2025-11-24,7,2,SKU0017,5,14050,0.05,66737.5
1814,520,2025-11-24,7,2,SKU0037,4,16500,0.0,66000.0
1815,521,2026-06-03,37,5,SKU0018,1,4650,0.15,3952.5
1816,521,2026-06-03,37,5,SKU0040,2,6250,0.0,12500.0
1817,521,2026-06-03,37,5,SKU0031,1,3700,0.15,3145.0
1818,521,2026-06-03,37,5,SKU0014,5,6600,0.0,33000.0
1819,521,2026-06-03,37,5,SKU0011,2,5000,0.0,10000.0
1820,522,2026-02-13,31,1,SKU0005,5,9050,0.15,38462.5
1821,522,2026-02-13,31,1,SKU0004,4,10450,0.0,41800.0
1822,522,2026-02-13,31,1,SKU0009,4,3950,0.0,15800.0
1823,523,2025-09-30,20,5,SKU0016,5,4000,0.0,20000.0
1824,524,2025-11-02,25,4,SKU0031,1,3450,0.05,3277.5
1825,524,2025-11-02,25,4,SKU0023,2,13950,0.0,27900.0
1826,524,2025-11-02,25,4,SKU0020,3,2500,0.1,6750.0
1827,524,2025-11-02,25,4,SKU0034,2,3250,0.15,5525.0
1828,524,2025-11-02,25,4,SKU0021,4,4100,0.05,15580.0
1829,524,2025-11-02,25,4,SKU0039,4,14150,0.0,56600.0
1830,525,2026-06-10,45,3,SKU0008,3,4500,0.15,11475.0
1831,525,2026-06-10,45,3,SKU0036,4,23100,0.15,78540.0
1832,525,2026-06-10,45,3,SKU0028,3,3350,0.1,9045.0
1833,525,2026-06-10,45,3,SKU0023,4,14950,0.0,59800.0
1834,525,2026-06-10,45,3,SKU0012,5,2450,0.05,11637.5
1835,525,2026-06-10,45,3,SKU0002,2,5000,0.0,10000.0
1836,526,2025-03-30,24,2,SKU0001,1,4100,0.05,3895.0
1837,526,2025-03-30,24,2,SKU0013,3,4850,0.0,14550.0
1838,526,2025-03-30,24,2,SKU0029,1,6700,0.0,6700.0
1839,526,2025-03-30,24,2,SKU0024,3,2500,0.05,7125.0
1840,526,2025-03-30,24,2,SKU0034,1,3250,0.05,3087.5
1841,526,2025-03-30,24,2,SKU0041,3,9700,0.0,29100.0
1842,527,2025-07-17,42,3,SKU0031,5,3450,0.15,14662.5
1843,527,2025-07-17,42,3,SKU0026,1,5950,0.15,5057.5
1844,527,2025-07-17,42,3,SKU0003,4,2400,0.05,9120.0
1845,527,2025-07-17,42,3,SKU0017,4,14050,0.0,56200.0
1846,527,2025-07-17,42,3,SKU0018,2,4300,0.0,8600.0
1847,527,2025-07-17,42,3,SKU0004,5,9700,0.15,41225.0
1848,528,2025-10-21,7,1,SKU0002,2,4650,0.15,7905.0
1849,528,2025-10-21,7,1,SKU0040,2,5850,0.0,11700.0
1850,528,2025-10-21,7,1,SKU0010,4,9300,0.15,31620.0
1851,529,2026-05-22,8,1,SKU0041,5,10450,0.0,52250.0
1852,529,2026-05-22,8,1,SKU0004,2,10450,0.1,18810.0
1853,529,2026-05-22,8,1,SKU0021,5,4400,0.1,19800.0
1854,529,2026-05-22,8,1,SKU0007,1,5800,0.0,5800.0
1855,530,2026-03-18,44,3,SKU0011,4,5000,0.15,17000.0
1856,530,2026-03-18,44,3,SKU0038,1,9650,0.0,9650.0
1857,530,2026-03-18,44,3,SKU0024,2,2650,0.15,4505.0
1858,530,2026-03-18,44,3,SKU0034,5,3500,0.0,17500.0
1859,530,2026-03-18,44,3,SKU0001,3,4400,0.0,13200.0
1860,530,2026-03-18,44,3,SKU0026,2,6400,0.0,12800.0
1861,531,2024-03-26,3,3,SKU0013,1,4500,0.0,4500.0
1862,531,2024-03-26,3,3,SKU0033,3,3100,0.05,8835.0
1863,531,2024-03-26,3,3,SKU0027,3,8600,0.0,25800.0
1864,531,2024-03-26,3,3,SKU0012,3,2100,0.0,6300.0
1865,531,2024-03-26,3,3,SKU0041,5,9000,0.15,38250.0
1866,532,2024-07-07,45,1,SKU0030,5,3500,0.1,15750.0
1867,532,2024-07-07,45,1,SKU0006,1,2300,0.15,1955.0
1868,532,2024-07-07,45,1,SKU0008,2,3900,0.15,6630.0
1869,532,2024-07-07,45,1,SKU0012,1,2100,0.0,2100.0
1870,532,2024-07-07,45,1,SKU0021,3,3800,0.0,11400.0
1871,533,2024-12-07,6,2,SKU0042,3,10000,0.0,30000.0
1872,533,2024-12-07,6,2,SKU0013,4,4500,0.1,16200.0
1873,533,2024-12-07,6,2,SKU0009,3,3400,0.0,10200.0
1874,534,2026-01-10,18,2,SKU0021,2,4400,0.0,8800.0
1875,534,2026-01-10,18,2,SKU0027,3,10000,0.0,30000.0
1876,534,2026-01-10,18,2,SKU0015,4,5800,0.0,23200.0
1877,534,2026-01-10,18,2,SKU0013,1,5200,0.0,5200.0
1878,534,2026-01-10,18,2,SKU0018,3,4650,0.05,13252.5
1879,535,2025-08-09,24,3,SKU0034,2,3250,0.05,6175.0
1880,535,2025-08-09,24,3,SKU0029,5,6700,0.0,33500.0
1881,535,2025-08-09,24,3,SKU0011,4,4650,0.0,18600.0
1882,535,2025-08-09,24,3,SKU0003,3,2400,0.0,7200.0
1883,535,2025-08-09,24,3,SKU0038,3,8950,0.1,24165.0
1884,535,2025-08-09,24,3,SKU0025,5,7450,0.05,35387.5
1885,536,2024-11-19,48,3,SKU0033,2,3100,0.0,6200.0
1886,537,2024-05-24,14,4,SKU0003,2,2200,0.0,4400.0
1887,537,2024-05-24,14,4,SKU0008,2,3900,0.0,7800.0
1888,537,2024-05-24,14,4,SKU0034,5,3000,0.0,15000.0
1889,538,2025-11-25,24,5,SKU0038,3,8950,0.15,22822.5
1890,538,2025-11-25,24,5,SKU0003,1,2400,0.0,2400.0
1891,538,2025-11-25,24,5,SKU0021,4,4100,0.0,16400.0
1892,538,2025-11-25,24,5,SKU0007,3,5400,0.0,16200.0
1893,539,2025-12-04,42,1,SKU0023,2,13950,0.0,27900.0
1894,539,2025-12-04,42,1,SKU0020,5,2500,0.0,12500.0
1895,540,2026-06-17,49,1,SKU0040,4,6250,0.1,22500.0
1896,540,2026-06-17,49,1,SKU0030,4,4050,0.0,16200.0
1897,540,2026-06-17,49,1,SKU0038,2,9650,0.0,19300.0
1898,540,2026-06-17,49,1,SKU0037,3,17750,0.05,50587.5
1899,541,2025-06-07,22,4,SKU0026,4,5950,0.0,23800.0
1900,541,2025-06-07,22,4,SKU0020,3,2500,0.05,7125.0
1901,541,2025-06-07,22,4,SKU0003,4,2400,0.05,9120.0
1902,541,2025-06-07,22,4,SKU0015,1,5400,0.0,5400.0
1903,541,2025-06-07,22,4,SKU0033,5,3350,0.0,16750.0
1904,541,2025-06-07,22,4,SKU0007,3,5400,0.05,15390.0
1905,542,2025-06-01,45,5,SKU0037,2,16500,0.1,29700.0
1906,542,2025-06-01,45,5,SKU0009,3,3650,0.15,9307.5
1907,543,2024-04-05,4,1,SKU0010,4,8600,0.0,34400.0
1908,543,2024-04-05,4,1,SKU0023,4,12900,0.0,51600.0
1909,543,2024-04-05,4,1,SKU0030,2,3500,0.0,7000.0
1910,544,2024-02-18,12,3,SKU0006,2,2300,0.0,4600.0
1911,544,2024-02-18,12,3,SKU0012,1,2100,0.1,1890.0
1912,544,2024-02-18,12,3,SKU0016,2,3700,0.0,7400.0
1913,545,2025-04-06,44,5,SKU0001,3,4100,0.0,12300.0
1914,545,2025-04-06,44,5,SKU0031,4,3450,0.05,13110.0
1915,545,2025-04-06,44,5,SKU0011,4,4650,0.1,16740.0
1916,546,2024-12-20,14,4,SKU0025,3,6900,0.15,17595.0
1917,546,2024-12-20,14,4,SKU0030,2,3500,0.0,7000.0
1918,546,2024-12-20,14,4,SKU0016,3,3700,0.0,11100.0
1919,546,2024-12-20,14,4,SKU0007,4,5000,0.05,19000.0
1920,546,2024-12-20,14,4,SKU0042,4,10000,0.05,38000.0
1921,546,2024-12-20,14,4,SKU0009,1,3400,0.0,3400.0
1922,547,2024-10-09,32,5,SKU0015,5,5000,0.0,25000.0
1923,548,2024-04-17,50,2,SKU0024,1,2300,0.05,2185.0
1924,548,2024-04-17,50,2,SKU0022,5,2600,0.15,11050.0
1925,548,2024-04-17,50,2,SKU0033,4,3100,0.0,12400.0
1926,549,2026-07-02,42,2,SKU0032,1,3600,0.0,3600.0
1927,549,2026-07-02,42,2,SKU0013,3,5200,0.0,15600.0
1928,550,2026-03-25,6,3,SKU0042,3,11600,0.0,34800.0
1929,550,2026-03-25,6,3,SKU0012,4,2450,0.1,8820.0
1930,550,2026-03-25,6,3,SKU0028,4,3350,0.0,13400.0
1931,550,2026-03-25,6,3,SKU0010,3,10000,0.0,30000.0
1932,551,2025-08-14,12,2,SKU0034,3,3250,0.1,8775.0
1933,551,2025-08-14,12,2,SKU0007,1,5400,0.1,4860.0
1934,551,2025-08-14,12,2,SKU0030,4,3800,0.15,12920.0
1935,551,2025-08-14,12,2,SKU0006,1,2500,0.0,2500.0
1936,552,2026-06-24,21,2,SKU0033,4,3600,0.0,14400.0
1937,552,2026-06-24,21,2,SKU0025,1,8000,0.0,8000.0
1938,552,2026-06-24,21,2,SKU0030,4,4050,0.0,16200.0
1939,552,2026-06-24,21,2,SKU0001,1,4400,0.05,4180.0
1940,552,2026-06-24,21,2,SKU0032,4,3600,0.05,13680.0
1941,553,2026-07-31,24,4,SKU0022,5,3000,0.15,12750.0
1942,553,2026-07-31,24,4,SKU0035,4,17300,0.15,58820.0
1943,553,2026-07-31,24,4,SKU0024,1,2650,0.0,2650.0
1944,553,2026-07-31,24,4,SKU0008,1,4500,0.0,4500.0
1945,553,2026-07-31,24,4,SKU0012,5,2450,0.0,12250.0
1946,553,2026-07-31,24,4,SKU0028,2,3350,0.05,6365.0
1947,554,2025-11-11,40,4,SKU0004,1,9700,0.15,8245.0
1948,554,2025-11-11,40,4,SKU0030,4,3800,0.0,15200.0
1949,554,2025-11-11,40,4,SKU0019,3,2800,0.0,8400.0
1950,554,2025-11-11,40,4,SKU0003,5,2400,0.1,10800.0
1951,555,2024-10-30,24,3,SKU0022,3,2600,0.0,7800.0
1952,555,2024-10-30,24,3,SKU0019,3,2600,0.0,7800.0
1953,555,2024-10-30,24,3,SKU0002,4,4300,0.0,17200.0
1954,555,2024-10-30,24,3,SKU0035,4,14900,0.0,59600.0
1955,556,2024-02-18,20,1,SKU0008,2,3900,0.0,7800.0
1956,556,2024-02-18,20,1,SKU0023,1,12900,0.05,12255.0
1957,556,2024-02-18,20,1,SKU0003,1,2200,0.0,2200.0
1958,556,2024-02-18,20,1,SKU0035,2,14900,0.1,26820.0
1959,556,2024-02-18,20,1,SKU0026,4,5500,0.0,22000.0
1960,557,2026-01-16,18,3,SKU0040,4,6250,0.0,25000.0
1961,557,2026-01-16,18,3,SKU0016,1,4300,0.0,4300.0
1962,557,2026-01-16,18,3,SKU0034,3,3500,0.0,10500.0
1963,557,2026-01-16,18,3,SKU0037,2,17750,0.05,33725.0
1964,558,2025-05-11,47,1,SKU0033,3,3350,0.0,10050.0
1965,558,2025-05-11,47,1,SKU0006,4,2500,0.0,10000.0
1966,558,2025-05-11,47,1,SKU0022,2,2800,0.1,5040.0
1967,558,2025-05-11,47,1,SKU0041,3,9700,0.1,26190.0
1968,559,2025-10-24,42,1,SKU0008,3,4200,0.05,11970.0
1969,559,2025-10-24,42,1,SKU0013,5,4850,0.05,23037.5
1970,559,2025-10-24,42,1,SKU0037,2,16500,0.1,29700.0
1971,559,2025-10-24,42,1,SKU0017,1,14050,0.0,14050.0
1972,560,2026-05-28,37,4,SKU0028,2,3350,0.0,6700.0
1973,560,2026-05-28,37,4,SKU0018,5,4650,0.1,20925.0
1974,561,2024-07-24,3,5,SKU0012,4,2100,0.0,8400.0
1975,561,2024-07-24,3,5,SKU0019,1,2600,0.15,2210.0
1976,561,2024-07-24,3,5,SKU0018,4,4000,0.1,14400.0
1977,561,2024-07-24,3,5,SKU0001,2,3800,0.0,7600.0
1978,562,2025-08-24,18,4,SKU0041,3,9700,0.0,29100.0
1979,562,2025-08-24,18,4,SKU0021,1,4100,0.05,3895.0
1980,562,2025-08-24,18,4,SKU0007,3,5400,0.1,14580.0
1981,562,2025-08-24,18,4,SKU0015,5,5400,0.15,22950.0
1982,562,2025-08-24,18,4,SKU0002,4,4650,0.05,17670.0
1983,563,2025-10-09,27,5,SKU0035,5,16100,0.0,80500.0
1984,563,2025-10-09,27,5,SKU0025,3,7450,0.0,22350.0
1985,563,2025-10-09,27,5,SKU0031,3,3450,0.0,10350.0
1986,564,2025-05-31,29,2,SKU0032,4,3350,0.0,13400.0
1987,564,2025-05-31,29,2,SKU0014,4,6150,0.0,24600.0
1988,564,2025-05-31,29,2,SKU0035,5,16100,0.0,80500.0
1989,564,2025-05-31,29,2,SKU0011,4,4650,0.05,17670.0
1990,565,2024-04-17,23,1,SKU0034,3,3000,0.0,9000.0
1991,565,2024-04-17,23,1,SKU0024,3,2300,0.0,6900.0
1992,566,2025-01-13,44,4,SKU0010,5,9300,0.05,44175.0
1993,567,2024-12-29,11,5,SKU0037,1,15300,0.15,13005.0
1994,567,2024-12-29,11,5,SKU0028,3,2900,0.05,8265.0
1995,567,2024-12-29,11,5,SKU0027,4,8600,0.0,34400.0
1996,568,2025-11-09,25,5,SKU0025,1,7450,0.0,7450.0
1997,568,2025-11-09,25,5,SKU0039,4,14150,0.0,56600.0
1998,569,2026-04-12,14,1,SKU0019,4,3000,0.0,12000.0
1999,569,2026-04-12,14,1,SKU0012,2,2450,0.0,4900.0
2000,569,2026-04-12,14,1,SKU0011,5,5000,0.0,25000.0
2001,569,2026-04-12,14,1,SKU0026,3,6400,0.15,16320.0
2002,569,2026-04-12,14,1,SKU0036,3,23100,0.1,62370.0
2003,570,2024-12-26,7,3,SKU0035,3,14900,0.15,37995.0
2004,570,2024-12-26,7,3,SKU0026,4,5500,0.0,22000.0
2005,570,2024-12-26,7,3,SKU0015,2,5000,0.0,10000.0
2006,570,2024-12-26,7,3,SKU0032,3,3100,0.0,9300.0
2007,570,2024-12-26,7,3,SKU0030,5,3500,0.15,14875.0
2008,571,2025-11-30,22,4,SKU0012,4,2250,0.0,9000.0
2009,571,2025-11-30,22,4,SKU0007,1,5400,0.05,5130.0
2010,571,2025-11-30,22,4,SKU0025,2,7450,0.0,14900.0
2011,571,2025-11-30,22,4,SKU0038,5,8950,0.05,42512.5
2012,571,2025-11-30,22,4,SKU0027,5,9300,0.0,46500.0
2013,571,2025-11-30,22,4,SKU0039,5,14150,0.05,67212.5
2014,572,2024-11-18,47,4,SKU0021,5,3800,0.0,19000.0
2015,573,2026-06-19,11,5,SKU0031,5,3700,0.15,15725.0
2016,573,2026-06-19,11,5,SKU0006,2,2650,0.15,4505.0
2017,573,2026-06-19,11,5,SKU0024,2,2650,0.0,5300.0
2018,573,2026-06-19,11,5,SKU0002,3,5000,0.1,13500.0
2019,573,2026-06-19,11,5,SKU0025,2,8000,0.0,16000.0
2020,573,2026-06-19,11,5,SKU0036,4,23100,0.1,83160.0
2021,574,2026-03-07,13,3,SKU0019,1,3000,0.0,3000.0
2022,574,2026-03-07,13,3,SKU0005,5,9050,0.0,45250.0
2023,575,2025-07-22,30,2,SKU0039,1,14150,0.15,12027.5
2024,575,2025-07-22,30,2,SKU0029,5,6700,0.15,28475.0
2025,575,2025-07-22,30,2,SKU0016,3,4000,0.15,10200.0
2026,575,2025-07-22,30,2,SKU0012,2,2250,0.0,4500.0
2027,575,2025-07-22,30,2,SKU0030,4,3800,0.1,13680.0
2028,575,2025-07-22,30,2,SKU0033,1,3350,0.0,3350.0
2029,576,2025-04-27,48,1,SKU0027,3,9300,0.1,25110.0
2030,576,2025-04-27,48,1,SKU0034,5,3250,0.0,16250.0
2031,576,2025-04-27,48,1,SKU0031,5,3450,0.1,15525.0
2032,576,2025-04-27,48,1,SKU0025,5,7450,0.1,33525.0
2033,576,2025-04-27,48,1,SKU0005,1,8400,0.0,8400.0
2034,576,2025-04-27,48,1,SKU0042,4,10800,0.15,36720.0
2035,577,2024-12-13,47,1,SKU0026,4,5500,0.1,19800.0
2036,577,2024-12-13,47,1,SKU0003,5,2200,0.1,9900.0
2037,577,2024-12-13,47,1,SKU0024,4,2300,0.0,9200.0
2038,578,2024-12-21,8,1,SKU0017,1,13000,0.1,11700.0
2039,578,2024-12-21,8,1,SKU0038,2,8300,0.0,16600.0
2040,579,2026-07-09,27,3,SKU0016,2,4300,0.0,8600.0
2041,579,2026-07-09,27,3,SKU0031,1,3700,0.0,3700.0
2042,580,2025-03-10,42,1,SKU0032,3,3350,0.1,9045.0
2043,580,2025-03-10,42,1,SKU0016,4,4000,0.0,16000.0
2044,580,2025-03-10,42,1,SKU0017,4,14050,0.1,50580.0
2045,580,2025-03-10,42,1,SKU0022,3,2800,0.05,7980.0
2046,581,2025-06-20,18,5,SKU0009,2,3650,0.05,6935.0
2047,582,2026-07-22,19,1,SKU0024,3,2650,0.1,7155.0
2048,582,2026-07-22,19,1,SKU0037,3,17750,0.0,53250.0
2049,583,2025-10-30,46,2,SKU0041,2,9700,0.1,17460.0
2050,583,2025-10-30,46,2,SKU0020,2,2500,0.0,5000.0
2051,583,2025-10-30,46,2,SKU0031,5,3450,0.0,17250.0
2052,583,2025-10-30,46,2,SKU0029,4,6700,0.0,26800.0
2053,583,2025-10-30,46,2,SKU0019,2,2800,0.0,5600.0
2054,584,2025-07-15,14,5,SKU0010,3,9300,0.0,27900.0
2055,584,2025-07-15,14,5,SKU0038,5,8950,0.1,40275.0
2056,584,2025-07-15,14,5,SKU0001,5,4100,0.0,20500.0
2057,585,2025-03-19,31,5,SKU0023,2,13950,0.05,26505.0
2058,585,2025-03-19,31,5,SKU0042,5,10800,0.0,54000.0
2059,586,2024-07-31,34,3,SKU0032,4,3100,0.0,12400.0
2060,586,2024-07-31,34,3,SKU0042,4,10000,0.0,40000.0
2061,586,2024-07-31,34,3,SKU0011,1,4300,0.1,3870.0
2062,586,2024-07-31,34,3,SKU0034,1,3000,0.0,3000.0
2063,587,2025-01-26,15,3,SKU0015,3,5400,0.05,15390.0
2064,587,2025-01-26,15,3,SKU0010,1,9300,0.1,8370.0
2065,588,2026-01-17,13,3,SKU0030,5,4050,0.0,20250.0
2066,588,2026-01-17,13,3,SKU0037,2,17750,0.0,35500.0
2067,588,2026-01-17,13,3,SKU0041,1,10450,0.0,10450.0
2068,588,2026-01-17,13,3,SKU0001,1,4400,0.0,4400.0
2069,589,2025-10-01,33,1,SKU0036,1,21500,0.0,21500.0
2070,589,2025-10-01,33,1,SKU0035,5,16100,0.05,76475.0
2071,589,2025-10-01,33,1,SKU0006,2,2500,0.0,5000.0
2072,590,2026-01-20,17,2,SKU0042,5,11600,0.0,58000.0
2073,590,2026-01-20,17,2,SKU0016,5,4300,0.0,21500.0
2074,590,2026-01-20,17,2,SKU0015,1,5800,0.1,5220.0
2075,590,2026-01-20,17,2,SKU0030,2,4050,0.1,7290.0
2076,590,2026-01-20,17,2,SKU0012,1,2450,0.0,2450.0
2077,590,2026-01-20,17,2,SKU0003,5,2550,0.0,12750.0
2078,591,2024-08-18,4,2,SKU0016,5,3700,0.0,18500.0
2079,591,2024-08-18,4,2,SKU0038,4,8300,0.0,33200.0
2080,592,2025-07-21,35,1,SKU0041,4,9700,0.0,38800.0
2081,592,2025-07-21,35,1,SKU0005,4,8400,0.0,33600.0
2082,592,2025-07-21,35,1,SKU0013,4,4850,0.0,19400.0
2083,593,2026-06-06,7,5,SKU0014,1,6600,0.05,6270.0
2084,593,2026-06-06,7,5,SKU0039,4,15200,0.15,51680.0
2085,593,2026-06-06,7,5,SKU0032,1,3600,0.1,3240.0
2086,593,2026-06-06,7,5,SKU0020,4,2650,0.15,9010.0
2087,593,2026-06-06,7,5,SKU0037,2,17750,0.05,33725.0
2088,594,2025-04-11,41,5,SKU0001,3,4100,0.0,12300.0
2089,594,2025-04-11,41,5,SKU0017,2,14050,0.0,28100.0
2090,594,2025-04-11,41,5,SKU0027,5,9300,0.0,46500.0
2091,594,2025-04-11,41,5,SKU0039,5,14150,0.0,70750.0
2092,595,2025-12-03,42,3,SKU0035,3,16100,0.1,43470.0
2093,595,2025-12-03,42,3,SKU0016,5,4000,0.05,19000.0
2094,595,2025-12-03,42,3,SKU0022,3,2800,0.1,7560.0
2095,596,2024-05-20,29,1,SKU0032,3,3100,0.05,8835.0
2096,596,2024-05-20,29,1,SKU0001,4,3800,0.0,15200.0
2097,597,2026-07-11,11,2,SKU0028,3,3350,0.0,10050.0
2098,598,2025-09-15,29,3,SKU0035,3,16100,0.05,45885.0
2099,598,2025-09-15,29,3,SKU0012,3,2250,0.0,6750.0
2100,598,2025-09-15,29,3,SKU0013,5,4850,0.0,24250.0
2101,598,2025-09-15,29,3,SKU0007,1,5400,0.1,4860.0
2102,598,2025-09-15,29,3,SKU0015,3,5400,0.05,15390.0
2103,598,2025-09-15,29,3,SKU0014,2,6150,0.05,11685.0
2104,599,2024-09-27,44,2,SKU0011,2,4300,0.15,7310.0
2105,599,2024-09-27,44,2,SKU0013,2,4500,0.05,8550.0
2106,599,2024-09-27,44,2,SKU0026,2,5500,0.0,11000.0
2107,600,2024-06-29,34,4,SKU0039,3,13100,0.0,39300.0
2108,600,2024-06-29,34,4,SKU0027,2,8600,0.0,17200.0
2109,600,2024-06-29,34,4,SKU0018,3,4000,0.1,10800.0
2110,600,2024-06-29,34,4,SKU0015,3,5000,0.15,12750.0
2111,600,2024-06-29,34,4,SKU0017,3,13000,0.0,39000.0
2112,600,2024-06-29,34,4,SKU0031,3,3200,0.0,9600.0
2113,601,2025-07-23,37,4,SKU0001,3,4100,0.1,11070.0
2114,601,2025-07-23,37,4,SKU0026,2,5950,0.0,11900.0
2115,601,2025-07-23,37,4,SKU0004,3,9700,0.0,29100.0
2116,601,2025-07-23,37,4,SKU0027,2,9300,0.0,18600.0
2117,602,2025-07-24,43,3,SKU0024,4,2500,0.15,8500.0
2118,602,2025-07-24,43,3,SKU0002,4,4650,0.0,18600.0
2119,602,2025-07-24,43,3,SKU0021,5,4100,0.05,19475.0
2120,603,2024-04-19,48,2,SKU0040,4,5400,0.15,18360.0
2121,603,2024-04-19,48,2,SKU0033,3,3100,0.0,9300.0
2122,604,2026-07-26,5,2,SKU0021,5,4400,0.0,22000.0
2123,604,2026-07-26,5,2,SKU0031,1,3700,0.15,3145.0
2124,605,2026-05-25,43,4,SKU0032,1,3600,0.0,3600.0
2125,605,2026-05-25,43,4,SKU0016,1,4300,0.1,3870.0
2126,605,2026-05-25,43,4,SKU0018,3,4650,0.0,13950.0
2127,605,2026-05-25,43,4,SKU0039,5,15200,0.0,76000.0
2128,605,2026-05-25,43,4,SKU0038,4,9650,0.0,38600.0
2129,605,2026-05-25,43,4,SKU0025,1,8000,0.0,8000.0
2130,606,2025-05-03,9,1,SKU0027,3,9300,0.05,26505.0
2131,606,2025-05-03,9,1,SKU0010,2,9300,0.05,17670.0
2132,606,2025-05-03,9,1,SKU0038,1,8950,0.0,8950.0
2133,607,2024-05-16,16,3,SKU0035,1,14900,0.0,14900.0
2134,607,2024-05-16,16,3,SKU0017,1,13000,0.15,11050.0
2135,607,2024-05-16,16,3,SKU0036,3,19900,0.15,50745.0
2136,607,2024-05-16,16,3,SKU0034,3,3000,0.15,7650.0
2137,607,2024-05-16,16,3,SKU0019,4,2600,0.1,9360.0
2138,608,2026-03-22,14,2,SKU0030,3,4050,0.0,12150.0
2139,608,2026-03-22,14,2,SKU0015,3,5800,0.0,17400.0
2140,608,2026-03-22,14,2,SKU0024,5,2650,0.1,11925.0
2141,609,2025-06-06,2,2,SKU0042,4,10800,0.0,43200.0
2142,610,2025-12-16,26,4,SKU0034,1,3250,0.05,3087.5
2143,611,2025-06-15,24,1,SKU0028,4,3150,0.0,12600.0
2144,611,2025-06-15,24,1,SKU0003,5,2400,0.0,12000.0
2145,611,2025-06-15,24,1,SKU0033,1,3350,0.1,3015.0
2146,611,2025-06-15,24,1,SKU0021,1,4100,0.05,3895.0
2147,611,2025-06-15,24,1,SKU0035,1,16100,0.05,15295.0
2148,612,2024-11-03,50,1,SKU0011,5,4300,0.1,19350.0
2149,612,2024-11-03,50,1,SKU0033,2,3100,0.15,5270.0
2150,612,2024-11-03,50,1,SKU0006,1,2300,0.15,1955.0
2151,612,2024-11-03,50,1,SKU0037,4,15300,0.15,52020.0
2152,612,2024-11-03,50,1,SKU0030,3,3500,0.0,10500.0
2153,613,2026-03-24,29,2,SKU0022,5,3000,0.15,12750.0
2154,613,2026-03-24,29,2,SKU0005,4,9050,0.0,36200.0
2155,613,2026-03-24,29,2,SKU0012,4,2450,0.05,9310.0
2156,613,2026-03-24,29,2,SKU0037,3,17750,0.0,53250.0
2157,613,2026-03-24,29,2,SKU0042,5,11600,0.15,49300.0
2158,613,2026-03-24,29,2,SKU0030,4,4050,0.0,16200.0
2159,614,2026-07-16,1,2,SKU0028,2,3350,0.05,6365.0
2160,614,2026-07-16,1,2,SKU0010,3,10000,0.05,28500.0
2161,614,2026-07-16,1,2,SKU0017,4,15100,0.1,54360.0
2162,615,2024-10-02,43,2,SKU0023,3,12900,0.0,38700.0
2163,615,2024-10-02,43,2,SKU0037,1,15300,0.0,15300.0
2164,615,2024-10-02,43,2,SKU0010,5,8600,0.05,40850.0
2165,615,2024-10-02,43,2,SKU0013,1,4500,0.15,3825.0
2166,615,2024-10-02,43,2,SKU0014,2,5700,0.05,10830.0
2167,616,2025-07-23,23,1,SKU0021,2,4100,0.0,8200.0
2168,616,2025-07-23,23,1,SKU0015,2,5400,0.0,10800.0
2169,616,2025-07-23,23,1,SKU0014,3,6150,0.0,18450.0
2170,617,2025-02-18,14,3,SKU0009,4,3650,0.0,14600.0
2171,618,2026-06-01,25,1,SKU0014,4,6600,0.0,26400.0
2172,618,2026-06-01,25,1,SKU0025,2,8000,0.0,16000.0
2173,618,2026-06-01,25,1,SKU0004,4,10450,0.05,39710.0
2174,618,2026-06-01,25,1,SKU0029,1,7200,0.0,7200.0
2175,619,2025-06-14,12,5,SKU0034,5,3250,0.0,16250.0
2176,619,2025-06-14,12,5,SKU0008,3,4200,0.0,12600.0
2177,619,2025-06-14,12,5,SKU0011,2,4650,0.0,9300.0
2178,619,2025-06-14,12,5,SKU0014,1,6150,0.15,5227.5
2179,619,2025-06-14,12,5,SKU0032,5,3350,0.0,16750.0
2180,620,2026-04-30,31,3,SKU0008,4,4500,0.0,18000.0
2181,620,2026-04-30,31,3,SKU0030,1,4050,0.0,4050.0
2182,620,2026-04-30,31,3,SKU0002,3,5000,0.0,15000.0
2183,620,2026-04-30,31,3,SKU0001,1,4400,0.0,4400.0
2184,620,2026-04-30,31,3,SKU0025,3,8000,0.0,24000.0
2185,621,2026-04-17,45,1,SKU0042,1,11600,0.0,11600.0
2186,621,2026-04-17,45,1,SKU0025,2,8000,0.0,16000.0
2187,621,2026-04-17,45,1,SKU0031,5,3700,0.0,18500.0
2188,621,2026-04-17,45,1,SKU0002,2,5000,0.05,9500.0
2189,621,2026-04-17,45,1,SKU0018,2,4650,0.0,9300.0
2190,621,2026-04-17,45,1,SKU0021,4,4400,0.15,14960.0
2191,622,2024-11-06,3,1,SKU0014,2,5700,0.0,11400.0
2192,622,2024-11-06,3,1,SKU0019,2,2600,0.0,5200.0
2193,622,2024-11-06,3,1,SKU0024,5,2300,0.0,11500.0
2194,622,2024-11-06,3,1,SKU0040,2,5400,0.0,10800.0
2195,622,2024-11-06,3,1,SKU0027,1,8600,0.15,7310.0
2196,623,2026-02-15,11,1,SKU0014,3,6600,0.15,16830.0
2197,623,2026-02-15,11,1,SKU0020,3,2650,0.05,7552.5
2198,623,2026-02-15,11,1,SKU0026,3,6400,0.0,19200.0
2199,623,2026-02-15,11,1,SKU0041,1,10450,0.0,10450.0
2200,624,2025-03-21,2,4,SKU0010,4,9300,0.0,37200.0
2201,625,2026-06-11,35,4,SKU0034,2,3500,0.0,7000.0
2202,625,2026-06-11,35,4,SKU0011,4,5000,0.0,20000.0
2203,625,2026-06-11,35,4,SKU0007,1,5800,0.0,5800.0
2204,625,2026-06-11,35,4,SKU0001,4,4400,0.0,17600.0
2205,625,2026-06-11,35,4,SKU0023,5,14950,0.0,74750.0
2206,626,2025-06-14,9,5,SKU0001,3,4100,0.1,11070.0
2207,626,2025-06-14,9,5,SKU0020,5,2500,0.0,12500.0
2208,626,2025-06-14,9,5,SKU0031,5,3450,0.1,15525.0
2209,626,2025-06-14,9,5,SKU0040,1,5850,0.0,5850.0
2210,626,2025-06-14,9,5,SKU0017,4,14050,0.1,50580.0
2211,626,2025-06-14,9,5,SKU0009,5,3650,0.0,18250.0
2212,627,2026-03-13,9,2,SKU0009,4,3950,0.0,15800.0
2213,627,2026-03-13,9,2,SKU0010,5,10000,0.0,50000.0
2214,627,2026-03-13,9,2,SKU0015,2,5800,0.0,11600.0
2215,627,2026-03-13,9,2,SKU0006,3,2650,0.0,7950.0
2216,627,2026-03-13,9,2,SKU0007,3,5800,0.0,17400.0
2217,628,2024-11-13,46,4,SKU0038,3,8300,0.0,24900.0
2218,628,2024-11-13,46,4,SKU0034,3,3000,0.1,8100.0
2219,628,2024-11-13,46,4,SKU0041,2,9000,0.05,17100.0
2220,628,2024-11-13,46,4,SKU0037,1,15300,0.1,13770.0
2221,628,2024-11-13,46,4,SKU0018,4,4000,0.1,14400.0
2222,628,2024-11-13,46,4,SKU0009,1,3400,0.15,2890.0
2223,629,2024-11-29,13,2,SKU0010,1,8600,0.15,7310.0
2224,630,2025-08-25,16,2,SKU0021,4,4100,0.15,13940.0
2225,630,2025-08-25,16,2,SKU0001,3,4100,0.0,12300.0
2226,630,2025-08-25,16,2,SKU0037,5,16500,0.0,82500.0
2227,630,2025-08-25,16,2,SKU0031,4,3450,0.0,13800.0
2228,631,2026-07-31,30,5,SKU0035,3,17300,0.1,46710.0
2229,631,2026-07-31,30,5,SKU0029,5,7200,0.0,36000.0
2230,631,2026-07-31,30,5,SKU0008,3,4500,0.0,13500.0
2231,632,2025-05-29,17,3,SKU0036,5,21500,0.0,107500.0
2232,632,2025-05-29,17,3,SKU0030,1,3800,0.15,3230.0
2233,632,2025-05-29,17,3,SKU0007,3,5400,0.0,16200.0
2234,632,2025-05-29,17,3,SKU0022,1,2800,0.05,2660.0
2235,633,2024-06-19,9,1,SKU0030,1,3500,0.05,3325.0
2236,633,2024-06-19,9,1,SKU0008,3,3900,0.0,11700.0
2237,634,2025-07-12,23,3,SKU0028,2,3150,0.0,6300.0
2238,634,2025-07-12,23,3,SKU0036,5,21500,0.0,107500.0
2239,634,2025-07-12,23,3,SKU0006,2,2500,0.15,4250.0
2240,634,2025-07-12,23,3,SKU0033,2,3350,0.15,5695.0
2241,635,2025-01-10,2,2,SKU0023,5,13950,0.0,69750.0
2242,635,2025-01-10,2,2,SKU0034,5,3250,0.0,16250.0
2243,635,2025-01-10,2,2,SKU0039,5,14150,0.0,70750.0
2244,635,2025-01-10,2,2,SKU0010,5,9300,0.0,46500.0
2245,635,2025-01-10,2,2,SKU0037,3,16500,0.0,49500.0
2246,635,2025-01-10,2,2,SKU0041,1,9700,0.1,8730.0
2247,636,2025-07-24,11,5,SKU0010,5,9300,0.0,46500.0
2248,636,2025-07-24,11,5,SKU0035,2,16100,0.0,32200.0
2249,637,2025-07-16,4,4,SKU0025,4,7450,0.0,29800.0
2250,637,2025-07-16,4,4,SKU0034,3,3250,0.0,9750.0
2251,637,2025-07-16,4,4,SKU0027,3,9300,0.0,27900.0
2252,638,2025-04-28,5,3,SKU0036,4,21500,0.0,86000.0
2253,638,2025-04-28,5,3,SKU0020,2,2500,0.0,5000.0
2254,638,2025-04-28,5,3,SKU0014,2,6150,0.15,10455.0
2255,638,2025-04-28,5,3,SKU0039,2,14150,0.0,28300.0
2256,638,2025-04-28,5,3,SKU0005,2,8400,0.1,15120.0
2257,638,2025-04-28,5,3,SKU0004,4,9700,0.0,38800.0
2258,639,2024-12-19,38,2,SKU0023,2,12900,0.0,25800.0
2259,639,2024-12-19,38,2,SKU0005,2,7800,0.0,15600.0
2260,640,2024-08-01,8,5,SKU0010,1,8600,0.1,7740.0
2261,640,2024-08-01,8,5,SKU0014,1,5700,0.05,5415.0
2262,640,2024-08-01,8,5,SKU0029,3,6200,0.05,17670.0
2263,640,2024-08-01,8,5,SKU0042,1,10000,0.15,8500.0
2264,640,2024-08-01,8,5,SKU0018,5,4000,0.0,20000.0
2265,640,2024-08-01,8,5,SKU0021,2,3800,0.1,6840.0
2266,641,2025-12-02,29,3,SKU0035,5,16100,0.0,80500.0
2267,642,2025-08-11,10,1,SKU0022,4,2800,0.0,11200.0
2268,642,2025-08-11,10,1,SKU0018,5,4300,0.0,21500.0
2269,642,2025-08-11,10,1,SKU0003,4,2400,0.15,8160.0
2270,642,2025-08-11,10,1,SKU0025,3,7450,0.0,22350.0
2271,642,2025-08-11,10,1,SKU0017,5,14050,0.0,70250.0
2272,642,2025-08-11,10,1,SKU0008,1,4200,0.1,3780.0
2273,643,2024-09-21,39,5,SKU0016,4,3700,0.0,14800.0
2274,643,2024-09-21,39,5,SKU0032,1,3100,0.15,2635.0
2275,643,2024-09-21,39,5,SKU0028,3,2900,0.15,7395.0
2276,644,2026-02-02,47,3,SKU0041,4,10450,0.1,37620.0
2277,644,2026-02-02,47,3,SKU0033,3,3600,0.0,10800.0
2278,644,2026-02-02,47,3,SKU0022,1,3000,0.0,3000.0
2279,645,2024-02-23,7,4,SKU0038,2,8300,0.05,15770.0
2280,645,2024-02-23,7,4,SKU0032,4,3100,0.1,11160.0
2281,646,2026-01-07,18,1,SKU0032,4,3600,0.0,14400.0
2282,646,2026-01-07,18,1,SKU0036,5,23100,0.0,115500.0
2283,646,2026-01-07,18,1,SKU0039,5,15200,0.15,64600.0
2284,646,2026-01-07,18,1,SKU0037,1,17750,0.05,16862.5
2285,646,2026-01-07,18,1,SKU0025,1,8000,0.0,8000.0
2286,646,2026-01-07,18,1,SKU0034,2,3500,0.0,7000.0
2287,647,2025-12-08,38,5,SKU0026,4,5950,0.15,20230.0
2288,647,2025-12-08,38,5,SKU0003,4,2400,0.05,9120.0
2289,647,2025-12-08,38,5,SKU0023,5,13950,0.0,69750.0
2290,647,2025-12-08,38,5,SKU0042,4,10800,0.15,36720.0
2291,648,2026-03-06,41,4,SKU0002,1,5000,0.0,5000.0
2292,648,2026-03-06,41,4,SKU0014,4,6600,0.15,22440.0
2293,648,2026-03-06,41,4,SKU0037,1,17750,0.1,15975.0
2294,648,2026-03-06,41,4,SKU0012,4,2450,0.15,8330.0
2295,648,2026-03-06,41,4,SKU0042,3,11600,0.0,34800.0
2296,648,2026-03-06,41,4,SKU0022,3,3000,0.0,9000.0
2297,649,2025-02-21,16,3,SKU0004,3,9700,0.15,24735.0
2298,649,2025-02-21,16,3,SKU0021,2,4100,0.0,8200.0
2299,649,2025-02-21,16,3,SKU0030,5,3800,0.15,16150.0
2300,649,2025-02-21,16,3,SKU0041,5,9700,0.1,43650.0
2301,650,2025-11-04,21,4,SKU0012,3,2250,0.0,6750.0
2302,650,2025-11-04,21,4,SKU0032,5,3350,0.05,15912.5
2303,650,2025-11-04,21,4,SKU0006,2,2500,0.0,5000.0
2304,651,2026-03-13,20,1,SKU0006,4,2650,0.0,10600.0
2305,651,2026-03-13,20,1,SKU0041,3,10450,0.15,26647.5
2306,651,2026-03-13,20,1,SKU0026,4,6400,0.0,25600.0
2307,651,2026-03-13,20,1,SKU0021,3,4400,0.15,11220.0
2308,651,2026-03-13,20,1,SKU0032,4,3600,0.0,14400.0
2309,651,2026-03-13,20,1,SKU0012,2,2450,0.0,4900.0
2310,652,2026-07-17,21,1,SKU0013,5,5200,0.0,26000.0
2311,653,2025-06-03,33,5,SKU0036,4,21500,0.05,81700.0
2312,653,2025-06-03,33,5,SKU0035,1,16100,0.0,16100.0
2313,653,2025-06-03,33,5,SKU0012,1,2250,0.0,2250.0
2314,654,2024-02-14,46,5,SKU0026,4,5500,0.0,22000.0
2315,654,2024-02-14,46,5,SKU0017,4,13000,0.0,52000.0
2316,654,2024-02-14,46,5,SKU0010,3,8600,0.05,24510.0
2317,654,2024-02-14,46,5,SKU0022,5,2600,0.0,13000.0
2318,654,2024-02-14,46,5,SKU0035,3,14900,0.0,44700.0
2319,654,2024-02-14,46,5,SKU0023,4,12900,0.15,43860.0
2320,655,2025-06-09,3,2,SKU0010,2,9300,0.0,18600.0
2321,655,2025-06-09,3,2,SKU0018,2,4300,0.0,8600.0
2322,655,2025-06-09,3,2,SKU0002,2,4650,0.0,9300.0
2323,655,2025-06-09,3,2,SKU0032,1,3350,0.0,3350.0
2324,655,2025-06-09,3,2,SKU0015,2,5400,0.0,10800.0
2325,656,2025-08-28,40,4,SKU0027,4,9300,0.0,37200.0
2326,656,2025-08-28,40,4,SKU0036,5,21500,0.05,102125.0
2327,656,2025-08-28,40,4,SKU0037,4,16500,0.1,59400.0
2328,656,2025-08-28,40,4,SKU0013,5,4850,0.0,24250.0
2329,657,2026-04-22,48,3,SKU0024,3,2650,0.05,7552.5
2330,657,2026-04-22,48,3,SKU0017,3,15100,0.0,45300.0
2331,657,2026-04-22,48,3,SKU0028,2,3350,0.0,6700.0
2332,657,2026-04-22,48,3,SKU0042,2,11600,0.15,19720.0
2333,657,2026-04-22,48,3,SKU0039,5,15200,0.05,72200.0
2334,657,2026-04-22,48,3,SKU0016,2,4300,0.0,8600.0
2335,658,2026-04-25,33,4,SKU0021,5,4400,0.15,18700.0
2336,658,2026-04-25,33,4,SKU0007,2,5800,0.0,11600.0
2337,658,2026-04-25,33,4,SKU0039,3,15200,0.05,43320.0
2338,658,2026-04-25,33,4,SKU0015,1,5800,0.0,5800.0
2339,658,2026-04-25,33,4,SKU0023,5,14950,0.0,74750.0
2340,659,2025-04-14,32,5,SKU0005,4,8400,0.05,31920.0
2341,659,2025-04-14,32,5,SKU0011,1,4650,0.0,4650.0
2342,659,2025-04-14,32,5,SKU0002,4,4650,0.15,15810.0
2343,659,2025-04-14,32,5,SKU0036,2,21500,0.0,43000.0
2344,660,2025-06-30,44,3,SKU0018,5,4300,0.0,21500.0
2345,661,2025-04-29,47,1,SKU0039,4,14150,0.0,56600.0
2346,661,2025-04-29,47,1,SKU0032,5,3350,0.1,15075.0
2347,661,2025-04-29,47,1,SKU0028,3,3150,0.0,9450.0
2348,661,2025-04-29,47,1,SKU0009,2,3650,0.05,6935.0
2349,661,2025-04-29,47,1,SKU0026,5,5950,0.0,29750.0
2350,661,2025-04-29,47,1,SKU0014,2,6150,0.15,10455.0
2351,662,2025-12-21,35,5,SKU0001,3,4100,0.05,11685.0
2352,662,2025-12-21,35,5,SKU0040,1,5850,0.15,4972.5
2353,662,2025-12-21,35,5,SKU0004,1,9700,0.05,9215.0
2354,663,2025-03-16,5,5,SKU0011,2,4650,0.15,7905.0
2355,663,2025-03-16,5,5,SKU0013,2,4850,0.0,9700.0
2356,663,2025-03-16,5,5,SKU0016,4,4000,0.1,14400.0
2357,663,2025-03-16,5,5,SKU0039,1,14150,0.0,14150.0
2358,664,2025-10-27,6,1,SKU0037,2,16500,0.15,28050.0
2359,664,2025-10-27,6,1,SKU0025,3,7450,0.0,22350.0
2360,664,2025-10-27,6,1,SKU0027,1,9300,0.0,9300.0
2361,664,2025-10-27,6,1,SKU0031,3,3450,0.0,10350.0
2362,665,2024-06-25,46,4,SKU0032,3,3100,0.0,9300.0
2363,665,2024-06-25,46,4,SKU0006,2,2300,0.0,4600.0
2364,665,2024-06-25,46,4,SKU0012,3,2100,0.1,5670.0
2365,666,2025-05-11,41,1,SKU0029,3,6700,0.0,20100.0
2366,666,2025-05-11,41,1,SKU0007,5,5400,0.0,27000.0
2367,666,2025-05-11,41,1,SKU0034,5,3250,0.0,16250.0
2368,667,2026-07-08,44,3,SKU0011,1,5000,0.05,4750.0
2369,668,2025-01-03,1,1,SKU0025,5,7450,0.05,35387.5
2370,668,2025-01-03,1,1,SKU0020,3,2500,0.15,6375.0
2371,668,2025-01-03,1,1,SKU0002,1,4650,0.0,4650.0
2372,669,2025-11-29,13,5,SKU0012,1,2250,0.15,1912.5
2373,669,2025-11-29,13,5,SKU0035,2,16100,0.05,30590.0
2374,669,2025-11-29,13,5,SKU0014,3,6150,0.05,17527.5
2375,669,2025-11-29,13,5,SKU0023,2,13950,0.0,27900.0
2376,670,2025-10-23,46,2,SKU0010,5,9300,0.15,39525.0
2377,670,2025-10-23,46,2,SKU0029,1,6700,0.15,5695.0
2378,670,2025-10-23,46,2,SKU0002,3,4650,0.0,13950.0
2379,670,2025-10-23,46,2,SKU0040,1,5850,0.0,5850.0
2380,670,2025-10-23,46,2,SKU0003,2,2400,0.05,4560.0
2381,671,2026-04-07,34,2,SKU0032,2,3600,0.05,6840.0
2382,672,2026-04-08,10,5,SKU0030,4,4050,0.0,16200.0
2383,672,2026-04-08,10,5,SKU0036,5,23100,0.0,115500.0
2384,672,2026-04-08,10,5,SKU0025,3,8000,0.0,24000.0
2385,673,2026-04-13,24,2,SKU0032,4,3600,0.0,14400.0
2386,673,2026-04-13,24,2,SKU0013,3,5200,0.0,15600.0
2387,674,2025-02-14,31,5,SKU0034,1,3250,0.1,2925.0
2388,675,2024-12-15,42,3,SKU0037,2,15300,0.0,30600.0
2389,675,2024-12-15,42,3,SKU0035,3,14900,0.0,44700.0
2390,675,2024-12-15,42,3,SKU0034,4,3000,0.15,10200.0
2391,675,2024-12-15,42,3,SKU0026,2,5500,0.0,11000.0
2392,675,2024-12-15,42,3,SKU0042,4,10000,0.0,40000.0
2393,676,2025-12-18,28,4,SKU0032,1,3350,0.0,3350.0
2394,677,2026-01-19,7,3,SKU0031,3,3700,0.15,9435.0
2395,677,2026-01-19,7,3,SKU0040,1,6250,0.05,5937.5
2396,677,2026-01-19,7,3,SKU0025,1,8000,0.0,8000.0
2397,677,2026-01-19,7,3,SKU0020,1,2650,0.0,2650.0
2398,677,2026-01-19,7,3,SKU0032,5,3600,0.1,16200.0
2399,678,2026-04-24,37,5,SKU0042,1,11600,0.05,11020.0
2400,678,2026-04-24,37,5,SKU0021,1,4400,0.0,4400.0
2401,679,2024-02-13,20,4,SKU0023,1,12900,0.15,10965.0
2402,679,2024-02-13,20,4,SKU0035,4,14900,0.1,53640.0
2403,680,2024-03-22,33,5,SKU0033,1,3100,0.0,3100.0
2404,680,2024-03-22,33,5,SKU0024,1,2300,0.0,2300.0
2405,681,2025-10-06,12,2,SKU0021,5,4100,0.0,20500.0
2406,681,2025-10-06,12,2,SKU0005,1,8400,0.0,8400.0
2407,681,2025-10-06,12,2,SKU0014,2,6150,0.1,11070.0
2408,681,2025-10-06,12,2,SKU0032,1,3350,0.0,3350.0
2409,681,2025-10-06,12,2,SKU0040,1,5850,0.0,5850.0
2410,681,2025-10-06,12,2,SKU0037,3,16500,0.0,49500.0
2411,682,2026-06-01,25,2,SKU0026,2,6400,0.05,12160.0
2412,682,2026-06-01,25,2,SKU0003,2,2550,0.05,4845.0
2413,682,2026-06-01,25,2,SKU0010,3,10000,0.0,30000.0
2414,683,2026-07-30,44,5,SKU0041,4,10450,0.15,35530.0
2415,683,2026-07-30,44,5,SKU0020,4,2650,0.0,10600.0
2416,683,2026-07-30,44,5,SKU0014,3,6600,0.15,16830.0
2417,683,2026-07-30,44,5,SKU0018,2,4650,0.15,7905.0
2418,683,2026-07-30,44,5,SKU0027,4,10000,0.0,40000.0
2419,683,2026-07-30,44,5,SKU0001,5,4400,0.0,22000.0
2420,684,2026-01-08,41,4,SKU0029,2,7200,0.1,12960.0
2421,685,2025-04-08,45,2,SKU0041,1,9700,0.0,9700.0
2422,686,2024-04-25,11,4,SKU0012,5,2100,0.0,10500.0
2423,687,2025-10-08,11,3,SKU0026,3,5950,0.0,17850.0
2424,687,2025-10-08,11,3,SKU0019,1,2800,0.0,2800.0
2425,687,2025-10-08,11,3,SKU0035,2,16100,0.0,32200.0
2426,687,2025-10-08,11,3,SKU0041,5,9700,0.15,41225.0
2427,687,2025-10-08,11,3,SKU0039,4,14150,0.0,56600.0
2428,687,2025-10-08,11,3,SKU0037,2,16500,0.05,31350.0
2429,688,2026-04-24,3,4,SKU0007,4,5800,0.0,23200.0
2430,688,2026-04-24,3,4,SKU0008,1,4500,0.15,3825.0
2431,688,2026-04-24,3,4,SKU0015,1,5800,0.0,5800.0
2432,688,2026-04-24,3,4,SKU0003,4,2550,0.05,9690.0
2433,689,2025-04-17,24,4,SKU0010,2,9300,0.1,16740.0
2434,689,2025-04-17,24,4,SKU0029,3,6700,0.0,20100.0
2435,689,2025-04-17,24,4,SKU0039,5,14150,0.0,70750.0
2436,689,2025-04-17,24,4,SKU0003,2,2400,0.0,4800.0
2437,689,2025-04-17,24,4,SKU0033,3,3350,0.0,10050.0
2438,689,2025-04-17,24,4,SKU0013,3,4850,0.0,14550.0
2439,690,2025-11-30,13,1,SKU0025,1,7450,0.0,7450.0
2440,690,2025-11-30,13,1,SKU0010,2,9300,0.1,16740.0
2441,690,2025-11-30,13,1,SKU0019,2,2800,0.0,5600.0
2442,690,2025-11-30,13,1,SKU0033,4,3350,0.0,13400.0
2443,691,2026-05-18,29,1,SKU0039,3,15200,0.05,43320.0
2444,691,2026-05-18,29,1,SKU0034,2,3500,0.0,7000.0
2445,692,2024-02-26,36,3,SKU0008,1,3900,0.0,3900.0
2446,693,2026-02-20,34,5,SKU0040,2,6250,0.1,11250.0
2447,694,2024-11-24,21,3,SKU0010,1,8600,0.1,7740.0
2448,695,2025-02-09,15,1,SKU0001,5,4100,0.0,20500.0
2449,695,2025-02-09,15,1,SKU0037,2,16500,0.15,28050.0
2450,695,2025-02-09,15,1,SKU0004,1,9700,0.05,9215.0
2451,695,2025-02-09,15,1,SKU0025,5,7450,0.0,37250.0
2452,696,2024-06-15,2,4,SKU0042,2,10000,0.1,18000.0
2453,696,2024-06-15,2,4,SKU0025,4,6900,0.05,26220.0
2454,696,2024-06-15,2,4,SKU0019,3,2600,0.0,7800.0
2455,696,2024-06-15,2,4,SKU0040,4,5400,0.0,21600.0
2456,696,2024-06-15,2,4,SKU0029,2,6200,0.0,12400.0
2457,697,2025-07-05,35,3,SKU0010,2,9300,0.0,18600.0
2458,697,2025-07-05,35,3,SKU0019,3,2800,0.0,8400.0
2459,698,2025-08-05,24,1,SKU0020,4,2500,0.1,9000.0
2460,698,2025-08-05,24,1,SKU0010,5,9300,0.15,39525.0
2461,698,2025-08-05,24,1,SKU0003,2,2400,0.0,4800.0
2462,698,2025-08-05,24,1,SKU0030,2,3800,0.15,6460.0
2463,699,2026-02-17,41,3,SKU0026,4,6400,0.0,25600.0
2464,699,2026-02-17,41,3,SKU0027,4,10000,0.0,40000.0
2465,700,2024-07-12,25,4,SKU0022,2,2600,0.1,4680.0
2466,700,2024-07-12,25,4,SKU0021,5,3800,0.0,19000.0
2467,700,2024-07-12,25,4,SKU0026,2,5500,0.0,11000.0
2468,701,2024-04-03,46,2,SKU0013,4,4500,0.0,18000.0
2469,701,2024-04-03,46,2,SKU0040,3,5400,0.0,16200.0
2470,701,2024-04-03,46,2,SKU0024,4,2300,0.0,9200.0
2471,701,2024-04-03,46,2,SKU0030,4,3500,0.0,14000.0
2472,701,2024-04-03,46,2,SKU0036,5,19900,0.1,89550.0
2473,702,2026-04-23,29,3,SKU0027,5,10000,0.0,50000.0
2474,702,2026-04-23,29,3,SKU0004,4,10450,0.05,39710.0
2475,702,2026-04-23,29,3,SKU0013,4,5200,0.0,20800.0
2476,702,2026-04-23,29,3,SKU0014,4,6600,0.0,26400.0
2477,702,2026-04-23,29,3,SKU0022,2,3000,0.0,6000.0
2478,703,2025-09-25,37,2,SKU0037,4,16500,0.05,62700.0
2479,703,2025-09-25,37,2,SKU0010,2,9300,0.0,18600.0
2480,703,2025-09-25,37,2,SKU0042,4,10800,0.0,43200.0
2481,704,2024-09-29,30,2,SKU0009,1,3400,0.0,3400.0
2482,704,2024-09-29,30,2,SKU0032,1,3100,0.0,3100.0
2483,704,2024-09-29,30,2,SKU0021,1,3800,0.0,3800.0
2484,704,2024-09-29,30,2,SKU0034,1,3000,0.0,3000.0
2485,704,2024-09-29,30,2,SKU0003,3,2200,0.0,6600.0
2486,704,2024-09-29,30,2,SKU0007,2,5000,0.0,10000.0
2487,705,2026-05-25,20,1,SKU0040,4,6250,0.0,25000.0
2488,705,2026-05-25,20,1,SKU0021,3,4400,0.1,11880.0
2489,705,2026-05-25,20,1,SKU0038,2,9650,0.0,19300.0
2490,706,2024-06-13,20,1,SKU0011,5,4300,0.0,21500.0
2491,706,2024-06-13,20,1,SKU0010,2,8600,0.05,16340.0
2492,706,2024-06-13,20,1,SKU0027,5,8600,0.1,38700.0
2493,706,2024-06-13,20,1,SKU0008,4,3900,0.1,14040.0
2494,706,2024-06-13,20,1,SKU0035,3,14900,0.1,40230.0
2495,707,2025-05-03,16,1,SKU0010,4,9300,0.0,37200.0
2496,707,2025-05-03,16,1,SKU0029,4,6700,0.0,26800.0
2497,707,2025-05-03,16,1,SKU0007,1,5400,0.05,5130.0
2498,707,2025-05-03,16,1,SKU0003,3,2400,0.0,7200.0
2499,707,2025-05-03,16,1,SKU0009,5,3650,0.05,17337.5
2500,707,2025-05-03,16,1,SKU0025,2,7450,0.0,14900.0
2501,708,2024-10-13,2,4,SKU0037,2,15300,0.0,30600.0
2502,708,2024-10-13,2,4,SKU0023,5,12900,0.0,64500.0
2503,708,2024-10-13,2,4,SKU0022,4,2600,0.0,10400.0
2504,708,2024-10-13,2,4,SKU0006,1,2300,0.15,1955.0
2505,708,2024-10-13,2,4,SKU0024,2,2300,0.1,4140.0
2506,708,2024-10-13,2,4,SKU0005,3,7800,0.0,23400.0
2507,709,2024-10-15,46,1,SKU0039,5,13100,0.05,62225.0
2508,709,2024-10-15,46,1,SKU0032,4,3100,0.0,12400.0
2509,709,2024-10-15,46,1,SKU0002,3,4300,0.15,10965.0
2510,710,2024-01-12,17,2,SKU0018,2,4000,0.0,8000.0
2511,710,2024-01-12,17,2,SKU0034,2,3000,0.1,5400.0
2512,710,2024-01-12,17,2,SKU0002,3,4300,0.0,12900.0
2513,710,2024-01-12,17,2,SKU0032,4,3100,0.0,12400.0
2514,710,2024-01-12,17,2,SKU0021,3,3800,0.0,11400.0
2515,711,2026-02-28,18,4,SKU0006,5,2650,0.0,13250.0
2516,711,2026-02-28,18,4,SKU0022,3,3000,0.0,9000.0
2517,711,2026-02-28,18,4,SKU0036,2,23100,0.0,46200.0
2518,711,2026-02-28,18,4,SKU0003,4,2550,0.0,10200.0
2519,711,2026-02-28,18,4,SKU0009,1,3950,0.1,3555.0
2520,711,2026-02-28,18,4,SKU0001,3,4400,0.1,11880.0
2521,712,2026-05-16,25,3,SKU0033,3,3600,0.0,10800.0
2522,712,2026-05-16,25,3,SKU0028,3,3350,0.1,9045.0
2523,712,2026-05-16,25,3,SKU0027,3,10000,0.05,28500.0
2524,713,2025-11-16,13,4,SKU0018,1,4300,0.15,3655.0
2525,713,2025-11-16,13,4,SKU0006,3,2500,0.15,6375.0
2526,713,2025-11-16,13,4,SKU0029,5,6700,0.0,33500.0
2527,714,2024-06-29,2,2,SKU0016,1,3700,0.0,3700.0
2528,715,2025-04-15,24,1,SKU0037,1,16500,0.15,14025.0
2529,715,2025-04-15,24,1,SKU0016,1,4000,0.0,4000.0
2530,716,2025-01-10,47,1,SKU0022,3,2800,0.15,7140.0
2531,716,2025-01-10,47,1,SKU0040,1,5850,0.05,5557.5
2532,716,2025-01-10,47,1,SKU0005,1,8400,0.0,8400.0
2533,716,2025-01-10,47,1,SKU0010,2,9300,0.0,18600.0
2534,716,2025-01-10,47,1,SKU0038,1,8950,0.0,8950.0
2535,716,2025-01-10,47,1,SKU0030,1,3800,0.1,3420.0
2536,717,2025-08-26,6,1,SKU0015,4,5400,0.0,21600.0
2537,717,2025-08-26,6,1,SKU0014,5,6150,0.0,30750.0
2538,717,2025-08-26,6,1,SKU0004,4,9700,0.15,32980.0
2539,717,2025-08-26,6,1,SKU0006,2,2500,0.1,4500.0
2540,718,2025-10-13,32,5,SKU0012,2,2250,0.05,4275.0
2541,718,2025-10-13,32,5,SKU0031,1,3450,0.0,3450.0
2542,718,2025-10-13,32,5,SKU0019,2,2800,0.0,5600.0
2543,718,2025-10-13,32,5,SKU0038,3,8950,0.0,26850.0
2544,718,2025-10-13,32,5,SKU0004,5,9700,0.05,46075.0
2545,718,2025-10-13,32,5,SKU0029,2,6700,0.1,12060.0
2546,719,2025-03-29,8,1,SKU0012,2,2250,0.0,4500.0
2547,719,2025-03-29,8,1,SKU0021,4,4100,0.1,14760.0
2548,720,2024-10-09,38,3,SKU0027,4,8600,0.0,34400.0
2549,720,2024-10-09,38,3,SKU0033,3,3100,0.1,8370.0
2550,720,2024-10-09,38,3,SKU0041,2,9000,0.05,17100.0
2551,720,2024-10-09,38,3,SKU0019,1,2600,0.1,2340.0
2552,720,2024-10-09,38,3,SKU0014,3,5700,0.0,17100.0
2553,721,2026-04-02,49,2,SKU0004,1,10450,0.0,10450.0
2554,722,2024-08-13,23,1,SKU0028,5,2900,0.15,12325.0
2555,722,2024-08-13,23,1,SKU0006,3,2300,0.1,6210.0
2556,722,2024-08-13,23,1,SKU0029,5,6200,0.1,27900.0
2557,722,2024-08-13,23,1,SKU0001,1,3800,0.05,3610.0
2558,722,2024-08-13,23,1,SKU0021,3,3800,0.1,10260.0
2559,723,2025-02-19,21,4,SKU0031,3,3450,0.15,8797.5
2560,723,2025-02-19,21,4,SKU0024,4,2500,0.0,10000.0
2561,723,2025-02-19,21,4,SKU0032,5,3350,0.1,15075.0
2562,724,2025-05-23,13,2,SKU0011,4,4650,0.0,18600.0
2563,724,2025-05-23,13,2,SKU0003,4,2400,0.0,9600.0
2564,724,2025-05-23,13,2,SKU0023,4,13950,0.0,55800.0
2565,724,2025-05-23,13,2,SKU0027,2,9300,0.0,18600.0
2566,724,2025-05-23,13,2,SKU0030,4,3800,0.0,15200.0
2567,725,2024-09-25,2,2,SKU0025,4,6900,0.0,27600.0
2568,725,2024-09-25,2,2,SKU0041,1,9000,0.0,9000.0
2569,725,2024-09-25,2,2,SKU0010,2,8600,0.0,17200.0
2570,726,2025-08-11,38,2,SKU0007,4,5400,0.0,21600.0
2571,726,2025-08-11,38,2,SKU0002,2,4650,0.0,9300.0
2572,727,2025-08-14,22,2,SKU0032,4,3350,0.0,13400.0
2573,728,2026-07-26,20,5,SKU0015,5,5800,0.1,26100.0
2574,728,2026-07-26,20,5,SKU0013,4,5200,0.0,20800.0
2575,728,2026-07-26,20,5,SKU0032,4,3600,0.15,12240.0
2576,729,2024-11-26,11,4,SKU0004,5,9000,0.0,45000.0
2577,729,2024-11-26,11,4,SKU0023,2,12900,0.0,25800.0
2578,729,2024-11-26,11,4,SKU0007,5,5000,0.0,25000.0
2579,729,2024-11-26,11,4,SKU0005,2,7800,0.0,15600.0
2580,729,2024-11-26,11,4,SKU0021,4,3800,0.0,15200.0
2581,729,2024-11-26,11,4,SKU0031,3,3200,0.1,8640.0
2582,730,2026-07-15,11,3,SKU0020,3,2650,0.0,7950.0
2583,730,2026-07-15,11,3,SKU0040,3,6250,0.15,15937.5
2584,730,2026-07-15,11,3,SKU0028,2,3350,0.0,6700.0
2585,730,2026-07-15,11,3,SKU0008,5,4500,0.0,22500.0
2586,730,2026-07-15,11,3,SKU0009,1,3950,0.0,3950.0
2587,730,2026-07-15,11,3,SKU0034,4,3500,0.0,14000.0
2588,731,2025-10-30,27,2,SKU0021,3,4100,0.1,11070.0
2589,731,2025-10-30,27,2,SKU0015,4,5400,0.15,18360.0
2590,732,2024-11-04,18,5,SKU0037,2,15300,0.0,30600.0
2591,732,2024-11-04,18,5,SKU0022,5,2600,0.0,13000.0
2592,732,2024-11-04,18,5,SKU0013,5,4500,0.05,21375.0
2593,733,2025-08-05,16,2,SKU0037,5,16500,0.0,82500.0
2594,733,2025-08-05,16,2,SKU0031,4,3450,0.15,11730.0
2595,733,2025-08-05,16,2,SKU0002,2,4650,0.05,8835.0
2596,733,2025-08-05,16,2,SKU0021,3,4100,0.0,12300.0
2597,734,2025-11-23,34,4,SKU0039,4,14150,0.15,48110.0
2598,734,2025-11-23,34,4,SKU0018,2,4300,0.15,7310.0
2599,734,2025-11-23,34,4,SKU0005,3,8400,0.1,22680.0
2600,734,2025-11-23,34,4,SKU0029,2,6700,0.0,13400.0
2601,735,2026-01-07,50,1,SKU0016,3,4300,0.0,12900.0
2602,735,2026-01-07,50,1,SKU0015,5,5800,0.0,29000.0
2603,735,2026-01-07,50,1,SKU0041,5,10450,0.0,52250.0
2604,735,2026-01-07,50,1,SKU0001,3,4400,0.0,13200.0
2605,736,2024-02-29,32,3,SKU0035,3,14900,0.1,40230.0
2606,736,2024-02-29,32,3,SKU0013,1,4500,0.1,4050.0
2607,736,2024-02-29,32,3,SKU0042,2,10000,0.05,19000.0
2608,736,2024-02-29,32,3,SKU0039,5,13100,0.0,65500.0
2609,736,2024-02-29,32,3,SKU0008,2,3900,0.15,6630.0
2610,737,2025-09-13,25,4,SKU0001,1,4100,0.0,4100.0
2611,737,2025-09-13,25,4,SKU0020,4,2500,0.0,10000.0
2612,737,2025-09-13,25,4,SKU0017,3,14050,0.0,42150.0
2613,737,2025-09-13,25,4,SKU0014,2,6150,0.0,12300.0
2614,737,2025-09-13,25,4,SKU0010,4,9300,0.05,35340.0
2615,737,2025-09-13,25,4,SKU0019,2,2800,0.05,5320.0
2616,738,2025-06-04,29,3,SKU0018,4,4300,0.0,17200.0
2617,739,2026-05-19,13,5,SKU0019,3,3000,0.0,9000.0
2618,739,2026-05-19,13,5,SKU0011,1,5000,0.0,5000.0
2619,739,2026-05-19,13,5,SKU0038,3,9650,0.05,27502.5
2620,739,2026-05-19,13,5,SKU0009,4,3950,0.0,15800.0
2621,740,2024-11-16,10,3,SKU0025,2,6900,0.0,13800.0
2622,740,2024-11-16,10,3,SKU0036,5,19900,0.15,84575.0
2623,740,2024-11-16,10,3,SKU0002,1,4300,0.1,3870.0
2624,740,2024-11-16,10,3,SKU0028,3,2900,0.0,8700.0
2625,740,2024-11-16,10,3,SKU0021,5,3800,0.15,16150.0
2626,740,2024-11-16,10,3,SKU0026,5,5500,0.0,27500.0
2627,741,2026-02-23,33,1,SKU0009,1,3950,0.05,3752.5
2628,741,2026-02-23,33,1,SKU0032,2,3600,0.1,6480.0
2629,741,2026-02-23,33,1,SKU0005,2,9050,0.0,18100.0
2630,741,2026-02-23,33,1,SKU0040,3,6250,0.0,18750.0
2631,741,2026-02-23,33,1,SKU0042,3,11600,0.0,34800.0
2632,741,2026-02-23,33,1,SKU0010,4,10000,0.0,40000.0
2633,742,2025-09-13,49,1,SKU0026,4,5950,0.1,21420.0
2634,742,2025-09-13,49,1,SKU0035,4,16100,0.1,57960.0
2635,742,2025-09-13,49,1,SKU0004,2,9700,0.05,18430.0
2636,742,2025-09-13,49,1,SKU0034,1,3250,0.15,2762.5
2637,743,2025-01-17,14,4,SKU0008,2,4200,0.0,8400.0
2638,743,2025-01-17,14,4,SKU0017,1,14050,0.1,12645.0
2639,744,2025-10-11,44,5,SKU0004,2,9700,0.0,19400.0
2640,745,2025-09-26,3,1,SKU0015,2,5400,0.05,10260.0
2641,745,2025-09-26,3,1,SKU0010,3,9300,0.0,27900.0
2642,746,2025-11-16,25,4,SKU0033,3,3350,0.0,10050.0
2643,747,2025-12-19,2,4,SKU0005,2,8400,0.05,15960.0
2644,747,2025-12-19,2,4,SKU0003,4,2400,0.0,9600.0
2645,747,2025-12-19,2,4,SKU0013,3,4850,0.1,13095.0
2646,747,2025-12-19,2,4,SKU0038,1,8950,0.05,8502.5
2647,747,2025-12-19,2,4,SKU0014,3,6150,0.05,17527.5
2648,748,2025-10-31,11,4,SKU0010,1,9300,0.1,8370.0
2649,748,2025-10-31,11,4,SKU0035,5,16100,0.0,80500.0
2650,749,2026-03-27,18,5,SKU0033,2,3600,0.15,6120.0
2651,749,2026-03-27,18,5,SKU0025,5,8000,0.0,40000.0
2652,749,2026-03-27,18,5,SKU0011,3,5000,0.0,15000.0
2653,750,2025-10-03,21,3,SKU0008,1,4200,0.0,4200.0
2654,750,2025-10-03,21,3,SKU0042,5,10800,0.1,48600.0
2655,750,2025-10-03,21,3,SKU0019,5,2800,0.15,11900.0
2656,750,2025-10-03,21,3,SKU0029,4,6700,0.0,26800.0
2657,751,2026-05-18,12,1,SKU0025,1,8000,0.1,7200.0
2658,752,2025-10-19,14,2,SKU0020,1,2500,0.1,2250.0
2659,752,2025-10-19,14,2,SKU0014,2,6150,0.05,11685.0
2660,752,2025-10-19,14,2,SKU0038,3,8950,0.0,26850.0
2661,752,2025-10-19,14,2,SKU0024,5,2500,0.0,12500.0
2662,752,2025-10-19,14,2,SKU0030,3,3800,0.0,11400.0
2663,753,2024-12-08,14,2,SKU0014,3,5700,0.0,17100.0
2664,753,2024-12-08,14,2,SKU0032,4,3100,0.05,11780.0
2665,753,2024-12-08,14,2,SKU0025,2,6900,0.0,13800.0
2666,754,2025-04-14,31,5,SKU0019,1,2800,0.15,2380.0
2667,754,2025-04-14,31,5,SKU0016,1,4000,0.05,3800.0
2668,754,2025-04-14,31,5,SKU0005,1,8400,0.15,7140.0
2669,754,2025-04-14,31,5,SKU0040,1,5850,0.0,5850.0
2670,754,2025-04-14,31,5,SKU0007,1,5400,0.0,5400.0
2671,755,2025-08-18,29,4,SKU0037,2,16500,0.0,33000.0
2672,755,2025-08-18,29,4,SKU0011,3,4650,0.0,13950.0
2673,755,2025-08-18,29,4,SKU0007,3,5400,0.0,16200.0
2674,755,2025-08-18,29,4,SKU0004,1,9700,0.0,9700.0
2675,755,2025-08-18,29,4,SKU0024,1,2500,0.0,2500.0
2676,755,2025-08-18,29,4,SKU0014,3,6150,0.0,18450.0
2677,756,2025-12-28,17,4,SKU0008,1,4200,0.0,4200.0
2678,756,2025-12-28,17,4,SKU0041,2,9700,0.0,19400.0
2679,757,2024-04-16,8,1,SKU0016,1,3700,0.1,3330.0
2680,757,2024-04-16,8,1,SKU0030,5,3500,0.0,17500.0
2681,757,2024-04-16,8,1,SKU0038,1,8300,0.1,7470.0
2682,757,2024-04-16,8,1,SKU0036,2,19900,0.0,39800.0
2683,757,2024-04-16,8,1,SKU0018,1,4000,0.0,4000.0
2684,757,2024-04-16,8,1,SKU0040,4,5400,0.0,21600.0
2685,758,2024-11-25,3,4,SKU0030,5,3500,0.0,17500.0
2686,758,2024-11-25,3,4,SKU0027,1,8600,0.15,7310.0
2687,758,2024-11-25,3,4,SKU0012,3,2100,0.1,5670.0
2688,758,2024-11-25,3,4,SKU0001,3,3800,0.1,10260.0
2689,759,2026-01-09,31,2,SKU0002,2,5000,0.1,9000.0
2690,759,2026-01-09,31,2,SKU0018,4,4650,0.15,15810.0
2691,759,2026-01-09,31,2,SKU0013,1,5200,0.1,4680.0
2692,760,2024-07-18,3,5,SKU0036,3,19900,0.0,59700.0
2693,760,2024-07-18,3,5,SKU0032,1,3100,0.05,2945.0
2694,760,2024-07-18,3,5,SKU0015,3,5000,0.0,15000.0
2695,760,2024-07-18,3,5,SKU0004,4,9000,0.05,34200.0
2696,761,2024-06-01,11,3,SKU0024,4,2300,0.0,9200.0
2697,761,2024-06-01,11,3,SKU0036,5,19900,0.0,99500.0
2698,761,2024-06-01,11,3,SKU0035,3,14900,0.0,44700.0
2699,761,2024-06-01,11,3,SKU0010,3,8600,0.15,21930.0
2700,761,2024-06-01,11,3,SKU0021,3,3800,0.0,11400.0
2701,761,2024-06-01,11,3,SKU0023,4,12900,0.1,46440.0
2702,762,2025-07-12,35,4,SKU0028,3,3150,0.0,9450.0
2703,762,2025-07-12,35,4,SKU0006,3,2500,0.0,7500.0
2704,762,2025-07-12,35,4,SKU0039,4,14150,0.0,56600.0
2705,763,2026-07-10,49,5,SKU0011,5,5000,0.1,22500.0
2706,763,2026-07-10,49,5,SKU0003,2,2550,0.15,4335.0
2707,763,2026-07-10,49,5,SKU0022,5,3000,0.0,15000.0
2708,763,2026-07-10,49,5,SKU0033,2,3600,0.15,6120.0
2709,763,2026-07-10,49,5,SKU0010,4,10000,0.0,40000.0
2710,763,2026-07-10,49,5,SKU0040,4,6250,0.0,25000.0
2711,764,2025-07-05,33,5,SKU0034,1,3250,0.05,3087.5
2712,765,2026-05-26,1,3,SKU0011,3,5000,0.1,13500.0
2713,765,2026-05-26,1,3,SKU0015,3,5800,0.05,16530.0
2714,765,2026-05-26,1,3,SKU0022,4,3000,0.05,11400.0
2715,765,2026-05-26,1,3,SKU0032,4,3600,0.0,14400.0
2716,765,2026-05-26,1,3,SKU0008,5,4500,0.0,22500.0
2717,766,2026-03-21,48,4,SKU0007,5,5800,0.15,24650.0
2718,766,2026-03-21,48,4,SKU0015,1,5800,0.0,5800.0
2719,766,2026-03-21,48,4,SKU0030,2,4050,0.0,8100.0
2720,766,2026-03-21,48,4,SKU0010,3,10000,0.0,30000.0
2721,766,2026-03-21,48,4,SKU0013,4,5200,0.0,20800.0
2722,766,2026-03-21,48,4,SKU0001,2,4400,0.05,8360.0
2723,767,2024-10-16,41,1,SKU0002,1,4300,0.0,4300.0
2724,767,2024-10-16,41,1,SKU0019,2,2600,0.15,4420.0
2725,768,2026-03-16,50,1,SKU0017,4,15100,0.0,60400.0
2726,769,2025-05-22,28,3,SKU0026,3,5950,0.0,17850.0
2727,769,2025-05-22,28,3,SKU0001,3,4100,0.0,12300.0
2728,769,2025-05-22,28,3,SKU0039,5,14150,0.05,67212.5
2729,769,2025-05-22,28,3,SKU0020,4,2500,0.1,9000.0
2730,769,2025-05-22,28,3,SKU0022,5,2800,0.05,13300.0
2731,769,2025-05-22,28,3,SKU0025,1,7450,0.1,6705.0
2732,770,2026-03-02,32,1,SKU0021,4,4400,0.15,14960.0
2733,770,2026-03-02,32,1,SKU0023,4,14950,0.15,50830.0
2734,770,2026-03-02,32,1,SKU0002,5,5000,0.15,21250.0
2735,770,2026-03-02,32,1,SKU0017,1,15100,0.0,15100.0
2736,771,2026-01-08,45,5,SKU0023,4,14950,0.15,50830.0
2737,771,2026-01-08,45,5,SKU0032,1,3600,0.0,3600.0
2738,771,2026-01-08,45,5,SKU0002,3,5000,0.05,14250.0
2739,771,2026-01-08,45,5,SKU0025,1,8000,0.0,8000.0
2740,771,2026-01-08,45,5,SKU0003,2,2550,0.1,4590.0
2741,772,2025-01-04,46,1,SKU0025,4,7450,0.0,29800.0
2742,772,2025-01-04,46,1,SKU0022,3,2800,0.0,8400.0
2743,772,2025-01-04,46,1,SKU0016,5,4000,0.15,17000.0
2744,772,2025-01-04,46,1,SKU0039,4,14150,0.0,56600.0
2745,773,2024-05-14,40,4,SKU0001,2,3800,0.05,7220.0
2746,774,2026-07-03,44,1,SKU0029,3,7200,0.1,19440.0
2747,774,2026-07-03,44,1,SKU0005,5,9050,0.0,45250.0
2748,774,2026-07-03,44,1,SKU0033,5,3600,0.1,16200.0
2749,774,2026-07-03,44,1,SKU0012,1,2450,0.0,2450.0
2750,774,2026-07-03,44,1,SKU0030,5,4050,0.0,20250.0
2751,775,2024-06-10,45,5,SKU0012,1,2100,0.0,2100.0
2752,775,2024-06-10,45,5,SKU0029,5,6200,0.0,31000.0
2753,775,2024-06-10,45,5,SKU0019,4,2600,0.0,10400.0
2754,775,2024-06-10,45,5,SKU0011,2,4300,0.15,7310.0
2755,776,2026-07-06,5,2,SKU0032,2,3600,0.15,6120.0
2756,776,2026-07-06,5,2,SKU0016,4,4300,0.0,17200.0
2757,776,2026-07-06,5,2,SKU0001,3,4400,0.0,13200.0
2758,776,2026-07-06,5,2,SKU0025,2,8000,0.0,16000.0
2759,777,2026-04-14,44,5,SKU0015,2,5800,0.0,11600.0
2760,777,2026-04-14,44,5,SKU0029,2,7200,0.1,12960.0
2761,777,2026-04-14,44,5,SKU0008,5,4500,0.05,21375.0
2762,777,2026-04-14,44,5,SKU0007,1,5800,0.0,5800.0
2763,778,2025-12-22,32,3,SKU0028,4,3150,0.0,12600.0
2764,778,2025-12-22,32,3,SKU0002,1,4650,0.0,4650.0
2765,778,2025-12-22,32,3,SKU0034,4,3250,0.05,12350.0
2766,778,2025-12-22,32,3,SKU0024,4,2500,0.0,10000.0
2767,778,2025-12-22,32,3,SKU0035,1,16100,0.0,16100.0
2768,778,2025-12-22,32,3,SKU0007,3,5400,0.1,14580.0
2769,779,2026-07-16,23,4,SKU0033,1,3600,0.0,3600.0
2770,779,2026-07-16,23,4,SKU0016,1,4300,0.05,4085.0
2771,779,2026-07-16,23,4,SKU0009,2,3950,0.1,7110.0
2772,779,2026-07-16,23,4,SKU0008,2,4500,0.0,9000.0
2773,780,2026-07-06,43,5,SKU0036,1,23100,0.15,19635.0
2774,780,2026-07-06,43,5,SKU0017,2,15100,0.05,28690.0
2775,780,2026-07-06,43,5,SKU0031,4,3700,0.0,14800.0
2776,781,2026-02-28,36,1,SKU0013,3,5200,0.0,15600.0
2777,781,2026-02-28,36,1,SKU0010,4,10000,0.0,40000.0
2778,782,2025-01-30,24,1,SKU0001,5,4100,0.0,20500.0
2779,782,2025-01-30,24,1,SKU0008,3,4200,0.15,10710.0
2780,782,2025-01-30,24,1,SKU0034,2,3250,0.0,6500.0
2781,782,2025-01-30,24,1,SKU0018,2,4300,0.15,7310.0
2782,782,2025-01-30,24,1,SKU0038,4,8950,0.15,30430.0
2783,783,2026-02-16,14,2,SKU0031,4,3700,0.05,14060.0
2784,783,2026-02-16,14,2,SKU0042,5,11600,0.15,49300.0
2785,783,2026-02-16,14,2,SKU0041,1,10450,0.0,10450.0
2786,783,2026-02-16,14,2,SKU0014,2,6600,0.15,11220.0
2787,783,2026-02-16,14,2,SKU0007,5,5800,0.0,29000.0
2788,783,2026-02-16,14,2,SKU0012,1,2450,0.0,2450.0
2789,784,2024-01-17,33,1,SKU0011,2,4300,0.15,7310.0
2790,784,2024-01-17,33,1,SKU0016,3,3700,0.0,11100.0
2791,784,2024-01-17,33,1,SKU0041,1,9000,0.15,7650.0
2792,784,2024-01-17,33,1,SKU0027,4,8600,0.0,34400.0
2793,784,2024-01-17,33,1,SKU0024,3,2300,0.15,5865.0
2794,785,2025-07-10,26,1,SKU0024,4,2500,0.05,9500.0
2795,785,2025-07-10,26,1,SKU0026,2,5950,0.1,10710.0
2796,786,2025-04-27,9,4,SKU0033,2,3350,0.05,6365.0
2797,786,2025-04-27,9,4,SKU0027,5,9300,0.0,46500.0
2798,786,2025-04-27,9,4,SKU0042,4,10800,0.15,36720.0
2799,786,2025-04-27,9,4,SKU0041,1,9700,0.0,9700.0
2800,786,2025-04-27,9,4,SKU0011,5,4650,0.0,23250.0
2801,787,2025-11-12,27,1,SKU0006,3,2500,0.0,7500.0
2802,787,2025-11-12,27,1,SKU0010,3,9300,0.0,27900.0
2803,787,2025-11-12,27,1,SKU0042,3,10800,0.0,32400.0
2804,787,2025-11-12,27,1,SKU0003,5,2400,0.05,11400.0
2805,787,2025-11-12,27,1,SKU0024,3,2500,0.0,7500.0
2806,788,2025-11-11,31,5,SKU0025,5,7450,0.1,33525.0
2807,788,2025-11-11,31,5,SKU0038,5,8950,0.0,44750.0
2808,788,2025-11-11,31,5,SKU0036,4,21500,0.0,86000.0
2809,788,2025-11-11,31,5,SKU0039,1,14150,0.1,12735.0
2810,789,2025-08-23,32,3,SKU0034,3,3250,0.0,9750.0
2811,789,2025-08-23,32,3,SKU0040,3,5850,0.05,16672.5
2812,789,2025-08-23,32,3,SKU0041,5,9700,0.0,48500.0
2813,789,2025-08-23,32,3,SKU0005,3,8400,0.0,25200.0
2814,789,2025-08-23,32,3,SKU0017,2,14050,0.05,26695.0
2815,790,2026-03-15,13,3,SKU0013,4,5200,0.0,20800.0
2816,790,2026-03-15,13,3,SKU0022,3,3000,0.05,8550.0
2817,790,2026-03-15,13,3,SKU0034,4,3500,0.1,12600.0
2818,791,2026-06-16,43,2,SKU0009,5,3950,0.0,19750.0
2819,791,2026-06-16,43,2,SKU0019,2,3000,0.15,5100.0
2820,791,2026-06-16,43,2,SKU0013,4,5200,0.05,19760.0
2821,791,2026-06-16,43,2,SKU0024,5,2650,0.0,13250.0
2822,791,2026-06-16,43,2,SKU0035,1,17300,0.1,15570.0
2823,792,2024-05-06,47,3,SKU0016,3,3700,0.0,11100.0
2824,792,2024-05-06,47,3,SKU0014,4,5700,0.0,22800.0
2825,792,2024-05-06,47,3,SKU0039,3,13100,0.05,37335.0
2826,792,2024-05-06,47,3,SKU0022,4,2600,0.05,9880.0
2827,792,2024-05-06,47,3,SKU0012,3,2100,0.0,6300.0
2828,792,2024-05-06,47,3,SKU0032,3,3100,0.05,8835.0
2829,793,2024-09-21,5,3,SKU0025,5,6900,0.0,34500.0
2830,794,2024-01-30,1,1,SKU0017,4,13000,0.05,49400.0
2831,794,2024-01-30,1,1,SKU0032,5,3100,0.15,13175.0
2832,795,2026-05-03,18,5,SKU0027,4,10000,0.05,38000.0
2833,795,2026-05-03,18,5,SKU0013,1,5200,0.0,5200.0
2834,795,2026-05-03,18,5,SKU0018,4,4650,0.0,18600.0
2835,795,2026-05-03,18,5,SKU0004,3,10450,0.0,31350.0
2836,795,2026-05-03,18,5,SKU0028,2,3350,0.0,6700.0
2837,796,2025-08-01,8,3,SKU0003,1,2400,0.0,2400.0
2838,797,2026-05-27,7,5,SKU0018,1,4650,0.1,4185.0
2839,797,2026-05-27,7,5,SKU0009,5,3950,0.0,19750.0
2840,797,2026-05-27,7,5,SKU0007,1,5800,0.0,5800.0
2841,797,2026-05-27,7,5,SKU0028,3,3350,0.05,9547.5
2842,797,2026-05-27,7,5,SKU0014,3,6600,0.0,19800.0
2843,798,2024-09-07,28,2,SKU0015,5,5000,0.05,23750.0
2844,798,2024-09-07,28,2,SKU0040,3,5400,0.05,15390.0
2845,799,2024-03-17,23,2,SKU0002,5,4300,0.0,21500.0
2846,799,2024-03-17,23,2,SKU0036,2,19900,0.0,39800.0
2847,800,2026-03-16,25,2,SKU0040,5,6250,0.0,31250.0
2848,800,2026-03-16,25,2,SKU0002,4,5000,0.0,20000.0
2849,800,2026-03-16,25,2,SKU0011,1,5000,0.0,5000.0
2850,800,2026-03-16,25,2,SKU0006,4,2650,0.0,10600.0
2851,800,2026-03-16,25,2,SKU0037,2,17750,0.0,35500.0
2852,801,2026-05-23,40,2,SKU0015,1,5800,0.0,5800.0
2853,801,2026-05-23,40,2,SKU0018,2,4650,0.1,8370.0
2854,802,2024-12-02,20,4,SKU0039,1,13100,0.15,11135.0
2855,802,2024-12-02,20,4,SKU0025,1,6900,0.0,6900.0
2856,802,2024-12-02,20,4,SKU0029,4,6200,0.0,24800.0
2857,802,2024-12-02,20,4,SKU0014,2,5700,0.1,10260.0
2858,802,2024-12-02,20,4,SKU0015,4,5000,0.15,17000.0
2859,803,2025-03-14,40,4,SKU0035,3,16100,0.0,48300.0
2860,804,2024-06-09,44,4,SKU0034,4,3000,0.05,11400.0
2861,804,2024-06-09,44,4,SKU0022,5,2600,0.0,13000.0
2862,804,2024-06-09,44,4,SKU0021,4,3800,0.05,14440.0
2863,804,2024-06-09,44,4,SKU0002,2,4300,0.0,8600.0
2864,805,2026-06-20,10,1,SKU0025,3,8000,0.0,24000.0
2865,805,2026-06-20,10,1,SKU0011,3,5000,0.0,15000.0
2866,805,2026-06-20,10,1,SKU0026,3,6400,0.0,19200.0
2867,805,2026-06-20,10,1,SKU0014,4,6600,0.05,25080.0
2868,805,2026-06-20,10,1,SKU0021,4,4400,0.0,17600.0
2869,806,2024-12-04,44,5,SKU0042,4,10000,0.1,36000.0
2870,806,2024-12-04,44,5,SKU0005,1,7800,0.0,7800.0
2871,807,2025-05-31,37,3,SKU0025,4,7450,0.1,26820.0
2872,807,2025-05-31,37,3,SKU0002,4,4650,0.0,18600.0
2873,807,2025-05-31,37,3,SKU0032,1,3350,0.0,3350.0
2874,808,2024-04-24,17,3,SKU0018,3,4000,0.0,12000.0
2875,808,2024-04-24,17,3,SKU0024,2,2300,0.0,4600.0
2876,809,2026-05-06,15,5,SKU0034,3,3500,0.0,10500.0
2877,809,2026-05-06,15,5,SKU0039,2,15200,0.0,30400.0
2878,809,2026-05-06,15,5,SKU0042,2,11600,0.0,23200.0
2879,809,2026-05-06,15,5,SKU0013,5,5200,0.1,23400.0
2880,809,2026-05-06,15,5,SKU0003,5,2550,0.0,12750.0
2881,809,2026-05-06,15,5,SKU0025,3,8000,0.0,24000.0
2882,810,2024-06-05,34,3,SKU0010,2,8600,0.0,17200.0
2883,810,2024-06-05,34,3,SKU0019,4,2600,0.0,10400.0
2884,810,2024-06-05,34,3,SKU0028,2,2900,0.05,5510.0
2885,810,2024-06-05,34,3,SKU0018,1,4000,0.0,4000.0
2886,811,2025-04-26,6,5,SKU0037,2,16500,0.0,33000.0
2887,812,2025-11-10,36,4,SKU0011,5,4650,0.1,20925.0
2888,812,2025-11-10,36,4,SKU0016,1,4000,0.0,4000.0
2889,812,2025-11-10,36,4,SKU0002,1,4650,0.0,4650.0
2890,812,2025-11-10,36,4,SKU0013,2,4850,0.05,9215.0
2891,813,2026-01-05,8,4,SKU0024,1,2650,0.0,2650.0
2892,813,2026-01-05,8,4,SKU0012,2,2450,0.15,4165.0
2893,813,2026-01-05,8,4,SKU0010,3,10000,0.05,28500.0
2894,813,2026-01-05,8,4,SKU0035,1,17300,0.05,16435.0
2895,813,2026-01-05,8,4,SKU0016,5,4300,0.0,21500.0
2896,814,2026-06-20,26,2,SKU0004,2,10450,0.15,17765.0
2897,814,2026-06-20,26,2,SKU0031,2,3700,0.0,7400.0
2898,815,2025-03-25,39,3,SKU0018,2,4300,0.0,8600.0
2899,815,2025-03-25,39,3,SKU0030,5,3800,0.15,16150.0
2900,815,2025-03-25,39,3,SKU0016,1,4000,0.0,4000.0
2901,815,2025-03-25,39,3,SKU0012,4,2250,0.0,9000.0
2902,815,2025-03-25,39,3,SKU0008,1,4200,0.0,4200.0
2903,816,2026-01-05,30,5,SKU0026,4,6400,0.1,23040.0
2904,816,2026-01-05,30,5,SKU0036,5,23100,0.0,115500.0
2905,816,2026-01-05,30,5,SKU0035,5,17300,0.05,82175.0
2906,816,2026-01-05,30,5,SKU0034,4,3500,0.15,11900.0
2907,817,2024-06-25,17,5,SKU0011,1,4300,0.0,4300.0
2908,817,2024-06-25,17,5,SKU0033,1,3100,0.05,2945.0
2909,817,2024-06-25,17,5,SKU0032,3,3100,0.15,7905.0
2910,817,2024-06-25,17,5,SKU0009,3,3400,0.0,10200.0
2911,818,2025-03-21,39,4,SKU0025,3,7450,0.0,22350.0
2912,818,2025-03-21,39,4,SKU0020,2,2500,0.15,4250.0
2913,818,2025-03-21,39,4,SKU0024,1,2500,0.0,2500.0
2914,818,2025-03-21,39,4,SKU0002,4,4650,0.15,15810.0
2915,819,2024-04-26,41,2,SKU0038,4,8300,0.0,33200.0
2916,819,2024-04-26,41,2,SKU0009,2,3400,0.0,6800.0
2917,819,2024-04-26,41,2,SKU0042,2,10000,0.0,20000.0
2918,819,2024-04-26,41,2,SKU0020,3,2300,0.0,6900.0
2919,820,2025-05-28,26,4,SKU0030,1,3800,0.0,3800.0
2920,820,2025-05-28,26,4,SKU0024,2,2500,0.1,4500.0
2921,820,2025-05-28,26,4,SKU0014,1,6150,0.0,6150.0
2922,820,2025-05-28,26,4,SKU0042,3,10800,0.0,32400.0
2923,820,2025-05-28,26,4,SKU0009,3,3650,0.0,10950.0
2924,820,2025-05-28,26,4,SKU0027,4,9300,0.1,33480.0
2925,821,2025-03-14,28,1,SKU0019,1,2800,0.15,2380.0
2926,821,2025-03-14,28,1,SKU0023,4,13950,0.0,55800.0
2927,821,2025-03-14,28,1,SKU0033,3,3350,0.0,10050.0
2928,821,2025-03-14,28,1,SKU0036,2,21500,0.0,43000.0
2929,821,2025-03-14,28,1,SKU0031,5,3450,0.0,17250.0
2930,822,2026-06-24,1,1,SKU0036,1,23100,0.0,23100.0
2931,822,2026-06-24,1,1,SKU0018,5,4650,0.0,23250.0
2932,823,2024-02-09,41,5,SKU0002,3,4300,0.15,10965.0
2933,823,2024-02-09,41,5,SKU0029,5,6200,0.0,31000.0
2934,823,2024-02-09,41,5,SKU0026,3,5500,0.05,15675.0
2935,824,2025-02-04,21,3,SKU0004,1,9700,0.0,9700.0
2936,824,2025-02-04,21,3,SKU0034,4,3250,0.0,13000.0
2937,824,2025-02-04,21,3,SKU0038,5,8950,0.0,44750.0
2938,825,2025-04-16,43,5,SKU0037,4,16500,0.1,59400.0
2939,825,2025-04-16,43,5,SKU0033,3,3350,0.0,10050.0
2940,825,2025-04-16,43,5,SKU0005,2,8400,0.15,14280.0
2941,825,2025-04-16,43,5,SKU0010,2,9300,0.0,18600.0
2942,825,2025-04-16,43,5,SKU0025,5,7450,0.0,37250.0
2943,825,2025-04-16,43,5,SKU0022,3,2800,0.0,8400.0
2944,826,2026-06-23,15,1,SKU0020,1,2650,0.0,2650.0
2945,827,2026-04-10,13,4,SKU0013,5,5200,0.0,26000.0
2946,827,2026-04-10,13,4,SKU0027,2,10000,0.0,20000.0
2947,827,2026-04-10,13,4,SKU0010,1,10000,0.0,10000.0
2948,827,2026-04-10,13,4,SKU0028,1,3350,0.0,3350.0
2949,827,2026-04-10,13,4,SKU0036,4,23100,0.15,78540.0
2950,828,2024-04-26,5,2,SKU0011,4,4300,0.15,14620.0
2951,828,2024-04-26,5,2,SKU0032,3,3100,0.05,8835.0
2952,828,2024-04-26,5,2,SKU0008,3,3900,0.15,9945.0
2953,828,2024-04-26,5,2,SKU0006,4,2300,0.0,9200.0
2954,829,2025-11-23,37,5,SKU0022,5,2800,0.05,13300.0
2955,829,2025-11-23,37,5,SKU0041,3,9700,0.15,24735.0
2956,829,2025-11-23,37,5,SKU0021,5,4100,0.15,17425.0
2957,829,2025-11-23,37,5,SKU0034,2,3250,0.0,6500.0
2958,829,2025-11-23,37,5,SKU0010,1,9300,0.0,9300.0
2959,830,2025-07-17,31,3,SKU0033,4,3350,0.0,13400.0
2960,830,2025-07-17,31,3,SKU0020,5,2500,0.0,12500.0
2961,830,2025-07-17,31,3,SKU0032,3,3350,0.0,10050.0
2962,831,2026-07-14,10,5,SKU0015,4,5800,0.0,23200.0
2963,831,2026-07-14,10,5,SKU0016,1,4300,0.1,3870.0
2964,832,2025-01-23,35,5,SKU0027,3,9300,0.0,27900.0
2965,832,2025-01-23,35,5,SKU0026,1,5950,0.0,5950.0
2966,832,2025-01-23,35,5,SKU0037,2,16500,0.05,31350.0
2967,833,2025-03-05,31,1,SKU0004,4,9700,0.0,38800.0
2968,833,2025-03-05,31,1,SKU0028,4,3150,0.0,12600.0
2969,833,2025-03-05,31,1,SKU0026,1,5950,0.0,5950.0
2970,834,2024-08-02,24,1,SKU0016,5,3700,0.0,18500.0
2971,834,2024-08-02,24,1,SKU0032,4,3100,0.0,12400.0
2972,834,2024-08-02,24,1,SKU0026,2,5500,0.0,11000.0
2973,835,2024-05-21,16,5,SKU0022,5,2600,0.0,13000.0
2974,835,2024-05-21,16,5,SKU0011,5,4300,0.0,21500.0
2975,836,2026-04-04,6,1,SKU0006,1,2650,0.0,2650.0
2976,837,2025-04-27,35,4,SKU0006,1,2500,0.0,2500.0
2977,837,2025-04-27,35,4,SKU0042,2,10800,0.0,21600.0
2978,837,2025-04-27,35,4,SKU0010,2,9300,0.0,18600.0
2979,837,2025-04-27,35,4,SKU0004,3,9700,0.1,26190.0
2980,838,2025-11-03,44,3,SKU0037,1,16500,0.0,16500.0
2981,838,2025-11-03,44,3,SKU0006,5,2500,0.0,12500.0
2982,838,2025-11-03,44,3,SKU0003,1,2400,0.05,2280.0
2983,838,2025-11-03,44,3,SKU0011,1,4650,0.15,3952.5
2984,838,2025-11-03,44,3,SKU0020,2,2500,0.15,4250.0
2985,838,2025-11-03,44,3,SKU0022,2,2800,0.0,5600.0
2986,839,2025-10-15,32,1,SKU0038,5,8950,0.0,44750.0
2987,839,2025-10-15,32,1,SKU0019,5,2800,0.0,14000.0
2988,839,2025-10-15,32,1,SKU0040,2,5850,0.0,11700.0
2989,840,2025-09-04,30,5,SKU0011,1,4650,0.0,4650.0
2990,840,2025-09-04,30,5,SKU0042,5,10800,0.0,54000.0
2991,840,2025-09-04,30,5,SKU0033,3,3350,0.0,10050.0
2992,841,2024-01-26,26,3,SKU0011,3,4300,0.1,11610.0
2993,841,2024-01-26,26,3,SKU0031,4,3200,0.0,12800.0
2994,841,2024-01-26,26,3,SKU0029,2,6200,0.15,10540.0
2995,841,2024-01-26,26,3,SKU0023,3,12900,0.1,34830.0
2996,841,2024-01-26,26,3,SKU0033,3,3100,0.0,9300.0
2997,841,2024-01-26,26,3,SKU0020,2,2300,0.0,4600.0
2998,842,2026-02-12,10,2,SKU0006,1,2650,0.05,2517.5
2999,843,2024-10-02,8,2,SKU0029,2,6200,0.0,12400.0
3000,844,2024-05-25,47,1,SKU0022,2,2600,0.1,4680.0
3001,844,2024-05-25,47,1,SKU0021,4,3800,0.0,15200.0
3002,844,2024-05-25,47,1,SKU0038,4,8300,0.0,33200.0
3003,845,2025-08-04,42,5,SKU0038,2,8950,0.0,17900.0
3004,845,2025-08-04,42,5,SKU0020,2,2500,0.0,5000.0
3005,845,2025-08-04,42,5,SKU0014,1,6150,0.0,6150.0
3006,845,2025-08-04,42,5,SKU0031,1,3450,0.15,2932.5
3007,845,2025-08-04,42,5,SKU0003,3,2400,0.0,7200.0
3008,845,2025-08-04,42,5,SKU0024,2,2500,0.15,4250.0
3009,846,2024-03-23,32,4,SKU0026,3,5500,0.15,14025.0
3010,846,2024-03-23,32,4,SKU0021,5,3800,0.15,16150.0
3011,846,2024-03-23,32,4,SKU0029,2,6200,0.0,12400.0
3012,846,2024-03-23,32,4,SKU0009,2,3400,0.0,6800.0
3013,846,2024-03-23,32,4,SKU0041,4,9000,0.0,36000.0
3014,846,2024-03-23,32,4,SKU0028,4,2900,0.0,11600.0
3015,847,2026-01-24,10,1,SKU0016,5,4300,0.0,21500.0
3016,847,2026-01-24,10,1,SKU0033,3,3600,0.0,10800.0
3017,848,2024-08-22,47,2,SKU0003,3,2200,0.15,5610.0
3018,848,2024-08-22,47,2,SKU0001,5,3800,0.0,19000.0
3019,848,2024-08-22,47,2,SKU0041,3,9000,0.0,27000.0
3020,848,2024-08-22,47,2,SKU0024,1,2300,0.0,2300.0
3021,849,2024-09-01,50,5,SKU0014,3,5700,0.1,15390.0
3022,849,2024-09-01,50,5,SKU0010,5,8600,0.0,43000.0
3023,850,2026-04-22,34,4,SKU0038,4,9650,0.1,34740.0
3024,850,2026-04-22,34,4,SKU0040,5,6250,0.05,29687.5
3025,850,2026-04-22,34,4,SKU0013,3,5200,0.05,14820.0
3026,850,2026-04-22,34,4,SKU0028,4,3350,0.0,13400.0
3027,850,2026-04-22,34,4,SKU0003,3,2550,0.0,7650.0
3028,851,2024-12-25,2,4,SKU0041,5,9000,0.05,42750.0
3029,851,2024-12-25,2,4,SKU0005,2,7800,0.0,15600.0
3030,851,2024-12-25,2,4,SKU0031,5,3200,0.0,16000.0
3031,851,2024-12-25,2,4,SKU0027,4,8600,0.0,34400.0
3032,851,2024-12-25,2,4,SKU0030,3,3500,0.1,9450.0
3033,852,2024-06-18,3,2,SKU0038,2,8300,0.0,16600.0
3034,852,2024-06-18,3,2,SKU0017,2,13000,0.15,22100.0
3035,852,2024-06-18,3,2,SKU0026,4,5500,0.0,22000.0
3036,852,2024-06-18,3,2,SKU0041,4,9000,0.0,36000.0
3037,852,2024-06-18,3,2,SKU0001,4,3800,0.0,15200.0
3038,852,2024-06-18,3,2,SKU0034,1,3000,0.15,2550.0
3039,853,2026-05-16,18,5,SKU0027,5,10000,0.1,45000.0
3040,853,2026-05-16,18,5,SKU0002,1,5000,0.0,5000.0
3041,853,2026-05-16,18,5,SKU0033,5,3600,0.0,18000.0
3042,853,2026-05-16,18,5,SKU0041,5,10450,0.1,47025.0
3043,853,2026-05-16,18,5,SKU0020,5,2650,0.0,13250.0
3044,854,2024-01-04,50,1,SKU0025,3,6900,0.0,20700.0
3045,854,2024-01-04,50,1,SKU0036,5,19900,0.1,89550.0
3046,855,2026-04-13,13,1,SKU0028,1,3350,0.0,3350.0
3047,855,2026-04-13,13,1,SKU0006,3,2650,0.0,7950.0
3048,855,2026-04-13,13,1,SKU0022,3,3000,0.1,8100.0
3049,855,2026-04-13,13,1,SKU0016,3,4300,0.0,12900.0
3050,855,2026-04-13,13,1,SKU0031,2,3700,0.0,7400.0
3051,855,2026-04-13,13,1,SKU0002,2,5000,0.1,9000.0
3052,856,2024-06-14,11,3,SKU0019,3,2600,0.05,7410.0
3053,857,2024-05-30,45,5,SKU0005,1,7800,0.15,6630.0
3054,857,2024-05-30,45,5,SKU0042,3,10000,0.0,30000.0
3055,857,2024-05-30,45,5,SKU0010,1,8600,0.15,7310.0
3056,857,2024-05-30,45,5,SKU0008,4,3900,0.0,15600.0
3057,857,2024-05-30,45,5,SKU0001,1,3800,0.05,3610.0
3058,857,2024-05-30,45,5,SKU0016,5,3700,0.0,18500.0
3059,858,2024-10-10,33,1,SKU0040,1,5400,0.0,5400.0
3060,858,2024-10-10,33,1,SKU0018,2,4000,0.0,8000.0
3061,858,2024-10-10,33,1,SKU0006,2,2300,0.05,4370.0
3062,858,2024-10-10,33,1,SKU0023,3,12900,0.1,34830.0
3063,859,2024-07-17,2,5,SKU0005,2,7800,0.0,15600.0
3064,860,2025-11-02,22,2,SKU0035,1,16100,0.0,16100.0
3065,860,2025-11-02,22,2,SKU0013,4,4850,0.15,16490.0
3066,860,2025-11-02,22,2,SKU0031,4,3450,0.0,13800.0
3067,860,2025-11-02,22,2,SKU0041,5,9700,0.15,41225.0
3068,860,2025-11-02,22,2,SKU0023,4,13950,0.0,55800.0
3069,861,2024-01-31,11,2,SKU0041,4,9000,0.05,34200.0
3070,861,2024-01-31,11,2,SKU0031,4,3200,0.0,12800.0
3071,861,2024-01-31,11,2,SKU0038,3,8300,0.1,22410.0
3072,861,2024-01-31,11,2,SKU0005,3,7800,0.0,23400.0
3073,861,2024-01-31,11,2,SKU0015,1,5000,0.0,5000.0
3074,862,2024-01-18,29,2,SKU0037,3,15300,0.0,45900.0
3075,863,2026-02-15,43,3,SKU0022,2,3000,0.15,5100.0
3076,863,2026-02-15,43,3,SKU0027,1,10000,0.05,9500.0
3077,863,2026-02-15,43,3,SKU0001,5,4400,0.05,20900.0
3078,863,2026-02-15,43,3,SKU0021,1,4400,0.05,4180.0
3079,863,2026-02-15,43,3,SKU0030,2,4050,0.0,8100.0
3080,863,2026-02-15,43,3,SKU0006,4,2650,0.05,10070.0
3081,864,2024-09-26,36,3,SKU0040,1,5400,0.15,4590.0
3082,865,2024-12-21,41,3,SKU0020,4,2300,0.0,9200.0
3083,865,2024-12-21,41,3,SKU0035,1,14900,0.15,12665.0
3084,866,2024-07-16,7,1,SKU0009,2,3400,0.0,6800.0
3085,866,2024-07-16,7,1,SKU0017,3,13000,0.15,33150.0
3086,866,2024-07-16,7,1,SKU0025,4,6900,0.0,27600.0
3087,867,2024-03-04,34,3,SKU0032,3,3100,0.1,8370.0
3088,868,2026-01-04,20,4,SKU0002,3,5000,0.0,15000.0
3089,869,2025-06-30,12,1,SKU0034,5,3250,0.15,13812.5
3090,869,2025-06-30,12,1,SKU0039,1,14150,0.0,14150.0
3091,870,2026-01-07,8,1,SKU0022,2,3000,0.05,5700.0
3092,870,2026-01-07,8,1,SKU0021,2,4400,0.05,8360.0
3093,870,2026-01-07,8,1,SKU0008,1,4500,0.0,4500.0
3094,871,2025-05-17,4,3,SKU0036,5,21500,0.05,102125.0
3095,871,2025-05-17,4,3,SKU0035,5,16100,0.0,80500.0
3096,871,2025-05-17,4,3,SKU0006,5,2500,0.1,11250.0
3097,872,2026-02-04,20,1,SKU0003,3,2550,0.0,7650.0
3098,872,2026-02-04,20,1,SKU0020,1,2650,0.0,2650.0
3099,872,2026-02-04,20,1,SKU0027,1,10000,0.0,10000.0
3100,872,2026-02-04,20,1,SKU0006,5,2650,0.0,13250.0
3101,873,2025-06-19,7,4,SKU0031,3,3450,0.0,10350.0
3102,874,2024-05-07,35,1,SKU0011,2,4300,0.0,8600.0
3103,874,2024-05-07,35,1,SKU0038,3,8300,0.0,24900.0
3104,874,2024-05-07,35,1,SKU0036,2,19900,0.1,35820.0
3105,875,2025-06-10,37,1,SKU0002,2,4650,0.0,9300.0
3106,875,2025-06-10,37,1,SKU0031,1,3450,0.1,3105.0
3107,875,2025-06-10,37,1,SKU0014,5,6150,0.0,30750.0
3108,875,2025-06-10,37,1,SKU0009,5,3650,0.15,15512.5
3109,875,2025-06-10,37,1,SKU0011,2,4650,0.0,9300.0
3110,875,2025-06-10,37,1,SKU0033,5,3350,0.0,16750.0
3111,876,2026-06-19,4,4,SKU0040,2,6250,0.15,10625.0
3112,876,2026-06-19,4,4,SKU0025,5,8000,0.0,40000.0
3113,877,2024-02-22,23,2,SKU0038,2,8300,0.05,15770.0
3114,877,2024-02-22,23,2,SKU0027,1,8600,0.1,7740.0
3115,877,2024-02-22,23,2,SKU0019,4,2600,0.0,10400.0
3116,877,2024-02-22,23,2,SKU0018,5,4000,0.0,20000.0
3117,878,2026-02-09,1,1,SKU0038,5,9650,0.0,48250.0
3118,878,2026-02-09,1,1,SKU0013,5,5200,0.0,26000.0
3119,878,2026-02-09,1,1,SKU0017,2,15100,0.0,30200.0
3120,878,2026-02-09,1,1,SKU0009,1,3950,0.0,3950.0
3121,879,2026-04-20,16,1,SKU0005,5,9050,0.0,45250.0
3122,879,2026-04-20,16,1,SKU0026,2,6400,0.1,11520.0
3123,879,2026-04-20,16,1,SKU0009,1,3950,0.15,3357.5
3124,879,2026-04-20,16,1,SKU0014,1,6600,0.0,6600.0
3125,879,2026-04-20,16,1,SKU0018,1,4650,0.0,4650.0
3126,879,2026-04-20,16,1,SKU0008,2,4500,0.0,9000.0
3127,880,2025-06-26,10,2,SKU0042,5,10800,0.1,48600.0
3128,880,2025-06-26,10,2,SKU0008,3,4200,0.0,12600.0
3129,880,2025-06-26,10,2,SKU0024,2,2500,0.15,4250.0
3130,880,2025-06-26,10,2,SKU0021,2,4100,0.0,8200.0
3131,880,2025-06-26,10,2,SKU0027,4,9300,0.0,37200.0
3132,880,2025-06-26,10,2,SKU0025,2,7450,0.15,12665.0
3133,881,2025-04-30,43,2,SKU0032,3,3350,0.0,10050.0
3134,881,2025-04-30,43,2,SKU0018,4,4300,0.0,17200.0
3135,881,2025-04-30,43,2,SKU0028,2,3150,0.0,6300.0
3136,881,2025-04-30,43,2,SKU0004,1,9700,0.1,8730.0
3137,882,2026-07-04,30,5,SKU0014,3,6600,0.0,19800.0
3138,882,2026-07-04,30,5,SKU0027,3,10000,0.0,30000.0
3139,882,2026-07-04,30,5,SKU0008,2,4500,0.0,9000.0
3140,883,2024-03-14,50,1,SKU0034,3,3000,0.0,9000.0
3141,883,2024-03-14,50,1,SKU0005,2,7800,0.0,15600.0
3142,883,2024-03-14,50,1,SKU0038,2,8300,0.1,14940.0
3143,883,2024-03-14,50,1,SKU0030,3,3500,0.15,8925.0
3144,884,2025-05-19,31,4,SKU0011,4,4650,0.0,18600.0
3145,884,2025-05-19,31,4,SKU0031,1,3450,0.15,2932.5
3146,884,2025-05-19,31,4,SKU0015,2,5400,0.1,9720.0
3147,885,2025-03-08,32,4,SKU0036,2,21500,0.0,43000.0
3148,885,2025-03-08,32,4,SKU0033,3,3350,0.1,9045.0
3149,886,2025-11-23,24,5,SKU0007,3,5400,0.1,14580.0
3150,886,2025-11-23,24,5,SKU0018,4,4300,0.0,17200.0
3151,886,2025-11-23,24,5,SKU0034,1,3250,0.05,3087.5
3152,887,2025-05-29,7,2,SKU0017,5,14050,0.05,66737.5
3153,887,2025-05-29,7,2,SKU0016,5,4000,0.0,20000.0
3154,887,2025-05-29,7,2,SKU0036,4,21500,0.05,81700.0
3155,888,2026-05-23,1,2,SKU0021,5,4400,0.0,22000.0
3156,889,2024-03-28,37,3,SKU0031,2,3200,0.0,6400.0
3157,890,2024-04-05,7,3,SKU0028,5,2900,0.05,13775.0
3158,890,2024-04-05,7,3,SKU0017,5,13000,0.0,65000.0
3159,890,2024-04-05,7,3,SKU0018,1,4000,0.0,4000.0
3160,890,2024-04-05,7,3,SKU0038,4,8300,0.05,31540.0
3161,890,2024-04-05,7,3,SKU0013,2,4500,0.0,9000.0
3162,890,2024-04-05,7,3,SKU0026,3,5500,0.0,16500.0
3163,891,2025-09-14,22,3,SKU0016,2,4000,0.0,8000.0
3164,891,2025-09-14,22,3,SKU0035,5,16100,0.0,80500.0
3165,891,2025-09-14,22,3,SKU0022,1,2800,0.0,2800.0
3166,891,2025-09-14,22,3,SKU0032,5,3350,0.0,16750.0
3167,892,2024-03-19,15,4,SKU0014,4,5700,0.0,22800.0
3168,893,2024-11-05,35,1,SKU0036,4,19900,0.1,71640.0
3169,894,2025-10-07,9,2,SKU0014,1,6150,0.05,5842.5
3170,894,2025-10-07,9,2,SKU0042,4,10800,0.0,43200.0
3171,894,2025-10-07,9,2,SKU0024,3,2500,0.1,6750.0
3172,894,2025-10-07,9,2,SKU0007,5,5400,0.0,27000.0
3173,894,2025-10-07,9,2,SKU0003,2,2400,0.0,4800.0
3174,894,2025-10-07,9,2,SKU0017,3,14050,0.0,42150.0
3175,895,2025-07-20,40,1,SKU0017,5,14050,0.05,66737.5
3176,896,2024-12-22,48,2,SKU0031,3,3200,0.05,9120.0
3177,897,2026-07-27,11,1,SKU0014,1,6600,0.05,6270.0
3178,897,2026-07-27,11,1,SKU0027,5,10000,0.0,50000.0
3179,897,2026-07-27,11,1,SKU0022,5,3000,0.0,15000.0
3180,897,2026-07-27,11,1,SKU0007,1,5800,0.0,5800.0
3181,898,2025-07-04,45,3,SKU0029,1,6700,0.1,6030.0
3182,898,2025-07-04,45,3,SKU0036,1,21500,0.1,19350.0
3183,898,2025-07-04,45,3,SKU0011,5,4650,0.0,23250.0
3184,899,2025-04-26,43,3,SKU0012,2,2250,0.1,4050.0
3185,899,2025-04-26,43,3,SKU0011,1,4650,0.1,4185.0
3186,900,2025-09-12,12,2,SKU0013,3,4850,0.0,14550.0
3187,900,2025-09-12,12,2,SKU0009,1,3650,0.1,3285.0
3188,901,2024-04-26,29,2,SKU0009,3,3400,0.15,8670.0
3189,901,2024-04-26,29,2,SKU0003,4,2200,0.0,8800.0
3190,901,2024-04-26,29,2,SKU0008,1,3900,0.15,3315.0
3191,901,2024-04-26,29,2,SKU0014,2,5700,0.0,11400.0
3192,901,2024-04-26,29,2,SKU0024,4,2300,0.0,9200.0
3193,902,2025-12-06,11,3,SKU0035,2,16100,0.1,28980.0
3194,903,2026-04-08,27,1,SKU0011,2,5000,0.0,10000.0
3195,904,2025-10-24,10,4,SKU0028,2,3150,0.1,5670.0
3196,905,2026-01-27,11,3,SKU0034,4,3500,0.0,14000.0
3197,905,2026-01-27,11,3,SKU0036,5,23100,0.05,109725.0
3198,905,2026-01-27,11,3,SKU0042,5,11600,0.0,58000.0
3199,905,2026-01-27,11,3,SKU0038,4,9650,0.0,38600.0
3200,905,2026-01-27,11,3,SKU0039,2,15200,0.05,28880.0
3201,905,2026-01-27,11,3,SKU0022,4,3000,0.0,12000.0
3202,906,2025-12-19,21,3,SKU0014,4,6150,0.15,20910.0
3203,906,2025-12-19,21,3,SKU0002,5,4650,0.0,23250.0
3204,906,2025-12-19,21,3,SKU0013,1,4850,0.15,4122.5
3205,906,2025-12-19,21,3,SKU0026,5,5950,0.0,29750.0
3206,906,2025-12-19,21,3,SKU0019,2,2800,0.0,5600.0
3207,907,2024-08-31,15,5,SKU0036,4,19900,0.0,79600.0
3208,908,2025-04-24,42,5,SKU0009,2,3650,0.0,7300.0
3209,908,2025-04-24,42,5,SKU0004,1,9700,0.05,9215.0
3210,908,2025-04-24,42,5,SKU0034,5,3250,0.05,15437.5
3211,908,2025-04-24,42,5,SKU0012,1,2250,0.0,2250.0
3212,908,2025-04-24,42,5,SKU0035,5,16100,0.05,76475.0
3213,908,2025-04-24,42,5,SKU0015,1,5400,0.0,5400.0
3214,909,2024-09-15,34,5,SKU0017,3,13000,0.0,39000.0
3215,910,2025-01-04,36,2,SKU0003,4,2400,0.15,8160.0
3216,910,2025-01-04,36,2,SKU0028,2,3150,0.0,6300.0
3217,911,2025-04-26,15,1,SKU0010,5,9300,0.0,46500.0
3218,911,2025-04-26,15,1,SKU0040,3,5850,0.0,17550.0
3219,911,2025-04-26,15,1,SKU0029,2,6700,0.1,12060.0
3220,911,2025-04-26,15,1,SKU0005,3,8400,0.15,21420.0
3221,911,2025-04-26,15,1,SKU0028,3,3150,0.0,9450.0
3222,912,2025-03-22,3,1,SKU0002,1,4650,0.0,4650.0
3223,913,2024-04-22,21,2,SKU0041,1,9000,0.0,9000.0
3224,913,2024-04-22,21,2,SKU0038,5,8300,0.1,37350.0
3225,913,2024-04-22,21,2,SKU0006,3,2300,0.0,6900.0
3226,913,2024-04-22,21,2,SKU0040,5,5400,0.0,27000.0
3227,913,2024-04-22,21,2,SKU0013,2,4500,0.0,9000.0
3228,913,2024-04-22,21,2,SKU0031,3,3200,0.0,9600.0
3229,914,2025-04-01,44,1,SKU0042,5,10800,0.15,45900.0
3230,914,2025-04-01,44,1,SKU0019,2,2800,0.05,5320.0
3231,914,2025-04-01,44,1,SKU0017,5,14050,0.05,66737.5
3232,914,2025-04-01,44,1,SKU0011,4,4650,0.0,18600.0
3233,914,2025-04-01,44,1,SKU0006,4,2500,0.05,9500.0
3234,915,2025-11-05,50,1,SKU0012,5,2250,0.05,10687.5
3235,915,2025-11-05,50,1,SKU0019,1,2800,0.0,2800.0
3236,916,2025-02-08,25,4,SKU0033,4,3350,0.0,13400.0
3237,917,2024-06-23,2,1,SKU0004,3,9000,0.1,24300.0
3238,917,2024-06-23,2,1,SKU0001,3,3800,0.0,11400.0
3239,917,2024-06-23,2,1,SKU0017,3,13000,0.1,35100.0
3240,917,2024-06-23,2,1,SKU0016,5,3700,0.0,18500.0
3241,917,2024-06-23,2,1,SKU0025,5,6900,0.0,34500.0
3242,918,2026-06-02,26,4,SKU0008,5,4500,0.0,22500.0
3243,918,2026-06-02,26,4,SKU0016,3,4300,0.0,12900.0
3244,918,2026-06-02,26,4,SKU0027,1,10000,0.0,10000.0
3245,918,2026-06-02,26,4,SKU0010,3,10000,0.15,25500.0
3246,918,2026-06-02,26,4,SKU0018,2,4650,0.15,7905.0
3247,919,2024-03-21,37,4,SKU0003,2,2200,0.0,4400.0
3248,919,2024-03-21,37,4,SKU0036,4,19900,0.05,75620.0
3249,919,2024-03-21,37,4,SKU0042,5,10000,0.05,47500.0
3250,919,2024-03-21,37,4,SKU0031,4,3200,0.05,12160.0
3251,919,2024-03-21,37,4,SKU0004,3,9000,0.15,22950.0
3252,919,2024-03-21,37,4,SKU0027,1,8600,0.15,7310.0
3253,920,2026-03-22,40,5,SKU0009,1,3950,0.0,3950.0
3254,920,2026-03-22,40,5,SKU0005,1,9050,0.0,9050.0
3255,921,2024-04-19,26,3,SKU0008,3,3900,0.15,9945.0
3256,921,2024-04-19,26,3,SKU0036,2,19900,0.05,37810.0
3257,921,2024-04-19,26,3,SKU0034,4,3000,0.0,12000.0
3258,921,2024-04-19,26,3,SKU0001,2,3800,0.05,7220.0
3259,921,2024-04-19,26,3,SKU0017,2,13000,0.0,26000.0
3260,922,2024-04-23,46,2,SKU0042,2,10000,0.1,18000.0
3261,922,2024-04-23,46,2,SKU0005,1,7800,0.0,7800.0
3262,922,2024-04-23,46,2,SKU0026,4,5500,0.05,20900.0
3263,922,2024-04-23,46,2,SKU0018,3,4000,0.1,10800.0
3264,922,2024-04-23,46,2,SKU0016,2,3700,0.05,7030.0
3265,923,2026-01-02,37,3,SKU0020,4,2650,0.15,9010.0
3266,923,2026-01-02,37,3,SKU0011,2,5000,0.0,10000.0
3267,923,2026-01-02,37,3,SKU0002,5,5000,0.0,25000.0
3268,923,2026-01-02,37,3,SKU0016,2,4300,0.0,8600.0
3269,924,2026-03-06,20,3,SKU0030,1,4050,0.15,3442.5
3270,925,2025-07-28,25,3,SKU0025,2,7450,0.0,14900.0
3271,925,2025-07-28,25,3,SKU0011,2,4650,0.1,8370.0
3272,925,2025-07-28,25,3,SKU0023,3,13950,0.0,41850.0
3273,925,2025-07-28,25,3,SKU0024,5,2500,0.1,11250.0
3274,925,2025-07-28,25,3,SKU0019,2,2800,0.0,5600.0
3275,925,2025-07-28,25,3,SKU0003,2,2400,0.15,4080.0
3276,926,2025-08-25,47,1,SKU0006,3,2500,0.05,7125.0
3277,926,2025-08-25,47,1,SKU0031,5,3450,0.15,14662.5
3278,926,2025-08-25,47,1,SKU0025,5,7450,0.05,35387.5
3279,926,2025-08-25,47,1,SKU0020,1,2500,0.15,2125.0
3280,926,2025-08-25,47,1,SKU0027,2,9300,0.1,16740.0
3281,926,2025-08-25,47,1,SKU0018,1,4300,0.0,4300.0
3282,927,2025-08-01,16,5,SKU0033,4,3350,0.05,12730.0
3283,927,2025-08-01,16,5,SKU0034,1,3250,0.1,2925.0
3284,927,2025-08-01,16,5,SKU0012,3,2250,0.0,6750.0
3285,927,2025-08-01,16,5,SKU0018,3,4300,0.1,11610.0
3286,927,2025-08-01,16,5,SKU0022,1,2800,0.15,2380.0
3287,927,2025-08-01,16,5,SKU0009,3,3650,0.0,10950.0
3288,928,2024-12-26,14,2,SKU0023,5,12900,0.0,64500.0
3289,928,2024-12-26,14,2,SKU0013,5,4500,0.0,22500.0
3290,929,2024-05-21,46,1,SKU0015,1,5000,0.1,4500.0
3291,929,2024-05-21,46,1,SKU0010,5,8600,0.0,43000.0
3292,929,2024-05-21,46,1,SKU0007,5,5000,0.0,25000.0
3293,929,2024-05-21,46,1,SKU0006,1,2300,0.05,2185.0
3294,930,2025-01-18,4,5,SKU0016,1,4000,0.1,3600.0
3295,930,2025-01-18,4,5,SKU0038,2,8950,0.0,17900.0
3296,931,2025-11-05,14,2,SKU0042,4,10800,0.15,36720.0
3297,931,2025-11-05,14,2,SKU0021,1,4100,0.1,3690.0
3298,931,2025-11-05,14,2,SKU0015,1,5400,0.0,5400.0
3299,931,2025-11-05,14,2,SKU0003,5,2400,0.15,10200.0
3300,932,2026-01-11,33,4,SKU0025,5,8000,0.15,34000.0
3301,932,2026-01-11,33,4,SKU0007,4,5800,0.15,19720.0
3302,932,2026-01-11,33,4,SKU0030,5,4050,0.1,18225.0
3303,933,2026-04-20,34,1,SKU0012,2,2450,0.15,4165.0
3304,934,2025-12-20,2,1,SKU0007,2,5400,0.15,9180.0
3305,934,2025-12-20,2,1,SKU0022,5,2800,0.05,13300.0
3306,934,2025-12-20,2,1,SKU0027,1,9300,0.0,9300.0
3307,934,2025-12-20,2,1,SKU0008,4,4200,0.0,16800.0
3308,934,2025-12-20,2,1,SKU0036,4,21500,0.1,77400.0
3309,935,2026-07-07,45,4,SKU0019,4,3000,0.0,12000.0
3310,935,2026-07-07,45,4,SKU0039,5,15200,0.1,68400.0
3311,935,2026-07-07,45,4,SKU0008,2,4500,0.0,9000.0
3312,936,2025-09-07,24,5,SKU0009,3,3650,0.05,10402.5
3313,936,2025-09-07,24,5,SKU0004,1,9700,0.15,8245.0
3314,936,2025-09-07,24,5,SKU0005,1,8400,0.15,7140.0
3315,937,2025-01-16,34,5,SKU0007,2,5400,0.0,10800.0
3316,937,2025-01-16,34,5,SKU0035,4,16100,0.05,61180.0
3317,937,2025-01-16,34,5,SKU0019,4,2800,0.0,11200.0
3318,938,2025-08-17,2,5,SKU0027,2,9300,0.15,15810.0
3319,938,2025-08-17,2,5,SKU0013,2,4850,0.0,9700.0
3320,939,2024-08-28,39,5,SKU0010,3,8600,0.0,25800.0
3321,939,2024-08-28,39,5,SKU0005,4,7800,0.0,31200.0
3322,939,2024-08-28,39,5,SKU0016,1,3700,0.0,3700.0
3323,939,2024-08-28,39,5,SKU0029,1,6200,0.1,5580.0
3324,939,2024-08-28,39,5,SKU0018,3,4000,0.0,12000.0
3325,940,2025-10-29,34,5,SKU0003,3,2400,0.0,7200.0
3326,940,2025-10-29,34,5,SKU0024,4,2500,0.0,10000.0
3327,940,2025-10-29,34,5,SKU0041,4,9700,0.0,38800.0
3328,940,2025-10-29,34,5,SKU0002,1,4650,0.05,4417.5
3329,941,2024-09-10,45,1,SKU0009,4,3400,0.15,11560.0
3330,942,2024-05-06,2,1,SKU0004,2,9000,0.0,18000.0
3331,942,2024-05-06,2,1,SKU0034,4,3000,0.0,12000.0
3332,943,2026-04-02,39,1,SKU0025,2,8000,0.1,14400.0
3333,944,2025-02-01,30,1,SKU0014,2,6150,0.0,12300.0
3334,944,2025-02-01,30,1,SKU0007,3,5400,0.0,16200.0
3335,944,2025-02-01,30,1,SKU0012,1,2250,0.15,1912.5
3336,945,2026-01-22,28,5,SKU0012,4,2450,0.0,9800.0
3337,945,2026-01-22,28,5,SKU0028,5,3350,0.1,15075.0
3338,945,2026-01-22,28,5,SKU0037,2,17750,0.05,33725.0
3339,945,2026-01-22,28,5,SKU0007,2,5800,0.05,11020.0
3340,945,2026-01-22,28,5,SKU0032,3,3600,0.0,10800.0
3341,946,2025-08-13,48,1,SKU0016,3,4000,0.05,11400.0
3342,947,2026-03-02,1,5,SKU0013,4,5200,0.15,17680.0
3343,947,2026-03-02,1,5,SKU0022,5,3000,0.1,13500.0
3344,947,2026-03-02,1,5,SKU0020,5,2650,0.0,13250.0
3345,947,2026-03-02,1,5,SKU0016,4,4300,0.0,17200.0
3346,948,2026-04-02,14,2,SKU0024,4,2650,0.1,9540.0
3347,948,2026-04-02,14,2,SKU0040,1,6250,0.05,5937.5
3348,948,2026-04-02,14,2,SKU0008,1,4500,0.05,4275.0
3349,948,2026-04-02,14,2,SKU0004,3,10450,0.05,29782.5
3350,948,2026-04-02,14,2,SKU0007,5,5800,0.1,26100.0
3351,948,2026-04-02,14,2,SKU0042,1,11600,0.15,9860.0
3352,949,2026-07-12,19,3,SKU0012,2,2450,0.0,4900.0
3353,949,2026-07-12,19,3,SKU0002,5,5000,0.1,22500.0
3354,949,2026-07-12,19,3,SKU0029,5,7200,0.05,34200.0
3355,949,2026-07-12,19,3,SKU0017,4,15100,0.15,51340.0
3356,949,2026-07-12,19,3,SKU0038,5,9650,0.05,45837.5
3357,950,2026-03-11,25,3,SKU0042,3,11600,0.0,34800.0
3358,950,2026-03-11,25,3,SKU0039,5,15200,0.15,64600.0
3359,950,2026-03-11,25,3,SKU0030,3,4050,0.05,11542.5
3360,950,2026-03-11,25,3,SKU0006,4,2650,0.1,9540.0
3361,950,2026-03-11,25,3,SKU0034,5,3500,0.0,17500.0
3362,951,2025-09-19,10,3,SKU0007,5,5400,0.05,25650.0
3363,951,2025-09-19,10,3,SKU0019,2,2800,0.0,5600.0
3364,951,2025-09-19,10,3,SKU0002,2,4650,0.0,9300.0
3365,951,2025-09-19,10,3,SKU0033,2,3350,0.15,5695.0
3366,951,2025-09-19,10,3,SKU0020,2,2500,0.0,5000.0
3367,952,2025-10-16,50,2,SKU0026,4,5950,0.05,22610.0
3368,952,2025-10-16,50,2,SKU0037,1,16500,0.05,15675.0
3369,952,2025-10-16,50,2,SKU0036,4,21500,0.0,86000.0
3370,952,2025-10-16,50,2,SKU0004,4,9700,0.1,34920.0
3371,953,2024-02-01,8,4,SKU0002,2,4300,0.0,8600.0
3372,953,2024-02-01,8,4,SKU0042,5,10000,0.1,45000.0
3373,953,2024-02-01,8,4,SKU0029,2,6200,0.05,11780.0
3374,953,2024-02-01,8,4,SKU0012,5,2100,0.0,10500.0
3375,954,2026-06-07,21,5,SKU0042,2,11600,0.1,20880.0
3376,954,2026-06-07,21,5,SKU0016,5,4300,0.15,18275.0
3377,954,2026-06-07,21,5,SKU0034,1,3500,0.15,2975.0
3378,955,2026-03-20,19,1,SKU0027,5,10000,0.05,47500.0
3379,955,2026-03-20,19,1,SKU0008,4,4500,0.0,18000.0
3380,955,2026-03-20,19,1,SKU0010,1,10000,0.05,9500.0
3381,956,2024-10-28,10,4,SKU0023,1,12900,0.15,10965.0
3382,956,2024-10-28,10,4,SKU0035,5,14900,0.0,74500.0
3383,956,2024-10-28,10,4,SKU0010,5,8600,0.0,43000.0
3384,956,2024-10-28,10,4,SKU0028,3,2900,0.0,8700.0
3385,956,2024-10-28,10,4,SKU0018,1,4000,0.15,3400.0
3386,957,2024-07-23,14,1,SKU0031,5,3200,0.0,16000.0
3387,957,2024-07-23,14,1,SKU0028,5,2900,0.0,14500.0
3388,957,2024-07-23,14,1,SKU0007,1,5000,0.0,5000.0
3389,957,2024-07-23,14,1,SKU0010,2,8600,0.15,14620.0
3390,957,2024-07-23,14,1,SKU0013,3,4500,0.0,13500.0
3391,958,2025-12-06,35,2,SKU0038,5,8950,0.0,44750.0
3392,958,2025-12-06,35,2,SKU0020,1,2500,0.15,2125.0
3393,959,2024-12-08,2,2,SKU0015,5,5000,0.0,25000.0
3394,959,2024-12-08,2,2,SKU0001,4,3800,0.0,15200.0
3395,959,2024-12-08,2,2,SKU0033,1,3100,0.0,3100.0
3396,959,2024-12-08,2,2,SKU0028,4,2900,0.05,11020.0
3397,960,2025-01-05,13,1,SKU0013,5,4850,0.0,24250.0
3398,961,2024-01-08,2,1,SKU0025,5,6900,0.0,34500.0
3399,962,2026-04-22,40,3,SKU0019,5,3000,0.0,15000.0
3400,963,2025-08-06,48,3,SKU0030,4,3800,0.15,12920.0
3401,964,2025-03-07,12,5,SKU0038,4,8950,0.1,32220.0
3402,964,2025-03-07,12,5,SKU0029,2,6700,0.0,13400.0
3403,965,2024-06-11,47,3,SKU0041,3,9000,0.0,27000.0
3404,965,2024-06-11,47,3,SKU0018,4,4000,0.0,16000.0
3405,966,2025-10-08,29,5,SKU0026,4,5950,0.0,23800.0
3406,966,2025-10-08,29,5,SKU0011,4,4650,0.15,15810.0
3407,966,2025-10-08,29,5,SKU0004,4,9700,0.1,34920.0
3408,967,2024-02-06,9,5,SKU0023,5,12900,0.15,54825.0
3409,967,2024-02-06,9,5,SKU0002,1,4300,0.1,3870.0
3410,968,2026-01-08,32,4,SKU0004,1,10450,0.15,8882.5
3411,968,2026-01-08,32,4,SKU0011,3,5000,0.0,15000.0
3412,968,2026-01-08,32,4,SKU0037,4,17750,0.05,67450.0
3413,968,2026-01-08,32,4,SKU0039,5,15200,0.0,76000.0
3414,969,2024-08-31,5,2,SKU0013,2,4500,0.0,9000.0
3415,969,2024-08-31,5,2,SKU0030,2,3500,0.0,7000.0
3416,970,2025-03-25,23,2,SKU0023,1,13950,0.0,13950.0
3417,970,2025-03-25,23,2,SKU0026,5,5950,0.0,29750.0
3418,971,2025-01-06,30,1,SKU0011,1,4650,0.05,4417.5
3419,971,2025-01-06,30,1,SKU0007,2,5400,0.0,10800.0
3420,972,2025-02-04,25,1,SKU0028,5,3150,0.1,14175.0
3421,972,2025-02-04,25,1,SKU0016,3,4000,0.0,12000.0
3422,973,2025-12-20,30,4,SKU0037,2,16500,0.0,33000.0
3423,973,2025-12-20,30,4,SKU0023,1,13950,0.1,12555.0
3424,973,2025-12-20,30,4,SKU0025,5,7450,0.0,37250.0
3425,973,2025-12-20,30,4,SKU0008,3,4200,0.0,12600.0
3426,973,2025-12-20,30,4,SKU0013,5,4850,0.0,24250.0
3427,974,2026-02-03,47,2,SKU0021,5,4400,0.0,22000.0
3428,974,2026-02-03,47,2,SKU0004,1,10450,0.0,10450.0
3429,974,2026-02-03,47,2,SKU0010,3,10000,0.0,30000.0
3430,974,2026-02-03,47,2,SKU0026,1,6400,0.0,6400.0
3431,974,2026-02-03,47,2,SKU0019,4,3000,0.0,12000.0
3432,975,2025-08-07,44,3,SKU0026,4,5950,0.05,22610.0
3433,976,2024-04-10,7,2,SKU0032,1,3100,0.0,3100.0
3434,976,2024-04-10,7,2,SKU0033,2,3100,0.1,5580.0
3435,976,2024-04-10,7,2,SKU0011,1,4300,0.0,4300.0
3436,976,2024-04-10,7,2,SKU0012,5,2100,0.05,9975.0
3437,977,2024-03-05,12,1,SKU0013,5,4500,0.0,22500.0
3438,977,2024-03-05,12,1,SKU0017,4,13000,0.15,44200.0
3439,977,2024-03-05,12,1,SKU0034,5,3000,0.0,15000.0
3440,977,2024-03-05,12,1,SKU0027,2,8600,0.15,14620.0
3441,977,2024-03-05,12,1,SKU0011,4,4300,0.15,14620.0
3442,977,2024-03-05,12,1,SKU0037,2,15300,0.15,26010.0
3443,978,2024-06-28,35,2,SKU0033,2,3100,0.05,5890.0
3444,979,2025-09-23,44,3,SKU0002,4,4650,0.1,16740.0
3445,979,2025-09-23,44,3,SKU0022,1,2800,0.0,2800.0
3446,979,2025-09-23,44,3,SKU0015,5,5400,0.05,25650.0
3447,979,2025-09-23,44,3,SKU0037,4,16500,0.0,66000.0
3448,980,2025-11-13,44,1,SKU0031,2,3450,0.0,6900.0
3449,980,2025-11-13,44,1,SKU0004,5,9700,0.15,41225.0
3450,980,2025-11-13,44,1,SKU0026,2,5950,0.15,10115.0
3451,980,2025-11-13,44,1,SKU0032,1,3350,0.0,3350.0
3452,981,2024-11-02,49,1,SKU0035,2,14900,0.0,29800.0
3453,981,2024-11-02,49,1,SKU0010,3,8600,0.0,25800.0
3454,981,2024-11-02,49,1,SKU0006,2,2300,0.0,4600.0
3455,981,2024-11-02,49,1,SKU0011,4,4300,0.1,15480.0
3456,982,2025-11-02,43,3,SKU0022,5,2800,0.0,14000.0
3457,983,2025-05-25,7,3,SKU0037,2,16500,0.0,33000.0
3458,983,2025-05-25,7,3,SKU0010,5,9300,0.0,46500.0
3459,983,2025-05-25,7,3,SKU0005,3,8400,0.05,23940.0
3460,983,2025-05-25,7,3,SKU0034,4,3250,0.0,13000.0
3461,984,2025-04-15,49,5,SKU0036,5,21500,0.05,102125.0
3462,985,2024-11-03,50,3,SKU0028,5,2900,0.05,13775.0
3463,985,2024-11-03,50,3,SKU0040,3,5400,0.15,13770.0
3464,986,2026-01-15,35,1,SKU0009,3,3950,0.15,10072.5
3465,986,2026-01-15,35,1,SKU0003,1,2550,0.05,2422.5
3466,987,2024-05-12,45,2,SKU0035,2,14900,0.0,29800.0
3467,987,2024-05-12,45,2,SKU0028,5,2900,0.0,14500.0
3468,987,2024-05-12,45,2,SKU0039,5,13100,0.05,62225.0
3469,987,2024-05-12,45,2,SKU0017,5,13000,0.1,58500.0
3470,987,2024-05-12,45,2,SKU0033,1,3100,0.1,2790.0
3471,987,2024-05-12,45,2,SKU0019,1,2600,0.0,2600.0
3472,988,2025-04-04,23,4,SKU0035,3,16100,0.0,48300.0
3473,988,2025-04-04,23,4,SKU0033,2,3350,0.05,6365.0
3474,988,2025-04-04,23,4,SKU0030,4,3800,0.0,15200.0
3475,988,2025-04-04,23,4,SKU0003,4,2400,0.0,9600.0
3476,988,2025-04-04,23,4,SKU0029,2,6700,0.05,12730.0
3477,988,2025-04-04,23,4,SKU0006,2,2500,0.0,5000.0
3478,989,2024-11-13,40,4,SKU0025,1,6900,0.1,6210.0
3479,989,2024-11-13,40,4,SKU0005,4,7800,0.0,31200.0
3480,989,2024-11-13,40,4,SKU0040,5,5400,0.05,25650.0
3481,990,2025-11-17,32,4,SKU0010,4,9300,0.1,33480.0
3482,990,2025-11-17,32,4,SKU0040,2,5850,0.15,9945.0
3483,990,2025-11-17,32,4,SKU0037,2,16500,0.0,33000.0
3484,990,2025-11-17,32,4,SKU0028,5,3150,0.05,14962.5
3485,990,2025-11-17,32,4,SKU0033,2,3350,0.0,6700.0
3486,991,2025-05-26,48,1,SKU0035,2,16100,0.0,32200.0
3487,991,2025-05-26,48,1,SKU0021,1,4100,0.1,3690.0
3488,991,2025-05-26,48,1,SKU0034,3,3250,0.0,9750.0
3489,991,2025-05-26,48,1,SKU0001,3,4100,0.15,10455.0
3490,991,2025-05-26,48,1,SKU0026,4,5950,0.0,23800.0
3491,991,2025-05-26,48,1,SKU0012,5,2250,0.0,11250.0
3492,992,2025-11-07,44,4,SKU0003,5,2400,0.0,12000.0
3493,992,2025-11-07,44,4,SKU0002,3,4650,0.15,11857.5
3494,992,2025-11-07,44,4,SKU0008,3,4200,0.0,12600.0
3495,992,2025-11-07,44,4,SKU0011,3,4650,0.0,13950.0
3496,992,2025-11-07,44,4,SKU0018,5,4300,0.0,21500.0
3497,993,2024-02-25,30,5,SKU0013,3,4500,0.0,13500.0
3498,993,2024-02-25,30,5,SKU0009,2,3400,0.1,6120.0
3499,993,2024-02-25,30,5,SKU0023,2,12900,0.1,23220.0
3500,993,2024-02-25,30,5,SKU0040,5,5400,0.1,24300.0
3501,994,2025-03-02,37,3,SKU0015,1,5400,0.0,5400.0
3502,994,2025-03-02,37,3,SKU0013,4,4850,0.0,19400.0
3503,994,2025-03-02,37,3,SKU0035,3,16100,0.0,48300.0
3504,994,2025-03-02,37,3,SKU0037,3,16500,0.0,49500.0
3505,995,2025-09-06,35,3,SKU0031,2,3450,0.0,6900.0
3506,995,2025-09-06,35,3,SKU0012,5,2250,0.0,11250.0
3507,995,2025-09-06,35,3,SKU0022,2,2800,0.0,5600.0
3508,995,2025-09-06,35,3,SKU0025,5,7450,0.05,35387.5
3509,995,2025-09-06,35,3,SKU0011,3,4650,0.0,13950.0
3510,995,2025-09-06,35,3,SKU0037,2,16500,0.15,28050.0
3511,996,2024-01-10,33,1,SKU0026,5,5500,0.0,27500.0
3512,996,2024-01-10,33,1,SKU0024,4,2300,0.15,7820.0
3513,996,2024-01-10,33,1,SKU0002,5,4300,0.0,21500.0
3514,996,2024-01-10,33,1,SKU0042,1,10000,0.05,9500.0
3515,996,2024-01-10,33,1,SKU0032,3,3100,0.15,7905.0
3516,997,2024-12-02,32,3,SKU0015,3,5000,0.1,13500.0
3517,997,2024-12-02,32,3,SKU0001,5,3800,0.0,19000.0
3518,997,2024-12-02,32,3,SKU0013,5,4500,0.15,19125.0
3519,998,2024-08-26,37,1,SKU0031,5,3200,0.0,16000.0
3520,999,2024-06-06,11,1,SKU0034,5,3000,0.0,15000.0
3521,999,2024-06-06,11,1,SKU0022,3,2600,0.15,6630.0
3522,1000,2024-10-15,3,1,SKU0014,1,5700,0.0,5700.0
3523,1000,2024-10-15,3,1,SKU0026,3,5500,0.0,16500.0
3524,1000,2024-10-15,3,1,SKU0020,1,2300,0.0,2300.0
3525,1001,2024-12-25,21,2,SKU0014,2,5700,0.0,11400.0
3526,1002,2024-01-10,40,2,SKU0031,4,3200,0.0,12800.0
3527,1002,2024-01-10,40,2,SKU0034,3,3000,0.0,9000.0
3528,1002,2024-01-10,40,2,SKU0007,1,5000,0.05,4750.0
3529,1002,2024-01-10,40,2,SKU0016,3,3700,0.15,9435.0
3530,1003,2026-01-09,10,1,SKU0006,2,2650,0.0,5300.0
3531,1003,2026-01-09,10,1,SKU0003,4,2550,0.05,9690.0
3532,1003,2026-01-09,10,1,SKU0023,5,14950,0.0,74750.0
3533,1004,2024-07-18,45,5,SKU0031,4,3200,0.0,12800.0
3534,1004,2024-07-18,45,5,SKU0036,3,19900,0.0,59700.0
3535,1004,2024-07-18,45,5,SKU0004,2,9000,0.0,18000.0
3536,1004,2024-07-18,45,5,SKU0039,5,13100,0.05,62225.0
3537,1004,2024-07-18,45,5,SKU0009,5,3400,0.15,14450.0
3538,1005,2025-02-14,50,3,SKU0011,4,4650,0.0,18600.0
3539,1005,2025-02-14,50,3,SKU0009,1,3650,0.0,3650.0
3540,1005,2025-02-14,50,3,SKU0022,5,2800,0.05,13300.0
3541,1005,2025-02-14,50,3,SKU0036,4,21500,0.15,73100.0
3542,1006,2025-12-07,49,4,SKU0029,4,6700,0.1,24120.0
3543,1006,2025-12-07,49,4,SKU0018,3,4300,0.05,12255.0
3544,1006,2025-12-07,49,4,SKU0020,3,2500,0.1,6750.0
3545,1006,2025-12-07,49,4,SKU0011,3,4650,0.05,13252.5
3546,1006,2025-12-07,49,4,SKU0009,3,3650,0.1,9855.0
3547,1007,2025-06-07,38,4,SKU0021,2,4100,0.05,7790.0
3548,1007,2025-06-07,38,4,SKU0040,2,5850,0.0,11700.0
3549,1007,2025-06-07,38,4,SKU0019,5,2800,0.0,14000.0
3550,1008,2026-03-23,6,4,SKU0002,1,5000,0.0,5000.0
3551,1008,2026-03-23,6,4,SKU0009,2,3950,0.15,6715.0
3552,1008,2026-03-23,6,4,SKU0001,3,4400,0.0,13200.0
3553,1009,2026-03-01,41,2,SKU0042,1,11600,0.15,9860.0
3554,1009,2026-03-01,41,2,SKU0015,3,5800,0.15,14790.0
3555,1009,2026-03-01,41,2,SKU0005,3,9050,0.0,27150.0
3556,1009,2026-03-01,41,2,SKU0016,2,4300,0.0,8600.0
3557,1009,2026-03-01,41,2,SKU0009,3,3950,0.0,11850.0
3558,1010,2024-03-27,31,1,SKU0014,1,5700,0.0,5700.0
3559,1010,2024-03-27,31,1,SKU0041,3,9000,0.0,27000.0
3560,1010,2024-03-27,31,1,SKU0028,5,2900,0.05,13775.0
3561,1010,2024-03-27,31,1,SKU0036,5,19900,0.0,99500.0
3562,1010,2024-03-27,31,1,SKU0012,4,2100,0.05,7980.0
3563,1011,2026-04-15,40,4,SKU0032,4,3600,0.0,14400.0
3564,1011,2026-04-15,40,4,SKU0015,4,5800,0.1,20880.0
3565,1012,2024-02-21,19,4,SKU0001,3,3800,0.15,9690.0
3566,1012,2024-02-21,19,4,SKU0009,5,3400,0.1,15300.0
3567,1013,2024-01-23,46,2,SKU0019,5,2600,0.0,13000.0
3568,1013,2024-01-23,46,2,SKU0014,2,5700,0.1,10260.0
3569,1013,2024-01-23,46,2,SKU0005,5,7800,0.15,33150.0
3570,1014,2026-06-01,7,2,SKU0005,2,9050,0.05,17195.0
3571,1014,2026-06-01,7,2,SKU0009,2,3950,0.15,6715.0
3572,1015,2026-04-16,42,1,SKU0020,1,2650,0.05,2517.5
3573,1015,2026-04-16,42,1,SKU0040,2,6250,0.0,12500.0
3574,1015,2026-04-16,42,1,SKU0006,3,2650,0.0,7950.0
3575,1015,2026-04-16,42,1,SKU0004,2,10450,0.0,20900.0
3576,1015,2026-04-16,42,1,SKU0025,5,8000,0.0,40000.0
3577,1015,2026-04-16,42,1,SKU0001,3,4400,0.0,13200.0
3578,1016,2025-08-15,35,2,SKU0026,2,5950,0.15,10115.0
3579,1016,2025-08-15,35,2,SKU0034,2,3250,0.0,6500.0
3580,1016,2025-08-15,35,2,SKU0006,4,2500,0.0,10000.0
3581,1016,2025-08-15,35,2,SKU0030,3,3800,0.0,11400.0
3582,1017,2025-08-13,48,3,SKU0041,2,9700,0.15,16490.0
3583,1017,2025-08-13,48,3,SKU0018,5,4300,0.0,21500.0
3584,1017,2025-08-13,48,3,SKU0031,3,3450,0.0,10350.0
3585,1017,2025-08-13,48,3,SKU0009,5,3650,0.0,18250.0
3586,1017,2025-08-13,48,3,SKU0025,5,7450,0.15,31662.5
3587,1018,2025-12-11,50,4,SKU0036,1,21500,0.05,20425.0
3588,1018,2025-12-11,50,4,SKU0016,2,4000,0.1,7200.0
3589,1018,2025-12-11,50,4,SKU0007,4,5400,0.0,21600.0
3590,1018,2025-12-11,50,4,SKU0026,4,5950,0.0,23800.0
3591,1019,2025-03-23,5,4,SKU0014,1,6150,0.0,6150.0
3592,1019,2025-03-23,5,4,SKU0013,2,4850,0.0,9700.0
3593,1019,2025-03-23,5,4,SKU0029,2,6700,0.05,12730.0
3594,1019,2025-03-23,5,4,SKU0042,5,10800,0.05,51300.0
3595,1019,2025-03-23,5,4,SKU0037,2,16500,0.1,29700.0
3596,1019,2025-03-23,5,4,SKU0012,4,2250,0.0,9000.0
3597,1020,2024-05-14,7,4,SKU0038,3,8300,0.0,24900.0
3598,1020,2024-05-14,7,4,SKU0005,5,7800,0.05,37050.0
3599,1020,2024-05-14,7,4,SKU0041,2,9000,0.0,18000.0
3600,1021,2024-01-25,11,3,SKU0024,5,2300,0.0,11500.0
3601,1021,2024-01-25,11,3,SKU0016,3,3700,0.0,11100.0
3602,1021,2024-01-25,11,3,SKU0037,1,15300,0.0,15300.0
3603,1021,2024-01-25,11,3,SKU0035,4,14900,0.1,53640.0
3604,1021,2024-01-25,11,3,SKU0014,4,5700,0.0,22800.0
3605,1021,2024-01-25,11,3,SKU0021,2,3800,0.15,6460.0
3606,1022,2024-12-22,26,3,SKU0002,3,4300,0.0,12900.0
3607,1022,2024-12-22,26,3,SKU0037,3,15300,0.05,43605.0
3608,1023,2026-02-25,50,4,SKU0008,4,4500,0.0,18000.0
3609,1023,2026-02-25,50,4,SKU0012,2,2450,0.05,4655.0
3610,1023,2026-02-25,50,4,SKU0029,2,7200,0.0,14400.0
3611,1023,2026-02-25,50,4,SKU0039,1,15200,0.0,15200.0
3612,1023,2026-02-25,50,4,SKU0038,1,9650,0.0,9650.0
3613,1024,2025-09-24,16,5,SKU0034,4,3250,0.1,11700.0
3614,1024,2025-09-24,16,5,SKU0032,3,3350,0.0,10050.0
3615,1024,2025-09-24,16,5,SKU0008,5,4200,0.05,19950.0
3616,1024,2025-09-24,16,5,SKU0014,5,6150,0.0,30750.0
3617,1025,2026-03-22,9,2,SKU0007,2,5800,0.15,9860.0
3618,1026,2026-05-31,24,4,SKU0004,3,10450,0.15,26647.5
3619,1026,2026-05-31,24,4,SKU0036,5,23100,0.0,115500.0
3620,1026,2026-05-31,24,4,SKU0013,5,5200,0.15,22100.0
3621,1026,2026-05-31,24,4,SKU0012,4,2450,0.05,9310.0
3622,1026,2026-05-31,24,4,SKU0003,5,2550,0.05,12112.5
3623,1026,2026-05-31,24,4,SKU0038,5,9650,0.0,48250.0
3624,1027,2024-04-14,23,2,SKU0024,4,2300,0.0,9200.0
3625,1027,2024-04-14,23,2,SKU0033,1,3100,0.0,3100.0
3626,1027,2024-04-14,23,2,SKU0023,1,12900,0.0,12900.0
3627,1027,2024-04-14,23,2,SKU0012,3,2100,0.0,6300.0
3628,1027,2024-04-14,23,2,SKU0016,4,3700,0.1,13320.0
3629,1027,2024-04-14,23,2,SKU0035,1,14900,0.15,12665.0
3630,1028,2026-04-01,37,5,SKU0008,3,4500,0.15,11475.0
3631,1028,2026-04-01,37,5,SKU0030,2,4050,0.0,8100.0
3632,1028,2026-04-01,37,5,SKU0005,5,9050,0.15,38462.5
3633,1029,2024-10-02,6,1,SKU0042,2,10000,0.15,17000.0
3634,1029,2024-10-02,6,1,SKU0037,5,15300,0.1,68850.0
3635,1030,2025-08-27,23,1,SKU0020,2,2500,0.0,5000.0
3636,1031,2025-06-29,18,5,SKU0004,2,9700,0.0,19400.0
3637,1031,2025-06-29,18,5,SKU0040,5,5850,0.0,29250.0
3638,1032,2025-03-03,31,1,SKU0038,1,8950,0.05,8502.5
3639,1032,2025-03-03,31,1,SKU0032,1,3350,0.0,3350.0
3640,1033,2024-12-09,26,1,SKU0010,4,8600,0.0,34400.0
3641,1033,2024-12-09,26,1,SKU0042,4,10000,0.15,34000.0
3642,1033,2024-12-09,26,1,SKU0008,2,3900,0.0,7800.0
3643,1033,2024-12-09,26,1,SKU0014,1,5700,0.05,5415.0
3644,1033,2024-12-09,26,1,SKU0011,1,4300,0.0,4300.0
3645,1033,2024-12-09,26,1,SKU0040,1,5400,0.0,5400.0
3646,1034,2025-01-04,26,1,SKU0012,1,2250,0.05,2137.5
3647,1034,2025-01-04,26,1,SKU0003,1,2400,0.0,2400.0
3648,1035,2024-12-29,9,3,SKU0034,3,3000,0.05,8550.0
3649,1035,2024-12-29,9,3,SKU0029,2,6200,0.0,12400.0
3650,1035,2024-12-29,9,3,SKU0016,4,3700,0.0,14800.0
3651,1035,2024-12-29,9,3,SKU0013,2,4500,0.05,8550.0
3652,1035,2024-12-29,9,3,SKU0014,1,5700,0.1,5130.0
3653,1035,2024-12-29,9,3,SKU0003,2,2200,0.0,4400.0
3654,1036,2024-07-10,42,3,SKU0007,3,5000,0.0,15000.0
3655,1036,2024-07-10,42,3,SKU0010,5,8600,0.1,38700.0
3656,1036,2024-07-10,42,3,SKU0019,4,2600,0.1,9360.0
3657,1036,2024-07-10,42,3,SKU0012,5,2100,0.0,10500.0
3658,1036,2024-07-10,42,3,SKU0006,3,2300,0.15,5865.0
3659,1037,2025-06-16,1,5,SKU0021,2,4100,0.0,8200.0
3660,1037,2025-06-16,1,5,SKU0009,5,3650,0.0,18250.0
3661,1037,2025-06-16,1,5,SKU0010,3,9300,0.0,27900.0
3662,1037,2025-06-16,1,5,SKU0039,4,14150,0.15,48110.0
3663,1037,2025-06-16,1,5,SKU0019,1,2800,0.15,2380.0
3664,1037,2025-06-16,1,5,SKU0025,1,7450,0.15,6332.5
3665,1038,2024-05-12,14,5,SKU0023,1,12900,0.0,12900.0
3666,1038,2024-05-12,14,5,SKU0009,4,3400,0.0,13600.0
3667,1038,2024-05-12,14,5,SKU0038,2,8300,0.0,16600.0
3668,1038,2024-05-12,14,5,SKU0032,2,3100,0.0,6200.0
3669,1038,2024-05-12,14,5,SKU0002,3,4300,0.05,12255.0
3670,1039,2025-06-16,21,5,SKU0025,2,7450,0.15,12665.0
3671,1039,2025-06-16,21,5,SKU0020,1,2500,0.0,2500.0
3672,1039,2025-06-16,21,5,SKU0009,1,3650,0.1,3285.0
3673,1040,2026-05-20,50,2,SKU0010,4,10000,0.0,40000.0
3674,1041,2025-01-14,28,1,SKU0040,2,5850,0.05,11115.0
3675,1041,2025-01-14,28,1,SKU0011,4,4650,0.0,18600.0
3676,1041,2025-01-14,28,1,SKU0031,1,3450,0.0,3450.0
3677,1042,2025-12-24,39,5,SKU0029,1,6700,0.0,6700.0
3678,1043,2026-03-12,28,5,SKU0027,2,10000,0.0,20000.0
3679,1044,2026-03-09,9,3,SKU0042,2,11600,0.15,19720.0
3680,1044,2026-03-09,9,3,SKU0007,1,5800,0.0,5800.0
3681,1044,2026-03-09,9,3,SKU0022,3,3000,0.0,9000.0
3682,1044,2026-03-09,9,3,SKU0021,2,4400,0.0,8800.0
3683,1044,2026-03-09,9,3,SKU0017,1,15100,0.0,15100.0
3684,1045,2024-09-24,40,3,SKU0032,3,3100,0.0,9300.0
3685,1045,2024-09-24,40,3,SKU0037,3,15300,0.05,43605.0
3686,1045,2024-09-24,40,3,SKU0041,1,9000,0.0,9000.0
3687,1045,2024-09-24,40,3,SKU0029,4,6200,0.05,23560.0
3688,1046,2024-06-16,44,3,SKU0019,2,2600,0.0,5200.0
3689,1046,2024-06-16,44,3,SKU0028,4,2900,0.15,9860.0
3690,1046,2024-06-16,44,3,SKU0012,1,2100,0.0,2100.0
3691,1047,2024-08-11,17,4,SKU0001,1,3800,0.15,3230.0
3692,1047,2024-08-11,17,4,SKU0008,1,3900,0.15,3315.0
3693,1047,2024-08-11,17,4,SKU0003,5,2200,0.0,11000.0
3694,1047,2024-08-11,17,4,SKU0036,1,19900,0.0,19900.0
3695,1048,2025-09-09,2,4,SKU0015,1,5400,0.0,5400.0
3696,1048,2025-09-09,2,4,SKU0007,2,5400,0.0,10800.0
3697,1048,2025-09-09,2,4,SKU0029,5,6700,0.0,33500.0
3698,1048,2025-09-09,2,4,SKU0026,5,5950,0.0,29750.0
3699,1048,2025-09-09,2,4,SKU0018,5,4300,0.0,21500.0
3700,1049,2026-01-20,47,3,SKU0007,1,5800,0.0,5800.0
3701,1049,2026-01-20,47,3,SKU0010,1,10000,0.0,10000.0
3702,1049,2026-01-20,47,3,SKU0038,1,9650,0.0,9650.0
3703,1049,2026-01-20,47,3,SKU0002,5,5000,0.0,25000.0
3704,1050,2025-10-28,27,4,SKU0016,1,4000,0.0,4000.0
3705,1051,2024-07-19,46,2,SKU0006,3,2300,0.05,6555.0
3706,1051,2024-07-19,46,2,SKU0004,3,9000,0.0,27000.0
3707,1051,2024-07-19,46,2,SKU0019,3,2600,0.0,7800.0
3708,1052,2026-01-31,26,2,SKU0013,1,5200,0.0,5200.0
3709,1053,2025-06-02,37,4,SKU0023,5,13950,0.1,62775.0
3710,1053,2025-06-02,37,4,SKU0035,3,16100,0.0,48300.0
3711,1054,2026-01-15,28,4,SKU0017,5,15100,0.0,75500.0
3712,1054,2026-01-15,28,4,SKU0032,3,3600,0.0,10800.0
3713,1054,2026-01-15,28,4,SKU0002,2,5000,0.05,9500.0
3714,1054,2026-01-15,28,4,SKU0014,4,6600,0.0,26400.0
3715,1054,2026-01-15,28,4,SKU0008,4,4500,0.0,18000.0
3716,1055,2026-01-20,28,4,SKU0010,1,10000,0.05,9500.0
3717,1055,2026-01-20,28,4,SKU0006,2,2650,0.15,4505.0
3718,1055,2026-01-20,28,4,SKU0023,2,14950,0.1,26910.0
3719,1055,2026-01-20,28,4,SKU0038,4,9650,0.0,38600.0
3720,1056,2025-04-22,3,1,SKU0026,1,5950,0.0,5950.0
3721,1056,2025-04-22,3,1,SKU0027,3,9300,0.1,25110.0
3722,1056,2025-04-22,3,1,SKU0028,5,3150,0.0,15750.0
3723,1057,2026-06-03,49,1,SKU0004,4,10450,0.05,39710.0
3724,1058,2025-08-04,32,4,SKU0017,1,14050,0.0,14050.0
3725,1059,2025-10-09,48,3,SKU0016,3,4000,0.05,11400.0
3726,1059,2025-10-09,48,3,SKU0035,1,16100,0.0,16100.0
3727,1059,2025-10-09,48,3,SKU0036,2,21500,0.1,38700.0
3728,1059,2025-10-09,48,3,SKU0005,1,8400,0.0,8400.0
3729,1059,2025-10-09,48,3,SKU0037,2,16500,0.0,33000.0
3730,1060,2025-09-30,17,5,SKU0033,5,3350,0.15,14237.5
3731,1060,2025-09-30,17,5,SKU0003,4,2400,0.0,9600.0
3732,1060,2025-09-30,17,5,SKU0038,5,8950,0.05,42512.5
3733,1060,2025-09-30,17,5,SKU0020,4,2500,0.1,9000.0
3734,1060,2025-09-30,17,5,SKU0042,2,10800,0.1,19440.0
3735,1061,2026-04-17,5,2,SKU0038,4,9650,0.05,36670.0
3736,1061,2026-04-17,5,2,SKU0029,5,7200,0.1,32400.0
3737,1061,2026-04-17,5,2,SKU0008,3,4500,0.0,13500.0
3738,1061,2026-04-17,5,2,SKU0027,4,10000,0.0,40000.0
3739,1062,2025-10-02,7,2,SKU0032,1,3350,0.0,3350.0
3740,1062,2025-10-02,7,2,SKU0019,4,2800,0.05,10640.0
3741,1063,2024-06-21,18,2,SKU0012,4,2100,0.0,8400.0
3742,1063,2024-06-21,18,2,SKU0021,2,3800,0.1,6840.0
3743,1064,2024-03-22,45,5,SKU0038,5,8300,0.0,41500.0
3744,1064,2024-03-22,45,5,SKU0039,1,13100,0.0,13100.0
3745,1064,2024-03-22,45,5,SKU0019,3,2600,0.0,7800.0
3746,1064,2024-03-22,45,5,SKU0042,4,10000,0.15,34000.0
3747,1064,2024-03-22,45,5,SKU0037,2,15300,0.0,30600.0
3748,1064,2024-03-22,45,5,SKU0008,2,3900,0.0,7800.0
3749,1065,2025-04-15,4,5,SKU0035,4,16100,0.0,64400.0
3750,1065,2025-04-15,4,5,SKU0011,2,4650,0.1,8370.0
3751,1065,2025-04-15,4,5,SKU0007,1,5400,0.1,4860.0
3752,1065,2025-04-15,4,5,SKU0006,3,2500,0.0,7500.0
3753,1066,2024-12-03,35,1,SKU0024,5,2300,0.05,10925.0
3754,1066,2024-12-03,35,1,SKU0040,5,5400,0.05,25650.0
3755,1067,2024-11-04,50,5,SKU0010,1,8600,0.1,7740.0
3756,1067,2024-11-04,50,5,SKU0008,5,3900,0.05,18525.0
3757,1067,2024-11-04,50,5,SKU0006,5,2300,0.0,11500.0
3758,1067,2024-11-04,50,5,SKU0029,5,6200,0.0,31000.0
3759,1068,2024-03-09,5,5,SKU0017,2,13000,0.15,22100.0
3760,1068,2024-03-09,5,5,SKU0020,1,2300,0.0,2300.0
3761,1068,2024-03-09,5,5,SKU0035,3,14900,0.05,42465.0
3762,1068,2024-03-09,5,5,SKU0009,5,3400,0.1,15300.0
3763,1069,2025-06-14,15,5,SKU0033,5,3350,0.0,16750.0
3764,1069,2025-06-14,15,5,SKU0024,1,2500,0.15,2125.0
3765,1069,2025-06-14,15,5,SKU0029,1,6700,0.0,6700.0
3766,1069,2025-06-14,15,5,SKU0001,5,4100,0.0,20500.0
3767,1070,2024-12-10,27,4,SKU0031,2,3200,0.0,6400.0
3768,1070,2024-12-10,27,4,SKU0006,5,2300,0.0,11500.0
3769,1070,2024-12-10,27,4,SKU0012,3,2100,0.05,5985.0
3770,1071,2025-04-25,26,1,SKU0006,2,2500,0.05,4750.0
3771,1071,2025-04-25,26,1,SKU0011,4,4650,0.05,17670.0
3772,1071,2025-04-25,26,1,SKU0033,5,3350,0.0,16750.0
3773,1071,2025-04-25,26,1,SKU0032,4,3350,0.1,12060.0
3774,1071,2025-04-25,26,1,SKU0038,4,8950,0.05,34010.0
3775,1071,2025-04-25,26,1,SKU0018,4,4300,0.1,15480.0
3776,1072,2024-03-09,41,1,SKU0003,2,2200,0.1,3960.0
3777,1072,2024-03-09,41,1,SKU0038,1,8300,0.0,8300.0
3778,1072,2024-03-09,41,1,SKU0023,1,12900,0.15,10965.0
3779,1073,2026-03-22,38,4,SKU0023,4,14950,0.0,59800.0
3780,1074,2024-04-01,32,5,SKU0016,2,3700,0.0,7400.0
3781,1074,2024-04-01,32,5,SKU0012,4,2100,0.0,8400.0
3782,1074,2024-04-01,32,5,SKU0032,1,3100,0.15,2635.0
3783,1074,2024-04-01,32,5,SKU0019,4,2600,0.05,9880.0
3784,1074,2024-04-01,32,5,SKU0036,4,19900,0.0,79600.0
3785,1074,2024-04-01,32,5,SKU0038,3,8300,0.1,22410.0
3786,1075,2026-04-17,3,5,SKU0041,4,10450,0.05,39710.0
3787,1075,2026-04-17,3,5,SKU0019,2,3000,0.1,5400.0
3788,1075,2026-04-17,3,5,SKU0040,3,6250,0.05,17812.5
3789,1075,2026-04-17,3,5,SKU0025,4,8000,0.0,32000.0
3790,1076,2026-04-10,18,4,SKU0020,2,2650,0.05,5035.0
3791,1076,2026-04-10,18,4,SKU0010,3,10000,0.0,30000.0
3792,1076,2026-04-10,18,4,SKU0005,4,9050,0.0,36200.0
3793,1076,2026-04-10,18,4,SKU0029,2,7200,0.0,14400.0
3794,1076,2026-04-10,18,4,SKU0001,5,4400,0.15,18700.0
3795,1077,2025-09-21,16,4,SKU0035,5,16100,0.05,76475.0
3796,1077,2025-09-21,16,4,SKU0009,2,3650,0.0,7300.0
3797,1077,2025-09-21,16,4,SKU0001,5,4100,0.0,20500.0
3798,1078,2025-06-13,35,5,SKU0040,4,5850,0.0,23400.0
3799,1078,2025-06-13,35,5,SKU0003,3,2400,0.0,7200.0
3800,1079,2025-05-05,31,2,SKU0029,1,6700,0.05,6365.0
3801,1079,2025-05-05,31,2,SKU0039,1,14150,0.0,14150.0
3802,1079,2025-05-05,31,2,SKU0037,3,16500,0.0,49500.0
3803,1079,2025-05-05,31,2,SKU0005,2,8400,0.15,14280.0
3804,1079,2025-05-05,31,2,SKU0028,1,3150,0.05,2992.5
3805,1080,2025-07-26,49,2,SKU0039,2,14150,0.1,25470.0
3806,1080,2025-07-26,49,2,SKU0041,4,9700,0.0,38800.0
3807,1080,2025-07-26,49,2,SKU0011,2,4650,0.0,9300.0
3808,1081,2026-02-17,31,4,SKU0022,2,3000,0.0,6000.0
3809,1082,2026-05-12,3,3,SKU0036,4,23100,0.0,92400.0
3810,1082,2026-05-12,3,3,SKU0033,1,3600,0.0,3600.0
3811,1082,2026-05-12,3,3,SKU0007,3,5800,0.0,17400.0
3812,1083,2025-04-22,49,3,SKU0010,1,9300,0.0,9300.0
3813,1083,2025-04-22,49,3,SKU0017,3,14050,0.1,37935.0
3814,1083,2025-04-22,49,3,SKU0008,1,4200,0.15,3570.0
3815,1083,2025-04-22,49,3,SKU0040,2,5850,0.1,10530.0
3816,1084,2026-03-04,19,3,SKU0037,4,17750,0.0,71000.0
3817,1085,2025-10-24,5,4,SKU0031,5,3450,0.15,14662.5
3818,1085,2025-10-24,5,4,SKU0005,5,8400,0.1,37800.0
3819,1085,2025-10-24,5,4,SKU0034,1,3250,0.05,3087.5
3820,1085,2025-10-24,5,4,SKU0009,5,3650,0.1,16425.0
3821,1085,2025-10-24,5,4,SKU0017,1,14050,0.15,11942.5
3822,1085,2025-10-24,5,4,SKU0035,4,16100,0.0,64400.0
3823,1086,2024-12-19,36,2,SKU0018,1,4000,0.0,4000.0
3824,1087,2025-05-16,18,4,SKU0007,4,5400,0.1,19440.0
3825,1087,2025-05-16,18,4,SKU0015,4,5400,0.0,21600.0
3826,1087,2025-05-16,18,4,SKU0021,5,4100,0.0,20500.0
3827,1087,2025-05-16,18,4,SKU0040,5,5850,0.1,26325.0
3828,1087,2025-05-16,18,4,SKU0012,5,2250,0.05,10687.5
3829,1088,2024-06-21,16,5,SKU0040,5,5400,0.0,27000.0
3830,1088,2024-06-21,16,5,SKU0036,5,19900,0.0,99500.0
3831,1088,2024-06-21,16,5,SKU0029,1,6200,0.0,6200.0
3832,1088,2024-06-21,16,5,SKU0020,3,2300,0.05,6555.0
3833,1089,2024-03-15,17,3,SKU0004,4,9000,0.0,36000.0
3834,1089,2024-03-15,17,3,SKU0008,2,3900,0.1,7020.0
3835,1089,2024-03-15,17,3,SKU0041,4,9000,0.1,32400.0
3836,1089,2024-03-15,17,3,SKU0009,1,3400,0.0,3400.0
3837,1089,2024-03-15,17,3,SKU0012,1,2100,0.0,2100.0
3838,1089,2024-03-15,17,3,SKU0042,4,10000,0.0,40000.0
3839,1090,2024-05-01,28,1,SKU0039,5,13100,0.15,55675.0
3840,1090,2024-05-01,28,1,SKU0035,4,14900,0.0,59600.0
3841,1091,2026-05-15,27,3,SKU0027,2,10000,0.0,20000.0
3842,1091,2026-05-15,27,3,SKU0042,5,11600,0.05,55100.0
3843,1092,2025-01-08,17,3,SKU0039,4,14150,0.0,56600.0
3844,1092,2025-01-08,17,3,SKU0004,1,9700,0.0,9700.0
3845,1092,2025-01-08,17,3,SKU0025,5,7450,0.1,33525.0
3846,1093,2025-12-15,42,5,SKU0009,5,3650,0.0,18250.0
3847,1093,2025-12-15,42,5,SKU0020,2,2500,0.0,5000.0
3848,1093,2025-12-15,42,5,SKU0034,3,3250,0.0,9750.0
3849,1094,2025-06-11,25,3,SKU0036,1,21500,0.0,21500.0
3850,1094,2025-06-11,25,3,SKU0040,4,5850,0.0,23400.0
3851,1094,2025-06-11,25,3,SKU0028,2,3150,0.0,6300.0
3852,1094,2025-06-11,25,3,SKU0041,3,9700,0.0,29100.0
3853,1094,2025-06-11,25,3,SKU0032,4,3350,0.15,11390.0
3854,1094,2025-06-11,25,3,SKU0027,3,9300,0.0,27900.0
3855,1095,2024-07-15,49,4,SKU0035,4,14900,0.15,50660.0
3856,1095,2024-07-15,49,4,SKU0002,3,4300,0.15,10965.0
3857,1095,2024-07-15,49,4,SKU0037,3,15300,0.0,45900.0
3858,1096,2024-10-07,13,5,SKU0002,3,4300,0.15,10965.0
3859,1096,2024-10-07,13,5,SKU0028,4,2900,0.0,11600.0
3860,1096,2024-10-07,13,5,SKU0009,2,3400,0.15,5780.0
3861,1096,2024-10-07,13,5,SKU0016,2,3700,0.15,6290.0
3862,1096,2024-10-07,13,5,SKU0024,4,2300,0.0,9200.0
3863,1097,2025-04-11,45,3,SKU0007,4,5400,0.1,19440.0
3864,1098,2025-04-13,22,5,SKU0023,2,13950,0.15,23715.0
3865,1098,2025-04-13,22,5,SKU0015,2,5400,0.0,10800.0
3866,1098,2025-04-13,22,5,SKU0004,2,9700,0.0,19400.0
3867,1098,2025-04-13,22,5,SKU0001,3,4100,0.0,12300.0
3868,1098,2025-04-13,22,5,SKU0028,4,3150,0.0,12600.0
3869,1099,2025-06-27,31,4,SKU0026,5,5950,0.0,29750.0
3870,1099,2025-06-27,31,4,SKU0009,4,3650,0.0,14600.0
3871,1099,2025-06-27,31,4,SKU0021,1,4100,0.0,4100.0
3872,1100,2024-06-30,12,3,SKU0007,5,5000,0.1,22500.0
3873,1100,2024-06-30,12,3,SKU0006,4,2300,0.0,9200.0
3874,1100,2024-06-30,12,3,SKU0024,1,2300,0.15,1955.0
3875,1100,2024-06-30,12,3,SKU0033,5,3100,0.0,15500.0
3876,1100,2024-06-30,12,3,SKU0017,1,13000,0.0,13000.0
3877,1100,2024-06-30,12,3,SKU0035,5,14900,0.05,70775.0
3878,1101,2025-02-07,26,4,SKU0032,5,3350,0.05,15912.5
3879,1101,2025-02-07,26,4,SKU0036,3,21500,0.0,64500.0
3880,1101,2025-02-07,26,4,SKU0009,1,3650,0.15,3102.5
3881,1101,2025-02-07,26,4,SKU0013,3,4850,0.0,14550.0
3882,1101,2025-02-07,26,4,SKU0006,2,2500,0.1,4500.0
3883,1101,2025-02-07,26,4,SKU0012,4,2250,0.15,7650.0
3884,1102,2024-11-13,17,2,SKU0028,2,2900,0.05,5510.0
3885,1102,2024-11-13,17,2,SKU0005,3,7800,0.0,23400.0
3886,1102,2024-11-13,17,2,SKU0010,4,8600,0.0,34400.0
3887,1102,2024-11-13,17,2,SKU0008,2,3900,0.0,7800.0
3888,1102,2024-11-13,17,2,SKU0011,3,4300,0.1,11610.0
3889,1102,2024-11-13,17,2,SKU0004,5,9000,0.1,40500.0
3890,1103,2025-03-15,25,5,SKU0030,5,3800,0.0,19000.0
3891,1104,2025-01-03,41,2,SKU0017,3,14050,0.0,42150.0
3892,1104,2025-01-03,41,2,SKU0033,1,3350,0.1,3015.0
3893,1104,2025-01-03,41,2,SKU0012,5,2250,0.1,10125.0
3894,1105,2025-09-05,49,2,SKU0021,1,4100,0.1,3690.0
3895,1105,2025-09-05,49,2,SKU0017,4,14050,0.0,56200.0
3896,1105,2025-09-05,49,2,SKU0024,3,2500,0.1,6750.0
3897,1105,2025-09-05,49,2,SKU0018,3,4300,0.0,12900.0
3898,1105,2025-09-05,49,2,SKU0004,4,9700,0.0,38800.0
3899,1106,2026-02-14,48,2,SKU0005,2,9050,0.0,18100.0
3900,1106,2026-02-14,48,2,SKU0008,2,4500,0.1,8100.0
3901,1107,2025-10-20,29,3,SKU0040,2,5850,0.0,11700.0
3902,1107,2025-10-20,29,3,SKU0032,3,3350,0.1,9045.0
3903,1107,2025-10-20,29,3,SKU0006,2,2500,0.0,5000.0
3904,1107,2025-10-20,29,3,SKU0029,2,6700,0.0,13400.0
3905,1107,2025-10-20,29,3,SKU0026,2,5950,0.15,10115.0
3906,1108,2024-03-20,36,5,SKU0011,1,4300,0.1,3870.0
3907,1108,2024-03-20,36,5,SKU0005,5,7800,0.0,39000.0
3908,1108,2024-03-20,36,5,SKU0031,1,3200,0.05,3040.0
3909,1108,2024-03-20,36,5,SKU0023,4,12900,0.0,51600.0
3910,1109,2024-04-21,3,3,SKU0041,4,9000,0.05,34200.0
3911,1109,2024-04-21,3,3,SKU0013,2,4500,0.0,9000.0
3912,1109,2024-04-21,3,3,SKU0003,5,2200,0.05,10450.0
3913,1110,2025-11-16,10,3,SKU0015,1,5400,0.05,5130.0
3914,1110,2025-11-16,10,3,SKU0022,1,2800,0.1,2520.0
3915,1110,2025-11-16,10,3,SKU0020,4,2500,0.0,10000.0
3916,1110,2025-11-16,10,3,SKU0001,4,4100,0.05,15580.0
3917,1110,2025-11-16,10,3,SKU0003,3,2400,0.05,6840.0
3918,1111,2024-11-14,5,4,SKU0012,3,2100,0.1,5670.0
3919,1111,2024-11-14,5,4,SKU0018,3,4000,0.0,12000.0
3920,1111,2024-11-14,5,4,SKU0017,3,13000,0.0,39000.0
3921,1112,2025-12-21,4,5,SKU0035,1,16100,0.0,16100.0
3922,1112,2025-12-21,4,5,SKU0024,5,2500,0.05,11875.0
3923,1113,2025-10-29,14,4,SKU0036,2,21500,0.05,40850.0
3924,1113,2025-10-29,14,4,SKU0007,4,5400,0.05,20520.0
3925,1113,2025-10-29,14,4,SKU0001,5,4100,0.1,18450.0
3926,1113,2025-10-29,14,4,SKU0021,3,4100,0.15,10455.0
3927,1113,2025-10-29,14,4,SKU0016,5,4000,0.1,18000.0
3928,1113,2025-10-29,14,4,SKU0008,4,4200,0.15,14280.0
3929,1114,2026-05-20,40,5,SKU0028,5,3350,0.0,16750.0
3930,1114,2026-05-20,40,5,SKU0038,3,9650,0.0,28950.0
3931,1114,2026-05-20,40,5,SKU0034,4,3500,0.05,13300.0
3932,1114,2026-05-20,40,5,SKU0033,2,3600,0.15,6120.0
3933,1114,2026-05-20,40,5,SKU0010,4,10000,0.0,40000.0
3934,1115,2026-04-25,18,4,SKU0009,5,3950,0.05,18762.5
3935,1115,2026-04-25,18,4,SKU0017,4,15100,0.1,54360.0
3936,1115,2026-04-25,18,4,SKU0025,3,8000,0.0,24000.0
3937,1115,2026-04-25,18,4,SKU0015,3,5800,0.0,17400.0
3938,1115,2026-04-25,18,4,SKU0003,2,2550,0.15,4335.0
3939,1115,2026-04-25,18,4,SKU0006,5,2650,0.1,11925.0
3940,1116,2024-12-29,15,5,SKU0011,1,4300,0.0,4300.0
3941,1116,2024-12-29,15,5,SKU0034,1,3000,0.1,2700.0
3942,1116,2024-12-29,15,5,SKU0016,5,3700,0.0,18500.0
3943,1116,2024-12-29,15,5,SKU0037,1,15300,0.0,15300.0
3944,1117,2025-08-21,11,5,SKU0012,5,2250,0.0,11250.0
3945,1117,2025-08-21,11,5,SKU0034,5,3250,0.05,15437.5
3946,1118,2024-06-11,14,2,SKU0008,1,3900,0.0,3900.0
3947,1118,2024-06-11,14,2,SKU0003,2,2200,0.0,4400.0
3948,1119,2025-01-15,12,1,SKU0005,5,8400,0.0,42000.0
3949,1120,2026-07-07,30,4,SKU0008,5,4500,0.1,20250.0
3950,1120,2026-07-07,30,4,SKU0003,5,2550,0.15,10837.5
3951,1120,2026-07-07,30,4,SKU0002,4,5000,0.1,18000.0
3952,1120,2026-07-07,30,4,SKU0033,4,3600,0.0,14400.0
3953,1121,2025-12-03,1,5,SKU0019,2,2800,0.0,5600.0
3954,1122,2025-02-27,25,1,SKU0004,3,9700,0.0,29100.0
3955,1122,2025-02-27,25,1,SKU0016,2,4000,0.1,7200.0
3956,1122,2025-02-27,25,1,SKU0036,1,21500,0.05,20425.0
3957,1123,2025-09-02,33,1,SKU0018,2,4300,0.0,8600.0
3958,1123,2025-09-02,33,1,SKU0027,3,9300,0.0,27900.0
3959,1123,2025-09-02,33,1,SKU0036,4,21500,0.15,73100.0
3960,1123,2025-09-02,33,1,SKU0042,5,10800,0.0,54000.0
3961,1124,2026-06-14,44,1,SKU0001,2,4400,0.1,7920.0
3962,1125,2024-12-09,50,1,SKU0026,3,5500,0.0,16500.0
3963,1125,2024-12-09,50,1,SKU0012,5,2100,0.0,10500.0
3964,1125,2024-12-09,50,1,SKU0001,4,3800,0.15,12920.0
3965,1125,2024-12-09,50,1,SKU0024,1,2300,0.0,2300.0
3966,1126,2025-02-11,2,1,SKU0028,1,3150,0.0,3150.0
3967,1126,2025-02-11,2,1,SKU0025,4,7450,0.0,29800.0
3968,1126,2025-02-11,2,1,SKU0018,3,4300,0.15,10965.0
3969,1126,2025-02-11,2,1,SKU0006,1,2500,0.1,2250.0
3970,1127,2026-02-16,6,2,SKU0001,3,4400,0.0,13200.0
3971,1127,2026-02-16,6,2,SKU0029,4,7200,0.05,27360.0
3972,1127,2026-02-16,6,2,SKU0035,5,17300,0.0,86500.0
3973,1128,2026-03-07,50,5,SKU0003,3,2550,0.15,6502.5
3974,1128,2026-03-07,50,5,SKU0034,5,3500,0.15,14875.0
3975,1128,2026-03-07,50,5,SKU0040,2,6250,0.0,12500.0
3976,1128,2026-03-07,50,5,SKU0001,4,4400,0.05,16720.0
3977,1129,2025-11-09,13,3,SKU0010,4,9300,0.0,37200.0
3978,1129,2025-11-09,13,3,SKU0025,4,7450,0.05,28310.0
3979,1129,2025-11-09,13,3,SKU0035,4,16100,0.15,54740.0
3980,1129,2025-11-09,13,3,SKU0037,1,16500,0.05,15675.0
3981,1129,2025-11-09,13,3,SKU0040,2,5850,0.05,11115.0
3982,1130,2026-03-20,28,5,SKU0034,5,3500,0.1,15750.0
3983,1130,2026-03-20,28,5,SKU0041,4,10450,0.15,35530.0
3984,1130,2026-03-20,28,5,SKU0037,5,17750,0.0,88750.0
3985,1130,2026-03-20,28,5,SKU0008,3,4500,0.0,13500.0
3986,1130,2026-03-20,28,5,SKU0031,3,3700,0.15,9435.0
3987,1131,2026-01-02,38,4,SKU0024,1,2650,0.05,2517.5
3988,1131,2026-01-02,38,4,SKU0030,4,4050,0.0,16200.0
3989,1132,2025-11-22,2,5,SKU0009,1,3650,0.0,3650.0
3990,1132,2025-11-22,2,5,SKU0002,4,4650,0.1,16740.0
3991,1133,2025-07-01,49,3,SKU0041,2,9700,0.0,19400.0
3992,1133,2025-07-01,49,3,SKU0034,1,3250,0.0,3250.0
3993,1133,2025-07-01,49,3,SKU0037,1,16500,0.05,15675.0
3994,1133,2025-07-01,49,3,SKU0036,1,21500,0.15,18275.0
3995,1134,2025-10-19,37,3,SKU0005,3,8400,0.0,25200.0
3996,1134,2025-10-19,37,3,SKU0030,5,3800,0.0,19000.0
3997,1135,2025-03-29,8,4,SKU0030,4,3800,0.0,15200.0
3998,1135,2025-03-29,8,4,SKU0019,4,2800,0.05,10640.0
3999,1135,2025-03-29,8,4,SKU0006,2,2500,0.15,4250.0
4000,1135,2025-03-29,8,4,SKU0009,1,3650,0.0,3650.0
4001,1136,2025-01-26,35,5,SKU0018,5,4300,0.1,19350.0
4002,1136,2025-01-26,35,5,SKU0006,5,2500,0.0,12500.0
4003,1137,2025-01-27,9,4,SKU0012,5,2250,0.0,11250.0
4004,1137,2025-01-27,9,4,SKU0011,3,4650,0.05,13252.5
4005,1137,2025-01-27,9,4,SKU0010,5,9300,0.0,46500.0
4006,1138,2024-07-23,29,1,SKU0017,3,13000,0.1,35100.0
4007,1138,2024-07-23,29,1,SKU0024,3,2300,0.0,6900.0
4008,1138,2024-07-23,29,1,SKU0018,4,4000,0.15,13600.0
4009,1138,2024-07-23,29,1,SKU0009,1,3400,0.0,3400.0
4010,1138,2024-07-23,29,1,SKU0007,4,5000,0.15,17000.0
4011,1138,2024-07-23,29,1,SKU0036,5,19900,0.0,99500.0
4012,1139,2024-08-30,1,5,SKU0009,4,3400,0.15,11560.0
4013,1139,2024-08-30,1,5,SKU0024,1,2300,0.1,2070.0
4014,1140,2026-06-21,37,1,SKU0004,3,10450,0.0,31350.0
4015,1140,2026-06-21,37,1,SKU0005,4,9050,0.0,36200.0
4016,1140,2026-06-21,37,1,SKU0026,2,6400,0.15,10880.0
4017,1140,2026-06-21,37,1,SKU0015,2,5800,0.0,11600.0
4018,1140,2026-06-21,37,1,SKU0022,4,3000,0.0,12000.0
4019,1140,2026-06-21,37,1,SKU0027,5,10000,0.0,50000.0
4020,1141,2025-05-26,36,5,SKU0018,1,4300,0.0,4300.0
4021,1141,2025-05-26,36,5,SKU0001,5,4100,0.1,18450.0
4022,1141,2025-05-26,36,5,SKU0004,5,9700,0.0,48500.0
4023,1142,2024-09-13,11,3,SKU0029,4,6200,0.05,23560.0
4024,1142,2024-09-13,11,3,SKU0016,3,3700,0.0,11100.0
4025,1142,2024-09-13,11,3,SKU0006,4,2300,0.0,9200.0
4026,1142,2024-09-13,11,3,SKU0009,1,3400,0.15,2890.0
4027,1142,2024-09-13,11,3,SKU0027,3,8600,0.05,24510.0
4028,1142,2024-09-13,11,3,SKU0005,1,7800,0.0,7800.0
4029,1143,2024-06-07,8,5,SKU0001,4,3800,0.15,12920.0
4030,1143,2024-06-07,8,5,SKU0040,1,5400,0.15,4590.0
4031,1143,2024-06-07,8,5,SKU0012,1,2100,0.0,2100.0
4032,1144,2024-04-01,12,4,SKU0003,3,2200,0.0,6600.0
4033,1145,2026-04-01,29,1,SKU0009,4,3950,0.05,15010.0
4034,1145,2026-04-01,29,1,SKU0013,3,5200,0.1,14040.0
4035,1145,2026-04-01,29,1,SKU0003,1,2550,0.0,2550.0
4036,1145,2026-04-01,29,1,SKU0030,4,4050,0.0,16200.0
4037,1145,2026-04-01,29,1,SKU0005,1,9050,0.05,8597.5
4038,1146,2024-04-28,37,3,SKU0021,5,3800,0.05,18050.0
4039,1146,2024-04-28,37,3,SKU0019,4,2600,0.0,10400.0
4040,1146,2024-04-28,37,3,SKU0015,5,5000,0.05,23750.0
4041,1146,2024-04-28,37,3,SKU0042,5,10000,0.0,50000.0
4042,1146,2024-04-28,37,3,SKU0010,4,8600,0.0,34400.0
4043,1147,2026-01-29,9,5,SKU0018,4,4650,0.15,15810.0
4044,1147,2026-01-29,9,5,SKU0031,1,3700,0.05,3515.0
4045,1147,2026-01-29,9,5,SKU0008,5,4500,0.0,22500.0
4046,1148,2026-03-25,31,2,SKU0035,1,17300,0.0,17300.0
4047,1148,2026-03-25,31,2,SKU0006,3,2650,0.0,7950.0
4048,1148,2026-03-25,31,2,SKU0014,1,6600,0.0,6600.0
4049,1149,2026-05-03,23,5,SKU0040,3,6250,0.0,18750.0
4050,1149,2026-05-03,23,5,SKU0026,3,6400,0.0,19200.0
4051,1149,2026-05-03,23,5,SKU0015,3,5800,0.05,16530.0
4052,1149,2026-05-03,23,5,SKU0012,2,2450,0.0,4900.0
4053,1149,2026-05-03,23,5,SKU0005,2,9050,0.0,18100.0
4054,1149,2026-05-03,23,5,SKU0030,5,4050,0.0,20250.0
4055,1150,2024-02-15,26,3,SKU0028,5,2900,0.0,14500.0
4056,1150,2024-02-15,26,3,SKU0003,3,2200,0.0,6600.0
4057,1150,2024-02-15,26,3,SKU0029,5,6200,0.05,29450.0
4058,1150,2024-02-15,26,3,SKU0013,2,4500,0.05,8550.0
4059,1150,2024-02-15,26,3,SKU0038,3,8300,0.0,24900.0
4060,1151,2025-01-02,21,2,SKU0041,5,9700,0.0,48500.0
4061,1151,2025-01-02,21,2,SKU0020,3,2500,0.0,7500.0
4062,1151,2025-01-02,21,2,SKU0026,1,5950,0.0,5950.0
4063,1151,2025-01-02,21,2,SKU0009,4,3650,0.0,14600.0
4064,1152,2026-01-25,46,1,SKU0024,3,2650,0.0,7950.0
4065,1152,2026-01-25,46,1,SKU0029,3,7200,0.0,21600.0
4066,1152,2026-01-25,46,1,SKU0040,2,6250,0.0,12500.0
4067,1152,2026-01-25,46,1,SKU0022,5,3000,0.0,15000.0
4068,1153,2024-05-31,47,1,SKU0003,1,2200,0.0,2200.0
4069,1153,2024-05-31,47,1,SKU0035,3,14900,0.1,40230.0
4070,1153,2024-05-31,47,1,SKU0022,1,2600,0.1,2340.0
4071,1153,2024-05-31,47,1,SKU0021,5,3800,0.0,19000.0
4072,1153,2024-05-31,47,1,SKU0007,2,5000,0.0,10000.0
4073,1154,2025-02-11,6,1,SKU0033,1,3350,0.0,3350.0
4074,1154,2025-02-11,6,1,SKU0025,3,7450,0.15,18997.5
4075,1154,2025-02-11,6,1,SKU0007,3,5400,0.1,14580.0
4076,1154,2025-02-11,6,1,SKU0039,4,14150,0.1,50940.0
4077,1155,2024-07-03,25,1,SKU0012,3,2100,0.15,5355.0
4078,1155,2024-07-03,25,1,SKU0011,3,4300,0.1,11610.0
4079,1155,2024-07-03,25,1,SKU0002,1,4300,0.1,3870.0
4080,1155,2024-07-03,25,1,SKU0026,2,5500,0.0,11000.0
4081,1155,2024-07-03,25,1,SKU0024,1,2300,0.1,2070.0
4082,1155,2024-07-03,25,1,SKU0015,2,5000,0.0,10000.0
4083,1156,2026-03-22,29,3,SKU0023,1,14950,0.0,14950.0
4084,1156,2026-03-22,29,3,SKU0004,3,10450,0.0,31350.0
4085,1156,2026-03-22,29,3,SKU0001,3,4400,0.0,13200.0
4086,1156,2026-03-22,29,3,SKU0011,2,5000,0.0,10000.0
4087,1156,2026-03-22,29,3,SKU0027,5,10000,0.0,50000.0
4088,1157,2026-01-29,29,5,SKU0003,1,2550,0.15,2167.5
4089,1157,2026-01-29,29,5,SKU0029,4,7200,0.0,28800.0
4090,1157,2026-01-29,29,5,SKU0019,4,3000,0.1,10800.0
4091,1158,2026-03-04,13,2,SKU0039,5,15200,0.1,68400.0
4092,1158,2026-03-04,13,2,SKU0036,3,23100,0.1,62370.0
4093,1158,2026-03-04,13,2,SKU0004,1,10450,0.0,10450.0
4094,1158,2026-03-04,13,2,SKU0023,1,14950,0.0,14950.0
4095,1159,2024-07-07,1,4,SKU0040,1,5400,0.0,5400.0
4096,1159,2024-07-07,1,4,SKU0014,5,5700,0.0,28500.0
4097,1159,2024-07-07,1,4,SKU0020,1,2300,0.0,2300.0
4098,1160,2025-04-11,23,2,SKU0014,4,6150,0.0,24600.0
4099,1161,2025-03-17,33,5,SKU0019,2,2800,0.1,5040.0
4100,1161,2025-03-17,33,5,SKU0005,3,8400,0.05,23940.0
4101,1161,2025-03-17,33,5,SKU0041,5,9700,0.0,48500.0
4102,1161,2025-03-17,33,5,SKU0035,5,16100,0.0,80500.0
4103,1161,2025-03-17,33,5,SKU0020,3,2500,0.15,6375.0
4104,1161,2025-03-17,33,5,SKU0007,2,5400,0.0,10800.0
4105,1162,2025-11-15,44,5,SKU0010,4,9300,0.0,37200.0
4106,1162,2025-11-15,44,5,SKU0003,1,2400,0.0,2400.0
4107,1162,2025-11-15,44,5,SKU0024,4,2500,0.0,10000.0
4108,1163,2024-09-25,37,5,SKU0042,1,10000,0.0,10000.0
4109,1164,2025-04-17,37,4,SKU0004,4,9700,0.0,38800.0
4110,1164,2025-04-17,37,4,SKU0005,1,8400,0.15,7140.0
4111,1164,2025-04-17,37,4,SKU0035,2,16100,0.0,32200.0
4112,1164,2025-04-17,37,4,SKU0025,5,7450,0.0,37250.0
4113,1164,2025-04-17,37,4,SKU0029,2,6700,0.1,12060.0
4114,1165,2024-11-15,14,2,SKU0019,1,2600,0.0,2600.0
4115,1165,2024-11-15,14,2,SKU0020,4,2300,0.0,9200.0
4116,1165,2024-11-15,14,2,SKU0038,4,8300,0.0,33200.0
4117,1165,2024-11-15,14,2,SKU0024,2,2300,0.0,4600.0
4118,1165,2024-11-15,14,2,SKU0015,3,5000,0.0,15000.0
4119,1166,2026-01-10,14,2,SKU0023,3,14950,0.0,44850.0
4120,1166,2026-01-10,14,2,SKU0001,2,4400,0.0,8800.0
4121,1166,2026-01-10,14,2,SKU0005,2,9050,0.0,18100.0
4122,1166,2026-01-10,14,2,SKU0032,1,3600,0.0,3600.0
4123,1166,2026-01-10,14,2,SKU0014,5,6600,0.0,33000.0
4124,1166,2026-01-10,14,2,SKU0025,2,8000,0.05,15200.0
4125,1167,2025-04-22,4,2,SKU0037,1,16500,0.0,16500.0
4126,1167,2025-04-22,4,2,SKU0010,1,9300,0.1,8370.0
4127,1167,2025-04-22,4,2,SKU0015,1,5400,0.05,5130.0
4128,1167,2025-04-22,4,2,SKU0040,1,5850,0.1,5265.0
4129,1167,2025-04-22,4,2,SKU0020,4,2500,0.15,8500.0
4130,1167,2025-04-22,4,2,SKU0022,1,2800,0.0,2800.0
4131,1168,2025-07-08,16,1,SKU0035,1,16100,0.0,16100.0
4132,1168,2025-07-08,16,1,SKU0036,1,21500,0.0,21500.0
4133,1168,2025-07-08,16,1,SKU0027,4,9300,0.0,37200.0
4134,1168,2025-07-08,16,1,SKU0033,4,3350,0.0,13400.0
4135,1168,2025-07-08,16,1,SKU0017,2,14050,0.05,26695.0
4136,1168,2025-07-08,16,1,SKU0016,1,4000,0.0,4000.0
4137,1169,2024-12-09,44,3,SKU0022,4,2600,0.0,10400.0
4138,1169,2024-12-09,44,3,SKU0037,5,15300,0.15,65025.0
4139,1169,2024-12-09,44,3,SKU0036,2,19900,0.0,39800.0
4140,1169,2024-12-09,44,3,SKU0035,2,14900,0.05,28310.0
4141,1170,2026-03-03,48,5,SKU0020,2,2650,0.15,4505.0
4142,1170,2026-03-03,48,5,SKU0011,2,5000,0.0,10000.0
4143,1170,2026-03-03,48,5,SKU0026,2,6400,0.15,10880.0
4144,1170,2026-03-03,48,5,SKU0003,1,2550,0.1,2295.0
4145,1171,2025-05-10,10,4,SKU0023,1,13950,0.0,13950.0
4146,1171,2025-05-10,10,4,SKU0034,4,3250,0.0,13000.0
4147,1171,2025-05-10,10,4,SKU0012,1,2250,0.1,2025.0
4148,1172,2026-03-25,39,2,SKU0029,1,7200,0.0,7200.0
4149,1173,2025-02-02,23,2,SKU0036,2,21500,0.0,43000.0
4150,1173,2025-02-02,23,2,SKU0001,4,4100,0.1,14760.0
4151,1174,2026-06-21,11,1,SKU0039,5,15200,0.05,72200.0
4152,1174,2026-06-21,11,1,SKU0011,4,5000,0.1,18000.0
4153,1174,2026-06-21,11,1,SKU0005,1,9050,0.1,8145.0
4154,1174,2026-06-21,11,1,SKU0023,3,14950,0.05,42607.5
4155,1174,2026-06-21,11,1,SKU0034,1,3500,0.0,3500.0
4156,1174,2026-06-21,11,1,SKU0008,1,4500,0.15,3825.0
4157,1175,2026-07-20,8,5,SKU0014,5,6600,0.05,31350.0
4158,1175,2026-07-20,8,5,SKU0035,1,17300,0.1,15570.0
4159,1175,2026-07-20,8,5,SKU0024,5,2650,0.0,13250.0
4160,1175,2026-07-20,8,5,SKU0022,5,3000,0.1,13500.0
4161,1176,2025-05-04,30,4,SKU0007,5,5400,0.05,25650.0
4162,1176,2025-05-04,30,4,SKU0025,1,7450,0.1,6705.0
4163,1177,2024-11-12,4,3,SKU0031,5,3200,0.15,13600.0
4164,1177,2024-11-12,4,3,SKU0035,2,14900,0.0,29800.0
4165,1178,2025-02-16,36,4,SKU0010,5,9300,0.0,46500.0
4166,1178,2025-02-16,36,4,SKU0033,3,3350,0.0,10050.0
4167,1178,2025-02-16,36,4,SKU0038,1,8950,0.1,8055.0
4168,1178,2025-02-16,36,4,SKU0031,1,3450,0.05,3277.5
4169,1178,2025-02-16,36,4,SKU0012,2,2250,0.0,4500.0
4170,1179,2025-07-02,47,4,SKU0001,2,4100,0.05,7790.0
4171,1179,2025-07-02,47,4,SKU0004,2,9700,0.05,18430.0
4172,1180,2026-07-06,19,5,SKU0041,2,10450,0.1,18810.0
4173,1180,2026-07-06,19,5,SKU0015,2,5800,0.0,11600.0
4174,1181,2026-03-10,17,1,SKU0018,2,4650,0.1,8370.0
4175,1181,2026-03-10,17,1,SKU0032,2,3600,0.1,6480.0
4176,1181,2026-03-10,17,1,SKU0042,5,11600,0.1,52200.0
4177,1182,2026-02-25,8,1,SKU0024,1,2650,0.1,2385.0
4178,1182,2026-02-25,8,1,SKU0037,2,17750,0.1,31950.0
4179,1182,2026-02-25,8,1,SKU0039,1,15200,0.0,15200.0
4180,1182,2026-02-25,8,1,SKU0013,1,5200,0.1,4680.0
4181,1183,2024-06-08,14,1,SKU0010,2,8600,0.1,15480.0
4182,1183,2024-06-08,14,1,SKU0015,4,5000,0.0,20000.0
4183,1183,2024-06-08,14,1,SKU0009,3,3400,0.15,8670.0
4184,1184,2024-10-09,9,1,SKU0024,1,2300,0.15,1955.0
4185,1184,2024-10-09,9,1,SKU0013,2,4500,0.05,8550.0
4186,1185,2025-10-15,6,4,SKU0004,4,9700,0.0,38800.0
4187,1185,2025-10-15,6,4,SKU0027,1,9300,0.1,8370.0
4188,1185,2025-10-15,6,4,SKU0017,1,14050,0.0,14050.0
4189,1186,2026-04-25,46,5,SKU0029,4,7200,0.0,28800.0
4190,1186,2026-04-25,46,5,SKU0030,4,4050,0.05,15390.0
4191,1187,2025-07-26,7,5,SKU0015,2,5400,0.05,10260.0
4192,1187,2025-07-26,7,5,SKU0009,1,3650,0.0,3650.0
4193,1187,2025-07-26,7,5,SKU0005,1,8400,0.0,8400.0
4194,1187,2025-07-26,7,5,SKU0002,3,4650,0.0,13950.0
4195,1187,2025-07-26,7,5,SKU0042,5,10800,0.0,54000.0
4196,1188,2024-04-30,11,5,SKU0034,5,3000,0.15,12750.0
4197,1188,2024-04-30,11,5,SKU0014,3,5700,0.0,17100.0
4198,1188,2024-04-30,11,5,SKU0008,5,3900,0.0,19500.0
4199,1188,2024-04-30,11,5,SKU0002,4,4300,0.0,17200.0
4200,1188,2024-04-30,11,5,SKU0017,2,13000,0.05,24700.0
4201,1188,2024-04-30,11,5,SKU0016,1,3700,0.15,3145.0
4202,1189,2026-04-02,13,1,SKU0032,3,3600,0.0,10800.0
4203,1189,2026-04-02,13,1,SKU0001,5,4400,0.0,22000.0
4204,1189,2026-04-02,13,1,SKU0033,4,3600,0.15,12240.0
4205,1189,2026-04-02,13,1,SKU0004,4,10450,0.0,41800.0
4206,1190,2026-04-07,49,1,SKU0015,5,5800,0.05,27550.0
4207,1190,2026-04-07,49,1,SKU0026,4,6400,0.0,25600.0
4208,1190,2026-04-07,49,1,SKU0010,3,10000,0.0,30000.0
4209,1190,2026-04-07,49,1,SKU0006,3,2650,0.05,7552.5
4210,1191,2024-11-15,19,3,SKU0042,4,10000,0.0,40000.0
4211,1191,2024-11-15,19,3,SKU0003,2,2200,0.1,3960.0
4212,1191,2024-11-15,19,3,SKU0029,3,6200,0.05,17670.0
4213,1192,2026-01-22,50,2,SKU0015,5,5800,0.0,29000.0
4214,1192,2026-01-22,50,2,SKU0037,2,17750,0.0,35500.0
4215,1192,2026-01-22,50,2,SKU0027,2,10000,0.0,20000.0
4216,1192,2026-01-22,50,2,SKU0023,2,14950,0.0,29900.0
4217,1192,2026-01-22,50,2,SKU0001,2,4400,0.0,8800.0
4218,1192,2026-01-22,50,2,SKU0020,1,2650,0.0,2650.0
4219,1193,2024-11-02,19,2,SKU0014,3,5700,0.1,15390.0
4220,1193,2024-11-02,19,2,SKU0027,5,8600,0.1,38700.0
4221,1193,2024-11-02,19,2,SKU0009,3,3400,0.0,10200.0
4222,1194,2026-05-20,44,2,SKU0033,5,3600,0.1,16200.0
4223,1195,2024-06-17,3,5,SKU0032,2,3100,0.1,5580.0
4224,1195,2024-06-17,3,5,SKU0039,3,13100,0.15,33405.0
4225,1195,2024-06-17,3,5,SKU0040,1,5400,0.1,4860.0
4226,1195,2024-06-17,3,5,SKU0007,5,5000,0.05,23750.0
4227,1195,2024-06-17,3,5,SKU0027,4,8600,0.0,34400.0
4228,1195,2024-06-17,3,5,SKU0010,2,8600,0.0,17200.0
4229,1196,2025-04-11,36,3,SKU0009,4,3650,0.0,14600.0
4230,1196,2025-04-11,36,3,SKU0019,3,2800,0.1,7560.0
4231,1197,2026-06-20,4,3,SKU0016,2,4300,0.0,8600.0
4232,1197,2026-06-20,4,3,SKU0015,1,5800,0.1,5220.0
4233,1197,2026-06-20,4,3,SKU0017,3,15100,0.15,38505.0
4234,1197,2026-06-20,4,3,SKU0013,5,5200,0.0,26000.0
4235,1197,2026-06-20,4,3,SKU0003,4,2550,0.0,10200.0
4236,1198,2024-09-08,24,3,SKU0030,3,3500,0.0,10500.0
4237,1198,2024-09-08,24,3,SKU0025,3,6900,0.15,17595.0
4238,1198,2024-09-08,24,3,SKU0037,4,15300,0.0,61200.0
4239,1199,2025-04-24,38,3,SKU0041,3,9700,0.05,27645.0
4240,1199,2025-04-24,38,3,SKU0022,4,2800,0.15,9520.0
4241,1199,2025-04-24,38,3,SKU0013,3,4850,0.0,14550.0
4242,1199,2025-04-24,38,3,SKU0024,4,2500,0.1,9000.0
4243,1199,2025-04-24,38,3,SKU0016,5,4000,0.15,17000.0
4244,1199,2025-04-24,38,3,SKU0028,5,3150,0.0,15750.0
4245,1200,2025-01-14,5,4,SKU0018,1,4300,0.0,4300.0
4246,1200,2025-01-14,5,4,SKU0009,3,3650,0.0,10950.0
4247,1201,2024-02-01,24,1,SKU0001,5,3800,0.0,19000.0
4248,1201,2024-02-01,24,1,SKU0037,3,15300,0.0,45900.0
4249,1201,2024-02-01,24,1,SKU0022,4,2600,0.05,9880.0
4250,1201,2024-02-01,24,1,SKU0040,2,5400,0.0,10800.0
4251,1201,2024-02-01,24,1,SKU0020,3,2300,0.05,6555.0
4252,1202,2024-03-05,25,4,SKU0029,2,6200,0.0,12400.0
4253,1202,2024-03-05,25,4,SKU0012,4,2100,0.15,7140.0
4254,1202,2024-03-05,25,4,SKU0008,3,3900,0.0,11700.0
4255,1203,2025-06-09,16,3,SKU0038,3,8950,0.0,26850.0
4256,1203,2025-06-09,16,3,SKU0008,3,4200,0.1,11340.0
4257,1203,2025-06-09,16,3,SKU0018,5,4300,0.05,20425.0
4258,1203,2025-06-09,16,3,SKU0012,2,2250,0.0,4500.0
4259,1203,2025-06-09,16,3,SKU0025,2,7450,0.0,14900.0
4260,1203,2025-06-09,16,3,SKU0041,1,9700,0.0,9700.0
4261,1204,2024-09-23,50,3,SKU0014,5,5700,0.0,28500.0
4262,1204,2024-09-23,50,3,SKU0004,2,9000,0.1,16200.0
4263,1204,2024-09-23,50,3,SKU0029,4,6200,0.0,24800.0
4264,1205,2026-07-27,7,1,SKU0035,1,17300,0.0,17300.0
4265,1206,2025-02-09,34,3,SKU0010,1,9300,0.0,9300.0
4266,1206,2025-02-09,34,3,SKU0008,5,4200,0.0,21000.0
4267,1207,2024-02-03,6,5,SKU0021,3,3800,0.15,9690.0
4268,1207,2024-02-03,6,5,SKU0011,3,4300,0.1,11610.0
4269,1207,2024-02-03,6,5,SKU0014,2,5700,0.0,11400.0
4270,1208,2026-06-08,33,4,SKU0018,1,4650,0.0,4650.0
4271,1208,2026-06-08,33,4,SKU0042,4,11600,0.0,46400.0
4272,1208,2026-06-08,33,4,SKU0032,2,3600,0.15,6120.0
4273,1209,2026-03-28,42,1,SKU0034,4,3500,0.0,14000.0
4274,1209,2026-03-28,42,1,SKU0027,2,10000,0.05,19000.0
4275,1209,2026-03-28,42,1,SKU0022,4,3000,0.0,12000.0
4276,1209,2026-03-28,42,1,SKU0010,3,10000,0.0,30000.0
4277,1209,2026-03-28,42,1,SKU0015,2,5800,0.0,11600.0
4278,1209,2026-03-28,42,1,SKU0029,4,7200,0.0,28800.0
4279,1210,2025-10-23,8,3,SKU0042,1,10800,0.15,9180.0
4280,1211,2026-02-16,41,3,SKU0029,1,7200,0.0,7200.0
4281,1211,2026-02-16,41,3,SKU0035,3,17300,0.0,51900.0
4282,1212,2024-06-07,42,5,SKU0003,2,2200,0.0,4400.0
4283,1212,2024-06-07,42,5,SKU0042,3,10000,0.0,30000.0
4284,1212,2024-06-07,42,5,SKU0002,3,4300,0.0,12900.0
4285,1212,2024-06-07,42,5,SKU0010,2,8600,0.0,17200.0
4286,1212,2024-06-07,42,5,SKU0031,4,3200,0.0,12800.0
4287,1212,2024-06-07,42,5,SKU0012,5,2100,0.0,10500.0
4288,1213,2024-11-17,15,5,SKU0008,2,3900,0.0,7800.0
4289,1213,2024-11-17,15,5,SKU0014,2,5700,0.0,11400.0
4290,1213,2024-11-17,15,5,SKU0026,2,5500,0.0,11000.0
4291,1213,2024-11-17,15,5,SKU0034,5,3000,0.0,15000.0
4292,1213,2024-11-17,15,5,SKU0006,3,2300,0.1,6210.0
4293,1213,2024-11-17,15,5,SKU0032,2,3100,0.05,5890.0
4294,1214,2026-03-20,50,4,SKU0002,2,5000,0.05,9500.0
4295,1214,2026-03-20,50,4,SKU0039,4,15200,0.15,51680.0
4296,1215,2025-12-01,16,3,SKU0024,3,2500,0.15,6375.0
4297,1215,2025-12-01,16,3,SKU0040,2,5850,0.0,11700.0
4298,1216,2024-06-08,10,2,SKU0041,2,9000,0.1,16200.0
4299,1216,2024-06-08,10,2,SKU0029,5,6200,0.0,31000.0
4300,1217,2025-12-08,34,5,SKU0012,2,2250,0.15,3825.0
4301,1217,2025-12-08,34,5,SKU0001,3,4100,0.0,12300.0
4302,1217,2025-12-08,34,5,SKU0019,2,2800,0.0,5600.0
4303,1217,2025-12-08,34,5,SKU0024,4,2500,0.0,10000.0
4304,1217,2025-12-08,34,5,SKU0031,1,3450,0.05,3277.5
4305,1218,2025-04-21,23,1,SKU0026,4,5950,0.0,23800.0
4306,1218,2025-04-21,23,1,SKU0006,5,2500,0.0,12500.0
4307,1218,2025-04-21,23,1,SKU0004,4,9700,0.05,36860.0
4308,1218,2025-04-21,23,1,SKU0036,4,21500,0.15,73100.0
4309,1219,2024-01-07,8,5,SKU0013,1,4500,0.0,4500.0
4310,1219,2024-01-07,8,5,SKU0025,1,6900,0.0,6900.0
4311,1220,2024-04-04,8,2,SKU0007,2,5000,0.05,9500.0
4312,1220,2024-04-04,8,2,SKU0023,5,12900,0.1,58050.0
4313,1220,2024-04-04,8,2,SKU0042,2,10000,0.1,18000.0
4314,1220,2024-04-04,8,2,SKU0036,1,19900,0.15,16915.0
4315,1221,2024-10-15,32,4,SKU0017,3,13000,0.0,39000.0
4316,1221,2024-10-15,32,4,SKU0035,3,14900,0.0,44700.0
4317,1221,2024-10-15,32,4,SKU0042,2,10000,0.0,20000.0
4318,1221,2024-10-15,32,4,SKU0026,2,5500,0.1,9900.0
4319,1221,2024-10-15,32,4,SKU0031,2,3200,0.0,6400.0
4320,1221,2024-10-15,32,4,SKU0013,2,4500,0.1,8100.0
4321,1222,2026-03-25,33,1,SKU0007,5,5800,0.1,26100.0
4322,1222,2026-03-25,33,1,SKU0039,5,15200,0.0,76000.0
4323,1222,2026-03-25,33,1,SKU0019,2,3000,0.0,6000.0
4324,1222,2026-03-25,33,1,SKU0017,3,15100,0.0,45300.0
4325,1222,2026-03-25,33,1,SKU0010,1,10000,0.0,10000.0
4326,1222,2026-03-25,33,1,SKU0023,2,14950,0.15,25415.0
4327,1223,2025-07-21,40,3,SKU0024,1,2500,0.0,2500.0
4328,1223,2025-07-21,40,3,SKU0042,2,10800,0.15,18360.0
4329,1224,2025-12-24,41,4,SKU0005,1,8400,0.05,7980.0
4330,1224,2025-12-24,41,4,SKU0042,1,10800,0.0,10800.0
4331,1225,2025-07-02,26,4,SKU0007,4,5400,0.1,19440.0
4332,1225,2025-07-02,26,4,SKU0016,3,4000,0.0,12000.0
4333,1225,2025-07-02,26,4,SKU0001,5,4100,0.0,20500.0
4334,1226,2024-05-09,50,1,SKU0036,4,19900,0.0,79600.0
4335,1226,2024-05-09,50,1,SKU0021,4,3800,0.1,13680.0
4336,1226,2024-05-09,50,1,SKU0010,1,8600,0.05,8170.0
4337,1226,2024-05-09,50,1,SKU0001,3,3800,0.1,10260.0
4338,1226,2024-05-09,50,1,SKU0005,4,7800,0.0,31200.0
4339,1226,2024-05-09,50,1,SKU0015,5,5000,0.15,21250.0
4340,1227,2024-11-18,47,4,SKU0024,1,2300,0.0,2300.0
4341,1227,2024-11-18,47,4,SKU0025,3,6900,0.0,20700.0
4342,1227,2024-11-18,47,4,SKU0005,5,7800,0.0,39000.0
4343,1227,2024-11-18,47,4,SKU0021,2,3800,0.1,6840.0
4344,1227,2024-11-18,47,4,SKU0018,1,4000,0.0,4000.0
4345,1227,2024-11-18,47,4,SKU0031,1,3200,0.0,3200.0
4346,1228,2024-12-01,47,3,SKU0005,5,7800,0.15,33150.0
4347,1229,2024-02-28,44,3,SKU0028,5,2900,0.1,13050.0
4348,1229,2024-02-28,44,3,SKU0018,1,4000,0.05,3800.0
4349,1229,2024-02-28,44,3,SKU0002,4,4300,0.05,16340.0
4350,1230,2025-03-25,14,5,SKU0029,3,6700,0.15,17085.0
4351,1230,2025-03-25,14,5,SKU0036,2,21500,0.0,43000.0
4352,1230,2025-03-25,14,5,SKU0032,4,3350,0.15,11390.0
4353,1231,2026-02-18,1,2,SKU0017,2,15100,0.0,30200.0
4354,1232,2025-04-29,11,1,SKU0040,4,5850,0.0,23400.0
4355,1233,2024-05-09,9,1,SKU0020,2,2300,0.05,4370.0
4356,1233,2024-05-09,9,1,SKU0005,2,7800,0.15,13260.0
4357,1234,2026-05-19,46,4,SKU0026,4,6400,0.0,25600.0
4358,1234,2026-05-19,46,4,SKU0030,1,4050,0.05,3847.5
4359,1234,2026-05-19,46,4,SKU0035,5,17300,0.0,86500.0
4360,1234,2026-05-19,46,4,SKU0037,2,17750,0.0,35500.0
4361,1234,2026-05-19,46,4,SKU0042,2,11600,0.0,23200.0
4362,1235,2025-09-04,32,4,SKU0006,2,2500,0.0,5000.0
4363,1235,2025-09-04,32,4,SKU0039,4,14150,0.1,50940.0
4364,1236,2024-01-20,25,1,SKU0022,5,2600,0.0,13000.0
4365,1236,2024-01-20,25,1,SKU0037,5,15300,0.0,76500.0
4366,1236,2024-01-20,25,1,SKU0034,3,3000,0.0,9000.0
4367,1236,2024-01-20,25,1,SKU0035,2,14900,0.1,26820.0
4368,1237,2025-06-21,44,5,SKU0020,3,2500,0.0,7500.0
4369,1237,2025-06-21,44,5,SKU0013,2,4850,0.0,9700.0
4370,1237,2025-06-21,44,5,SKU0008,5,4200,0.1,18900.0
4371,1237,2025-06-21,44,5,SKU0039,5,14150,0.1,63675.0
4372,1237,2025-06-21,44,5,SKU0006,3,2500,0.0,7500.0
4373,1237,2025-06-21,44,5,SKU0025,2,7450,0.0,14900.0
4374,1238,2024-09-30,10,1,SKU0008,1,3900,0.0,3900.0
4375,1238,2024-09-30,10,1,SKU0038,1,8300,0.15,7055.0
4376,1239,2024-06-13,23,4,SKU0018,4,4000,0.15,13600.0
4377,1239,2024-06-13,23,4,SKU0019,3,2600,0.0,7800.0
4378,1239,2024-06-13,23,4,SKU0037,1,15300,0.1,13770.0
4379,1239,2024-06-13,23,4,SKU0041,1,9000,0.0,9000.0
4380,1240,2025-04-03,9,4,SKU0030,4,3800,0.0,15200.0
4381,1240,2025-04-03,9,4,SKU0026,3,5950,0.05,16957.5
4382,1240,2025-04-03,9,4,SKU0020,4,2500,0.05,9500.0
4383,1240,2025-04-03,9,4,SKU0035,4,16100,0.0,64400.0
4384,1240,2025-04-03,9,4,SKU0028,1,3150,0.0,3150.0
4385,1241,2025-09-21,13,4,SKU0028,3,3150,0.0,9450.0
4386,1241,2025-09-21,13,4,SKU0003,1,2400,0.0,2400.0
4387,1241,2025-09-21,13,4,SKU0017,2,14050,0.0,28100.0
4388,1242,2024-09-29,21,2,SKU0013,3,4500,0.05,12825.0
4389,1242,2024-09-29,21,2,SKU0003,4,2200,0.05,8360.0
4390,1242,2024-09-29,21,2,SKU0038,2,8300,0.0,16600.0
4391,1242,2024-09-29,21,2,SKU0025,4,6900,0.0,27600.0
4392,1243,2025-03-22,8,5,SKU0023,2,13950,0.0,27900.0
4393,1243,2025-03-22,8,5,SKU0009,3,3650,0.05,10402.5
4394,1243,2025-03-22,8,5,SKU0037,4,16500,0.1,59400.0
4395,1243,2025-03-22,8,5,SKU0025,1,7450,0.0,7450.0
4396,1243,2025-03-22,8,5,SKU0015,3,5400,0.0,16200.0
4397,1243,2025-03-22,8,5,SKU0021,1,4100,0.0,4100.0
4398,1244,2025-11-04,34,2,SKU0027,2,9300,0.0,18600.0
4399,1244,2025-11-04,34,2,SKU0014,3,6150,0.05,17527.5
4400,1244,2025-11-04,34,2,SKU0028,3,3150,0.05,8977.5
4401,1244,2025-11-04,34,2,SKU0020,5,2500,0.15,10625.0
4402,1245,2024-04-11,36,5,SKU0040,3,5400,0.0,16200.0
4403,1245,2024-04-11,36,5,SKU0026,4,5500,0.0,22000.0
4404,1245,2024-04-11,36,5,SKU0023,3,12900,0.0,38700.0
4405,1246,2026-07-12,49,3,SKU0015,1,5800,0.15,4930.0
4406,1246,2026-07-12,49,3,SKU0020,3,2650,0.05,7552.5
4407,1246,2026-07-12,49,3,SKU0017,1,15100,0.0,15100.0
4408,1247,2024-03-22,37,5,SKU0016,4,3700,0.0,14800.0
4409,1247,2024-03-22,37,5,SKU0039,2,13100,0.05,24890.0
4410,1247,2024-03-22,37,5,SKU0017,3,13000,0.0,39000.0
4411,1247,2024-03-22,37,5,SKU0018,3,4000,0.0,12000.0
4412,1247,2024-03-22,37,5,SKU0038,5,8300,0.15,35275.0
4413,1248,2025-06-30,44,5,SKU0010,1,9300,0.05,8835.0
4414,1248,2025-06-30,44,5,SKU0015,3,5400,0.05,15390.0
4415,1249,2025-06-14,27,2,SKU0031,5,3450,0.05,16387.5
4416,1249,2025-06-14,27,2,SKU0014,3,6150,0.0,18450.0
4417,1249,2025-06-14,27,2,SKU0037,2,16500,0.0,33000.0
4418,1249,2025-06-14,27,2,SKU0035,1,16100,0.0,16100.0
4419,1249,2025-06-14,27,2,SKU0042,5,10800,0.0,54000.0
4420,1250,2026-07-23,9,1,SKU0012,3,2450,0.15,6247.5
4421,1250,2026-07-23,9,1,SKU0008,5,4500,0.0,22500.0
4422,1250,2026-07-23,9,1,SKU0031,2,3700,0.0,7400.0
4423,1250,2026-07-23,9,1,SKU0003,4,2550,0.0,10200.0
4424,1250,2026-07-23,9,1,SKU0040,3,6250,0.0,18750.0
4425,1250,2026-07-23,9,1,SKU0021,5,4400,0.0,22000.0
4426,1251,2025-07-26,50,2,SKU0016,1,4000,0.0,4000.0
4427,1252,2025-02-25,20,3,SKU0028,5,3150,0.0,15750.0
4428,1252,2025-02-25,20,3,SKU0020,5,2500,0.0,12500.0
4429,1252,2025-02-25,20,3,SKU0025,1,7450,0.0,7450.0
4430,1252,2025-02-25,20,3,SKU0005,3,8400,0.0,25200.0
4431,1252,2025-02-25,20,3,SKU0010,2,9300,0.15,15810.0
4432,1253,2025-05-11,8,2,SKU0030,2,3800,0.0,7600.0
4433,1253,2025-05-11,8,2,SKU0022,5,2800,0.0,14000.0
4434,1253,2025-05-11,8,2,SKU0026,4,5950,0.0,23800.0
4435,1253,2025-05-11,8,2,SKU0023,5,13950,0.0,69750.0
4436,1253,2025-05-11,8,2,SKU0034,1,3250,0.05,3087.5
4437,1253,2025-05-11,8,2,SKU0040,5,5850,0.0,29250.0
4438,1254,2025-10-10,5,3,SKU0024,4,2500,0.0,10000.0
4439,1254,2025-10-10,5,3,SKU0036,2,21500,0.0,43000.0
4440,1254,2025-10-10,5,3,SKU0020,1,2500,0.0,2500.0
4441,1254,2025-10-10,5,3,SKU0013,5,4850,0.05,23037.5
4442,1254,2025-10-10,5,3,SKU0017,3,14050,0.0,42150.0
4443,1254,2025-10-10,5,3,SKU0021,2,4100,0.0,8200.0
4444,1255,2026-07-17,12,2,SKU0011,2,5000,0.0,10000.0
4445,1255,2026-07-17,12,2,SKU0009,4,3950,0.0,15800.0
4446,1255,2026-07-17,12,2,SKU0003,2,2550,0.0,5100.0
4447,1255,2026-07-17,12,2,SKU0016,4,4300,0.0,17200.0
4448,1256,2024-10-13,42,1,SKU0020,2,2300,0.1,4140.0
4449,1257,2024-01-20,29,5,SKU0033,1,3100,0.05,2945.0
4450,1257,2024-01-20,29,5,SKU0026,3,5500,0.1,14850.0
4451,1257,2024-01-20,29,5,SKU0035,2,14900,0.05,28310.0
4452,1257,2024-01-20,29,5,SKU0002,3,4300,0.0,12900.0
4453,1258,2026-02-14,49,5,SKU0010,1,10000,0.1,9000.0
4454,1259,2025-01-10,43,4,SKU0019,2,2800,0.0,5600.0
4455,1259,2025-01-10,43,4,SKU0005,3,8400,0.0,25200.0
4456,1259,2025-01-10,43,4,SKU0030,3,3800,0.0,11400.0
4457,1259,2025-01-10,43,4,SKU0017,2,14050,0.0,28100.0
4458,1260,2025-12-28,35,3,SKU0011,2,4650,0.15,7905.0
4459,1261,2025-10-03,36,5,SKU0028,2,3150,0.0,6300.0
4460,1261,2025-10-03,36,5,SKU0026,3,5950,0.1,16065.0
4461,1261,2025-10-03,36,5,SKU0022,2,2800,0.0,5600.0
4462,1262,2026-01-29,13,2,SKU0010,1,10000,0.0,10000.0
4463,1262,2026-01-29,13,2,SKU0040,3,6250,0.0,18750.0
4464,1262,2026-01-29,13,2,SKU0015,5,5800,0.0,29000.0
4465,1262,2026-01-29,13,2,SKU0001,2,4400,0.0,8800.0
4466,1262,2026-01-29,13,2,SKU0009,1,3950,0.0,3950.0
4467,1263,2025-12-30,2,2,SKU0017,4,14050,0.0,56200.0
4468,1263,2025-12-30,2,2,SKU0027,1,9300,0.1,8370.0
4469,1264,2024-12-29,45,1,SKU0028,2,2900,0.15,4930.0
4470,1264,2024-12-29,45,1,SKU0030,4,3500,0.05,13300.0
4471,1264,2024-12-29,45,1,SKU0024,5,2300,0.0,11500.0
4472,1264,2024-12-29,45,1,SKU0001,3,3800,0.0,11400.0
4473,1264,2024-12-29,45,1,SKU0029,1,6200,0.0,6200.0
4474,1264,2024-12-29,45,1,SKU0042,3,10000,0.1,27000.0
4475,1265,2024-02-24,24,2,SKU0006,2,2300,0.0,4600.0
4476,1266,2025-07-18,48,5,SKU0017,2,14050,0.0,28100.0
4477,1266,2025-07-18,48,5,SKU0032,2,3350,0.0,6700.0
4478,1266,2025-07-18,48,5,SKU0011,2,4650,0.05,8835.0
4479,1266,2025-07-18,48,5,SKU0016,3,4000,0.0,12000.0
4480,1266,2025-07-18,48,5,SKU0002,1,4650,0.15,3952.5
4481,1267,2026-03-07,38,1,SKU0030,2,4050,0.0,8100.0
4482,1268,2024-07-17,43,2,SKU0004,4,9000,0.15,30600.0
4483,1268,2024-07-17,43,2,SKU0024,3,2300,0.1,6210.0
4484,1268,2024-07-17,43,2,SKU0029,5,6200,0.0,31000.0
4485,1269,2026-02-05,47,1,SKU0042,3,11600,0.0,34800.0
4486,1269,2026-02-05,47,1,SKU0041,1,10450,0.05,9927.5
4487,1269,2026-02-05,47,1,SKU0032,5,3600,0.15,15300.0
4488,1269,2026-02-05,47,1,SKU0021,2,4400,0.0,8800.0
4489,1270,2025-05-06,4,4,SKU0041,5,9700,0.15,41225.0
4490,1270,2025-05-06,4,4,SKU0035,4,16100,0.0,64400.0
4491,1270,2025-05-06,4,4,SKU0015,4,5400,0.1,19440.0
4492,1271,2025-12-01,10,3,SKU0005,1,8400,0.15,7140.0
4493,1271,2025-12-01,10,3,SKU0012,5,2250,0.15,9562.5
4494,1271,2025-12-01,10,3,SKU0010,3,9300,0.0,27900.0
4495,1271,2025-12-01,10,3,SKU0021,4,4100,0.15,13940.0
4496,1271,2025-12-01,10,3,SKU0039,5,14150,0.0,70750.0
4497,1272,2025-10-06,46,3,SKU0010,4,9300,0.05,35340.0
4498,1272,2025-10-06,46,3,SKU0016,1,4000,0.15,3400.0
4499,1272,2025-10-06,46,3,SKU0032,2,3350,0.0,6700.0
4500,1272,2025-10-06,46,3,SKU0041,2,9700,0.0,19400.0
4501,1272,2025-10-06,46,3,SKU0013,1,4850,0.0,4850.0
4502,1273,2026-03-06,8,5,SKU0033,5,3600,0.0,18000.0
4503,1273,2026-03-06,8,5,SKU0003,5,2550,0.0,12750.0
4504,1273,2026-03-06,8,5,SKU0016,1,4300,0.0,4300.0
4505,1273,2026-03-06,8,5,SKU0023,1,14950,0.15,12707.5
4506,1274,2024-03-16,32,3,SKU0003,1,2200,0.05,2090.0
4507,1274,2024-03-16,32,3,SKU0041,5,9000,0.05,42750.0
4508,1274,2024-03-16,32,3,SKU0015,3,5000,0.1,13500.0
4509,1274,2024-03-16,32,3,SKU0039,3,13100,0.0,39300.0
4510,1274,2024-03-16,32,3,SKU0010,5,8600,0.0,43000.0
4511,1274,2024-03-16,32,3,SKU0023,1,12900,0.0,12900.0
4512,1275,2026-02-03,7,2,SKU0010,4,10000,0.1,36000.0
4513,1275,2026-02-03,7,2,SKU0032,3,3600,0.0,10800.0
4514,1276,2025-04-30,15,5,SKU0012,3,2250,0.0,6750.0
4515,1276,2025-04-30,15,5,SKU0011,2,4650,0.0,9300.0
4516,1276,2025-04-30,15,5,SKU0002,4,4650,0.0,18600.0
4517,1276,2025-04-30,15,5,SKU0024,4,2500,0.1,9000.0
4518,1277,2024-11-24,21,3,SKU0042,2,10000,0.0,20000.0
4519,1277,2024-11-24,21,3,SKU0025,3,6900,0.0,20700.0
4520,1277,2024-11-24,21,3,SKU0013,3,4500,0.0,13500.0
4521,1277,2024-11-24,21,3,SKU0001,1,3800,0.0,3800.0
4522,1277,2024-11-24,21,3,SKU0035,5,14900,0.15,63325.0
4523,1278,2024-02-23,34,4,SKU0039,4,13100,0.0,52400.0
4524,1278,2024-02-23,34,4,SKU0038,2,8300,0.0,16600.0
4525,1278,2024-02-23,34,4,SKU0022,3,2600,0.05,7410.0
4526,1278,2024-02-23,34,4,SKU0001,4,3800,0.15,12920.0
4527,1278,2024-02-23,34,4,SKU0018,5,4000,0.1,18000.0
4528,1279,2024-08-13,23,1,SKU0021,5,3800,0.1,17100.0
4529,1279,2024-08-13,23,1,SKU0013,2,4500,0.0,9000.0
4530,1279,2024-08-13,23,1,SKU0029,4,6200,0.1,22320.0
4531,1279,2024-08-13,23,1,SKU0032,2,3100,0.0,6200.0
4532,1279,2024-08-13,23,1,SKU0017,5,13000,0.1,58500.0
4533,1280,2024-02-20,21,4,SKU0018,4,4000,0.0,16000.0
4534,1280,2024-02-20,21,4,SKU0012,4,2100,0.0,8400.0
4535,1281,2026-06-10,11,2,SKU0037,4,17750,0.0,71000.0
4536,1281,2026-06-10,11,2,SKU0010,4,10000,0.0,40000.0
4537,1281,2026-06-10,11,2,SKU0002,5,5000,0.0,25000.0
4538,1282,2025-06-21,10,5,SKU0002,3,4650,0.05,13252.5
4539,1282,2025-06-21,10,5,SKU0042,2,10800,0.0,21600.0
4540,1283,2026-07-23,38,3,SKU0005,3,9050,0.15,23077.5
4541,1284,2025-07-16,50,4,SKU0003,5,2400,0.0,12000.0
4542,1284,2025-07-16,50,4,SKU0010,3,9300,0.15,23715.0
4543,1285,2024-10-13,43,5,SKU0015,2,5000,0.1,9000.0
4544,1285,2024-10-13,43,5,SKU0028,4,2900,0.0,11600.0
4545,1285,2024-10-13,43,5,SKU0016,5,3700,0.1,16650.0
4546,1285,2024-10-13,43,5,SKU0030,3,3500,0.1,9450.0
4547,1286,2026-01-14,49,2,SKU0028,4,3350,0.0,13400.0
4548,1287,2024-08-04,22,3,SKU0033,1,3100,0.0,3100.0
4549,1287,2024-08-04,22,3,SKU0002,2,4300,0.1,7740.0
4550,1287,2024-08-04,22,3,SKU0042,1,10000,0.0,10000.0
4551,1287,2024-08-04,22,3,SKU0036,5,19900,0.15,84575.0
4552,1287,2024-08-04,22,3,SKU0022,1,2600,0.0,2600.0
4553,1288,2025-01-22,18,5,SKU0015,2,5400,0.15,9180.0
4554,1288,2025-01-22,18,5,SKU0011,2,4650,0.0,9300.0
4555,1288,2025-01-22,18,5,SKU0005,2,8400,0.15,14280.0
4556,1288,2025-01-22,18,5,SKU0042,1,10800,0.0,10800.0
4557,1288,2025-01-22,18,5,SKU0006,3,2500,0.05,7125.0
4558,1289,2026-02-07,43,1,SKU0024,5,2650,0.0,13250.0
4559,1289,2026-02-07,43,1,SKU0035,4,17300,0.0,69200.0
4560,1289,2026-02-07,43,1,SKU0010,1,10000,0.0,10000.0
4561,1289,2026-02-07,43,1,SKU0028,5,3350,0.0,16750.0
4562,1289,2026-02-07,43,1,SKU0041,5,10450,0.0,52250.0
4563,1289,2026-02-07,43,1,SKU0027,3,10000,0.05,28500.0
4564,1290,2026-04-19,35,1,SKU0020,4,2650,0.0,10600.0
4565,1290,2026-04-19,35,1,SKU0009,5,3950,0.05,18762.5
4566,1290,2026-04-19,35,1,SKU0001,4,4400,0.0,17600.0
4567,1290,2026-04-19,35,1,SKU0003,5,2550,0.0,12750.0
4568,1291,2024-12-28,16,3,SKU0021,4,3800,0.1,13680.0
4569,1291,2024-12-28,16,3,SKU0025,3,6900,0.15,17595.0
4570,1291,2024-12-28,16,3,SKU0041,1,9000,0.05,8550.0
4571,1291,2024-12-28,16,3,SKU0026,4,5500,0.1,19800.0
4572,1291,2024-12-28,16,3,SKU0019,2,2600,0.0,5200.0
4573,1292,2024-05-24,19,2,SKU0040,2,5400,0.1,9720.0
4574,1293,2025-02-02,28,2,SKU0005,2,8400,0.0,16800.0
4575,1293,2025-02-02,28,2,SKU0013,3,4850,0.1,13095.0
4576,1294,2026-05-07,5,1,SKU0011,5,5000,0.0,25000.0
4577,1294,2026-05-07,5,1,SKU0040,1,6250,0.0,6250.0
4578,1294,2026-05-07,5,1,SKU0017,4,15100,0.05,57380.0
4579,1295,2026-01-05,37,1,SKU0031,5,3700,0.0,18500.0
4580,1296,2026-05-11,10,4,SKU0040,1,6250,0.1,5625.0
4581,1296,2026-05-11,10,4,SKU0039,2,15200,0.05,28880.0
4582,1296,2026-05-11,10,4,SKU0018,2,4650,0.0,9300.0
4583,1296,2026-05-11,10,4,SKU0037,5,17750,0.0,88750.0
4584,1296,2026-05-11,10,4,SKU0034,1,3500,0.0,3500.0
4585,1297,2025-02-21,28,4,SKU0002,1,4650,0.0,4650.0
4586,1297,2025-02-21,28,4,SKU0011,2,4650,0.1,8370.0
4587,1297,2025-02-21,28,4,SKU0001,2,4100,0.05,7790.0
4588,1297,2025-02-21,28,4,SKU0004,3,9700,0.0,29100.0
4589,1298,2026-07-11,35,4,SKU0007,3,5800,0.1,15660.0
4590,1298,2026-07-11,35,4,SKU0001,1,4400,0.0,4400.0
4591,1299,2025-06-04,12,3,SKU0034,5,3250,0.1,14625.0
4592,1299,2025-06-04,12,3,SKU0016,1,4000,0.0,4000.0
4593,1300,2025-06-05,36,2,SKU0040,1,5850,0.0,5850.0
4594,1300,2025-06-05,36,2,SKU0011,4,4650,0.05,17670.0
4595,1300,2025-06-05,36,2,SKU0037,4,16500,0.0,66000.0
4596,1300,2025-06-05,36,2,SKU0004,4,9700,0.15,32980.0
4597,1301,2026-06-03,28,2,SKU0012,2,2450,0.15,4165.0
4598,1301,2026-06-03,28,2,SKU0036,5,23100,0.05,109725.0
4599,1302,2025-06-24,25,2,SKU0031,1,3450,0.05,3277.5
4600,1302,2025-06-24,25,2,SKU0027,3,9300,0.1,25110.0
4601,1303,2026-02-25,8,5,SKU0012,2,2450,0.0,4900.0
4602,1303,2026-02-25,8,5,SKU0026,5,6400,0.0,32000.0
4603,1303,2026-02-25,8,5,SKU0030,1,4050,0.0,4050.0
4604,1303,2026-02-25,8,5,SKU0007,1,5800,0.0,5800.0
4605,1304,2025-12-24,10,5,SKU0013,5,4850,0.0,24250.0
4606,1304,2025-12-24,10,5,SKU0015,1,5400,0.1,4860.0
4607,1305,2024-04-03,35,5,SKU0015,4,5000,0.0,20000.0
4608,1305,2024-04-03,35,5,SKU0023,1,12900,0.0,12900.0
4609,1305,2024-04-03,35,5,SKU0012,4,2100,0.0,8400.0
4610,1305,2024-04-03,35,5,SKU0030,4,3500,0.0,14000.0
4611,1305,2024-04-03,35,5,SKU0005,1,7800,0.0,7800.0
4612,1305,2024-04-03,35,5,SKU0034,3,3000,0.15,7650.0
4613,1306,2025-09-09,38,2,SKU0041,5,9700,0.05,46075.0
4614,1307,2026-03-14,7,3,SKU0005,2,9050,0.0,18100.0
4615,1307,2026-03-14,7,3,SKU0040,5,6250,0.0,31250.0
4616,1308,2025-07-18,27,1,SKU0033,4,3350,0.05,12730.0
4617,1308,2025-07-18,27,1,SKU0008,5,4200,0.1,18900.0
4618,1308,2025-07-18,27,1,SKU0023,2,13950,0.05,26505.0
4619,1308,2025-07-18,27,1,SKU0038,3,8950,0.0,26850.0
4620,1309,2024-12-19,43,4,SKU0002,4,4300,0.0,17200.0
4621,1309,2024-12-19,43,4,SKU0010,3,8600,0.1,23220.0
4622,1310,2024-04-05,26,5,SKU0011,1,4300,0.0,4300.0
4623,1310,2024-04-05,26,5,SKU0040,3,5400,0.0,16200.0
4624,1310,2024-04-05,26,5,SKU0023,2,12900,0.0,25800.0
4625,1310,2024-04-05,26,5,SKU0037,5,15300,0.05,72675.0
4626,1311,2025-11-01,38,5,SKU0022,2,2800,0.05,5320.0
4627,1311,2025-11-01,38,5,SKU0021,3,4100,0.1,11070.0
4628,1312,2024-12-06,28,1,SKU0020,1,2300,0.0,2300.0
4629,1312,2024-12-06,28,1,SKU0009,3,3400,0.1,9180.0
4630,1312,2024-12-06,28,1,SKU0038,4,8300,0.0,33200.0
4631,1312,2024-12-06,28,1,SKU0039,5,13100,0.0,65500.0
4632,1313,2025-09-09,28,5,SKU0005,5,8400,0.0,42000.0
4633,1313,2025-09-09,28,5,SKU0029,4,6700,0.0,26800.0
4634,1313,2025-09-09,28,5,SKU0037,5,16500,0.0,82500.0
4635,1314,2025-03-31,36,5,SKU0020,3,2500,0.1,6750.0
4636,1314,2025-03-31,36,5,SKU0032,5,3350,0.15,14237.5
4637,1314,2025-03-31,36,5,SKU0017,5,14050,0.0,70250.0
4638,1314,2025-03-31,36,5,SKU0036,4,21500,0.0,86000.0
4639,1315,2025-11-26,5,5,SKU0039,3,14150,0.0,42450.0
4640,1315,2025-11-26,5,5,SKU0033,4,3350,0.0,13400.0
4641,1316,2025-01-16,16,3,SKU0034,4,3250,0.1,11700.0
4642,1316,2025-01-16,16,3,SKU0041,5,9700,0.05,46075.0
4643,1316,2025-01-16,16,3,SKU0022,5,2800,0.0,14000.0
4644,1316,2025-01-16,16,3,SKU0014,4,6150,0.0,24600.0
4645,1317,2024-02-21,50,5,SKU0002,5,4300,0.0,21500.0
4646,1317,2024-02-21,50,5,SKU0017,5,13000,0.15,55250.0
4647,1317,2024-02-21,50,5,SKU0019,4,2600,0.0,10400.0
4648,1317,2024-02-21,50,5,SKU0021,3,3800,0.0,11400.0
4649,1317,2024-02-21,50,5,SKU0001,1,3800,0.15,3230.0
4650,1318,2026-04-22,3,2,SKU0009,4,3950,0.0,15800.0
4651,1318,2026-04-22,3,2,SKU0030,5,4050,0.05,19237.5
4652,1318,2026-04-22,3,2,SKU0003,1,2550,0.0,2550.0
4653,1318,2026-04-22,3,2,SKU0026,5,6400,0.0,32000.0
4654,1319,2025-01-17,18,5,SKU0023,2,13950,0.0,27900.0
4655,1319,2025-01-17,18,5,SKU0034,5,3250,0.05,15437.5
4656,1319,2025-01-17,18,5,SKU0007,5,5400,0.05,25650.0
4657,1320,2026-07-30,13,1,SKU0031,5,3700,0.0,18500.0
4658,1320,2026-07-30,13,1,SKU0020,5,2650,0.05,12587.5
4659,1320,2026-07-30,13,1,SKU0035,4,17300,0.0,69200.0
4660,1321,2024-11-04,48,1,SKU0023,4,12900,0.15,43860.0
4661,1321,2024-11-04,48,1,SKU0027,3,8600,0.0,25800.0
4662,1321,2024-11-04,48,1,SKU0016,1,3700,0.0,3700.0
4663,1321,2024-11-04,48,1,SKU0001,2,3800,0.0,7600.0
4664,1321,2024-11-04,48,1,SKU0010,3,8600,0.1,23220.0
4665,1322,2026-07-16,25,4,SKU0038,5,9650,0.0,48250.0
4666,1323,2026-06-21,42,2,SKU0023,4,14950,0.0,59800.0
4667,1324,2024-03-30,7,5,SKU0037,5,15300,0.1,68850.0
4668,1324,2024-03-30,7,5,SKU0013,3,4500,0.0,13500.0
4669,1324,2024-03-30,7,5,SKU0029,4,6200,0.05,23560.0
4670,1325,2025-10-11,4,5,SKU0002,4,4650,0.0,18600.0
4671,1325,2025-10-11,4,5,SKU0042,4,10800,0.1,38880.0
4672,1325,2025-10-11,4,5,SKU0008,1,4200,0.0,4200.0
4673,1325,2025-10-11,4,5,SKU0034,1,3250,0.1,2925.0
4674,1326,2025-01-28,49,2,SKU0024,3,2500,0.0,7500.0
4675,1326,2025-01-28,49,2,SKU0008,3,4200,0.0,12600.0
4676,1326,2025-01-28,49,2,SKU0004,2,9700,0.05,18430.0
4677,1326,2025-01-28,49,2,SKU0015,5,5400,0.0,27000.0
4678,1327,2026-02-25,26,4,SKU0022,4,3000,0.15,10200.0
4679,1327,2026-02-25,26,4,SKU0028,3,3350,0.0,10050.0
4680,1327,2026-02-25,26,4,SKU0036,3,23100,0.0,69300.0
4681,1328,2025-11-17,25,2,SKU0008,3,4200,0.05,11970.0
4682,1328,2025-11-17,25,2,SKU0021,5,4100,0.0,20500.0
4683,1329,2026-06-25,31,2,SKU0028,5,3350,0.0,16750.0
4684,1329,2026-06-25,31,2,SKU0012,3,2450,0.0,7350.0
4685,1329,2026-06-25,31,2,SKU0008,2,4500,0.1,8100.0
4686,1330,2024-06-12,42,3,SKU0002,4,4300,0.0,17200.0
4687,1330,2024-06-12,42,3,SKU0017,3,13000,0.05,37050.0
4688,1330,2024-06-12,42,3,SKU0032,3,3100,0.1,8370.0
4689,1330,2024-06-12,42,3,SKU0020,3,2300,0.0,6900.0
4690,1331,2025-09-14,39,2,SKU0028,5,3150,0.0,15750.0
4691,1331,2025-09-14,39,2,SKU0021,3,4100,0.0,12300.0
4692,1331,2025-09-14,39,2,SKU0011,4,4650,0.15,15810.0
4693,1331,2025-09-14,39,2,SKU0007,1,5400,0.0,5400.0
4694,1331,2025-09-14,39,2,SKU0015,3,5400,0.0,16200.0
4695,1332,2026-02-07,47,3,SKU0007,5,5800,0.0,29000.0
4696,1332,2026-02-07,47,3,SKU0011,1,5000,0.1,4500.0
4697,1333,2024-02-12,16,4,SKU0012,1,2100,0.1,1890.0
4698,1333,2024-02-12,16,4,SKU0006,4,2300,0.0,9200.0
4699,1334,2024-03-21,50,2,SKU0030,5,3500,0.1,15750.0
4700,1334,2024-03-21,50,2,SKU0032,2,3100,0.05,5890.0
4701,1334,2024-03-21,50,2,SKU0011,3,4300,0.05,12255.0
4702,1334,2024-03-21,50,2,SKU0028,3,2900,0.1,7830.0
4703,1334,2024-03-21,50,2,SKU0018,3,4000,0.05,11400.0
4704,1334,2024-03-21,50,2,SKU0035,3,14900,0.0,44700.0
4705,1335,2026-02-05,12,5,SKU0020,4,2650,0.0,10600.0
4706,1335,2026-02-05,12,5,SKU0011,5,5000,0.0,25000.0
4707,1335,2026-02-05,12,5,SKU0023,4,14950,0.0,59800.0
4708,1335,2026-02-05,12,5,SKU0009,5,3950,0.0,19750.0
4709,1335,2026-02-05,12,5,SKU0021,4,4400,0.0,17600.0
4710,1335,2026-02-05,12,5,SKU0007,1,5800,0.0,5800.0
4711,1336,2025-01-31,4,5,SKU0004,4,9700,0.0,38800.0
4712,1336,2025-01-31,4,5,SKU0024,3,2500,0.0,7500.0
4713,1336,2025-01-31,4,5,SKU0020,4,2500,0.0,10000.0
4714,1336,2025-01-31,4,5,SKU0039,3,14150,0.1,38205.0
4715,1336,2025-01-31,4,5,SKU0006,2,2500,0.0,5000.0
4716,1336,2025-01-31,4,5,SKU0017,2,14050,0.0,28100.0
4717,1337,2025-02-17,29,5,SKU0019,5,2800,0.0,14000.0
4718,1337,2025-02-17,29,5,SKU0008,2,4200,0.0,8400.0
4719,1337,2025-02-17,29,5,SKU0030,3,3800,0.15,9690.0
4720,1337,2025-02-17,29,5,SKU0041,5,9700,0.0,48500.0
4721,1337,2025-02-17,29,5,SKU0023,1,13950,0.0,13950.0
4722,1337,2025-02-17,29,5,SKU0020,2,2500,0.0,5000.0
4723,1338,2025-08-07,33,5,SKU0015,2,5400,0.0,10800.0
4724,1339,2025-09-11,34,2,SKU0006,5,2500,0.05,11875.0
4725,1339,2025-09-11,34,2,SKU0005,2,8400,0.0,16800.0
4726,1339,2025-09-11,34,2,SKU0013,1,4850,0.05,4607.5
4727,1339,2025-09-11,34,2,SKU0016,4,4000,0.05,15200.0
4728,1340,2025-11-17,35,2,SKU0005,4,8400,0.0,33600.0
4729,1340,2025-11-17,35,2,SKU0023,1,13950,0.0,13950.0
4730,1340,2025-11-17,35,2,SKU0012,5,2250,0.0,11250.0
4731,1340,2025-11-17,35,2,SKU0031,2,3450,0.0,6900.0
4732,1340,2025-11-17,35,2,SKU0035,1,16100,0.0,16100.0
4733,1341,2026-06-22,12,1,SKU0020,3,2650,0.1,7155.0
4734,1341,2026-06-22,12,1,SKU0027,2,10000,0.0,20000.0
4735,1341,2026-06-22,12,1,SKU0021,5,4400,0.0,22000.0
4736,1341,2026-06-22,12,1,SKU0014,1,6600,0.05,6270.0
4737,1342,2025-02-06,37,1,SKU0028,3,3150,0.0,9450.0
4738,1342,2025-02-06,37,1,SKU0031,4,3450,0.0,13800.0
4739,1342,2025-02-06,37,1,SKU0013,1,4850,0.1,4365.0
4740,1343,2026-01-22,31,4,SKU0025,3,8000,0.0,24000.0
4741,1343,2026-01-22,31,4,SKU0011,2,5000,0.15,8500.0
4742,1343,2026-01-22,31,4,SKU0038,4,9650,0.0,38600.0
4743,1343,2026-01-22,31,4,SKU0026,5,6400,0.05,30400.0
4744,1343,2026-01-22,31,4,SKU0040,5,6250,0.0,31250.0
4745,1343,2026-01-22,31,4,SKU0005,4,9050,0.1,32580.0
4746,1344,2025-08-13,28,3,SKU0004,5,9700,0.05,46075.0
4747,1344,2025-08-13,28,3,SKU0040,1,5850,0.1,5265.0
4748,1344,2025-08-13,28,3,SKU0038,1,8950,0.0,8950.0
4749,1345,2025-07-03,4,5,SKU0036,1,21500,0.05,20425.0
4750,1345,2025-07-03,4,5,SKU0022,2,2800,0.15,4760.0
4751,1345,2025-07-03,4,5,SKU0031,3,3450,0.0,10350.0
4752,1345,2025-07-03,4,5,SKU0015,1,5400,0.1,4860.0
4753,1345,2025-07-03,4,5,SKU0037,1,16500,0.05,15675.0
4754,1346,2025-03-05,39,4,SKU0034,3,3250,0.1,8775.0
4755,1346,2025-03-05,39,4,SKU0019,5,2800,0.15,11900.0
4756,1346,2025-03-05,39,4,SKU0041,5,9700,0.0,48500.0
4757,1346,2025-03-05,39,4,SKU0011,5,4650,0.15,19762.5
4758,1346,2025-03-05,39,4,SKU0040,5,5850,0.1,26325.0
4759,1346,2025-03-05,39,4,SKU0025,4,7450,0.05,28310.0
4760,1347,2025-10-22,24,4,SKU0036,4,21500,0.0,86000.0
4761,1347,2025-10-22,24,4,SKU0024,5,2500,0.0,12500.0
4762,1348,2024-10-09,49,5,SKU0034,5,3000,0.0,15000.0
4763,1348,2024-10-09,49,5,SKU0008,2,3900,0.0,7800.0
4764,1349,2024-05-12,5,4,SKU0038,3,8300,0.05,23655.0
4765,1349,2024-05-12,5,4,SKU0030,5,3500,0.0,17500.0
4766,1349,2024-05-12,5,4,SKU0035,5,14900,0.15,63325.0
4767,1349,2024-05-12,5,4,SKU0039,4,13100,0.0,52400.0
4768,1349,2024-05-12,5,4,SKU0005,4,7800,0.0,31200.0
4769,1349,2024-05-12,5,4,SKU0009,3,3400,0.15,8670.0
4770,1350,2025-12-30,38,5,SKU0017,3,14050,0.15,35827.5
4771,1350,2025-12-30,38,5,SKU0022,2,2800,0.0,5600.0
4772,1350,2025-12-30,38,5,SKU0007,4,5400,0.15,18360.0
4773,1351,2025-06-06,11,5,SKU0034,2,3250,0.1,5850.0
4774,1351,2025-06-06,11,5,SKU0007,1,5400,0.0,5400.0
4775,1351,2025-06-06,11,5,SKU0006,5,2500,0.05,11875.0
4776,1351,2025-06-06,11,5,SKU0012,3,2250,0.15,5737.5
4777,1352,2025-02-22,28,5,SKU0006,5,2500,0.0,12500.0
4778,1353,2025-08-01,40,4,SKU0006,1,2500,0.1,2250.0
4779,1353,2025-08-01,40,4,SKU0018,5,4300,0.1,19350.0
4780,1353,2025-08-01,40,4,SKU0022,5,2800,0.1,12600.0
4781,1353,2025-08-01,40,4,SKU0037,2,16500,0.15,28050.0
4782,1353,2025-08-01,40,4,SKU0001,1,4100,0.0,4100.0
4783,1354,2024-10-22,30,5,SKU0024,3,2300,0.0,6900.0
4784,1355,2024-10-20,36,4,SKU0038,1,8300,0.1,7470.0
4785,1355,2024-10-20,36,4,SKU0014,3,5700,0.1,15390.0
4786,1355,2024-10-20,36,4,SKU0015,5,5000,0.05,23750.0
4787,1355,2024-10-20,36,4,SKU0024,1,2300,0.15,1955.0
4788,1356,2025-04-19,47,4,SKU0001,1,4100,0.0,4100.0
4789,1356,2025-04-19,47,4,SKU0021,5,4100,0.0,20500.0
4790,1356,2025-04-19,47,4,SKU0013,5,4850,0.0,24250.0
4791,1356,2025-04-19,47,4,SKU0009,1,3650,0.0,3650.0
4792,1356,2025-04-19,47,4,SKU0026,5,5950,0.0,29750.0
4793,1356,2025-04-19,47,4,SKU0002,5,4650,0.0,23250.0
4794,1357,2026-07-29,20,2,SKU0021,5,4400,0.0,22000.0
4795,1357,2026-07-29,20,2,SKU0023,5,14950,0.0,74750.0
4796,1357,2026-07-29,20,2,SKU0008,5,4500,0.15,19125.0
4797,1357,2026-07-29,20,2,SKU0016,1,4300,0.15,3655.0
4798,1357,2026-07-29,20,2,SKU0028,5,3350,0.1,15075.0
4799,1357,2026-07-29,20,2,SKU0003,1,2550,0.0,2550.0
4800,1358,2024-11-16,19,3,SKU0009,3,3400,0.0,10200.0
4801,1359,2026-05-28,46,4,SKU0026,3,6400,0.1,17280.0
4802,1359,2026-05-28,46,4,SKU0005,5,9050,0.0,45250.0
4803,1360,2025-05-30,14,4,SKU0009,3,3650,0.05,10402.5
4804,1360,2025-05-30,14,4,SKU0029,5,6700,0.0,33500.0
4805,1360,2025-05-30,14,4,SKU0006,5,2500,0.0,12500.0
4806,1360,2025-05-30,14,4,SKU0014,2,6150,0.0,12300.0
4807,1361,2024-05-22,16,5,SKU0001,3,3800,0.05,10830.0
4808,1362,2026-04-08,21,4,SKU0024,3,2650,0.0,7950.0
4809,1363,2025-04-25,43,2,SKU0042,3,10800,0.15,27540.0
4810,1364,2026-05-14,25,4,SKU0038,5,9650,0.0,48250.0
4811,1364,2026-05-14,25,4,SKU0032,3,3600,0.0,10800.0
4812,1365,2025-04-18,8,1,SKU0019,1,2800,0.1,2520.0
4813,1365,2025-04-18,8,1,SKU0016,2,4000,0.15,6800.0
4814,1365,2025-04-18,8,1,SKU0026,5,5950,0.0,29750.0
4815,1365,2025-04-18,8,1,SKU0040,4,5850,0.0,23400.0
4816,1366,2024-04-13,12,4,SKU0011,5,4300,0.05,20425.0
4817,1367,2025-11-19,27,4,SKU0001,2,4100,0.05,7790.0
4818,1367,2025-11-19,27,4,SKU0022,1,2800,0.0,2800.0
4819,1367,2025-11-19,27,4,SKU0016,3,4000,0.0,12000.0
4820,1367,2025-11-19,27,4,SKU0019,1,2800,0.15,2380.0
4821,1368,2026-04-02,46,4,SKU0003,1,2550,0.05,2422.5
4822,1369,2024-12-17,45,4,SKU0041,5,9000,0.15,38250.0
4823,1369,2024-12-17,45,4,SKU0014,3,5700,0.0,17100.0
4824,1369,2024-12-17,45,4,SKU0022,3,2600,0.0,7800.0
4825,1370,2025-01-12,24,1,SKU0013,5,4850,0.05,23037.5
4826,1371,2024-03-18,1,2,SKU0014,4,5700,0.0,22800.0
4827,1371,2024-03-18,1,2,SKU0001,2,3800,0.0,7600.0
4828,1371,2024-03-18,1,2,SKU0017,2,13000,0.15,22100.0
4829,1371,2024-03-18,1,2,SKU0010,5,8600,0.15,36550.0
4830,1372,2025-07-15,7,3,SKU0017,5,14050,0.0,70250.0
4831,1372,2025-07-15,7,3,SKU0018,2,4300,0.0,8600.0
4832,1372,2025-07-15,7,3,SKU0030,5,3800,0.0,19000.0
4833,1372,2025-07-15,7,3,SKU0008,5,4200,0.15,17850.0
4834,1372,2025-07-15,7,3,SKU0034,1,3250,0.0,3250.0
4835,1372,2025-07-15,7,3,SKU0015,4,5400,0.0,21600.0
4836,1373,2026-05-09,17,5,SKU0001,3,4400,0.05,12540.0
4837,1373,2026-05-09,17,5,SKU0037,5,17750,0.0,88750.0
4838,1373,2026-05-09,17,5,SKU0012,3,2450,0.15,6247.5
4839,1373,2026-05-09,17,5,SKU0040,3,6250,0.15,15937.5
4840,1373,2026-05-09,17,5,SKU0033,3,3600,0.0,10800.0
4841,1373,2026-05-09,17,5,SKU0035,2,17300,0.15,29410.0
4842,1374,2026-04-07,50,3,SKU0030,2,4050,0.0,8100.0
4843,1374,2026-04-07,50,3,SKU0009,4,3950,0.15,13430.0
4844,1374,2026-04-07,50,3,SKU0032,5,3600,0.05,17100.0
4845,1374,2026-04-07,50,3,SKU0008,1,4500,0.15,3825.0
4846,1374,2026-04-07,50,3,SKU0018,1,4650,0.15,3952.5
4847,1375,2025-12-13,25,3,SKU0003,5,2400,0.0,12000.0
4848,1375,2025-12-13,25,3,SKU0013,5,4850,0.0,24250.0
4849,1375,2025-12-13,25,3,SKU0020,2,2500,0.05,4750.0
4850,1375,2025-12-13,25,3,SKU0014,4,6150,0.0,24600.0
4851,1375,2025-12-13,25,3,SKU0038,3,8950,0.05,25507.5
4852,1375,2025-12-13,25,3,SKU0033,2,3350,0.1,6030.0
4853,1376,2026-06-06,15,2,SKU0019,3,3000,0.0,9000.0
4854,1376,2026-06-06,15,2,SKU0031,2,3700,0.1,6660.0
4855,1376,2026-06-06,15,2,SKU0029,1,7200,0.05,6840.0
4856,1376,2026-06-06,15,2,SKU0001,1,4400,0.05,4180.0
4857,1377,2025-10-12,8,3,SKU0033,4,3350,0.0,13400.0
4858,1377,2025-10-12,8,3,SKU0041,2,9700,0.05,18430.0
4859,1378,2026-02-18,9,4,SKU0023,2,14950,0.0,29900.0
4860,1378,2026-02-18,9,4,SKU0017,3,15100,0.0,45300.0
4861,1379,2025-06-15,42,2,SKU0006,1,2500,0.1,2250.0
4862,1379,2025-06-15,42,2,SKU0040,3,5850,0.0,17550.0
4863,1380,2024-05-20,30,2,SKU0018,3,4000,0.0,12000.0
4864,1381,2024-08-15,2,1,SKU0032,2,3100,0.0,6200.0
4865,1381,2024-08-15,2,1,SKU0038,3,8300,0.15,21165.0
4866,1381,2024-08-15,2,1,SKU0018,2,4000,0.15,6800.0
4867,1381,2024-08-15,2,1,SKU0007,5,5000,0.1,22500.0
4868,1381,2024-08-15,2,1,SKU0037,1,15300,0.0,15300.0
4869,1381,2024-08-15,2,1,SKU0014,5,5700,0.0,28500.0
4870,1382,2024-06-08,46,5,SKU0007,2,5000,0.15,8500.0
4871,1382,2024-06-08,46,5,SKU0041,3,9000,0.05,25650.0
4872,1382,2024-06-08,46,5,SKU0010,4,8600,0.0,34400.0
4873,1383,2026-02-15,38,5,SKU0010,4,10000,0.0,40000.0
4874,1383,2026-02-15,38,5,SKU0025,2,8000,0.0,16000.0
4875,1383,2026-02-15,38,5,SKU0017,3,15100,0.0,45300.0
4876,1383,2026-02-15,38,5,SKU0037,4,17750,0.15,60350.0
4877,1384,2024-02-01,20,2,SKU0019,3,2600,0.15,6630.0
4878,1384,2024-02-01,20,2,SKU0001,2,3800,0.0,7600.0
4879,1385,2025-07-26,27,1,SKU0035,5,16100,0.0,80500.0
4880,1386,2025-02-03,3,2,SKU0025,1,7450,0.1,6705.0
4881,1386,2025-02-03,3,2,SKU0034,4,3250,0.0,13000.0
4882,1386,2025-02-03,3,2,SKU0028,1,3150,0.0,3150.0
4883,1387,2026-02-27,1,2,SKU0026,2,6400,0.15,10880.0
4884,1387,2026-02-27,1,2,SKU0029,1,7200,0.0,7200.0
4885,1387,2026-02-27,1,2,SKU0042,5,11600,0.0,58000.0
4886,1387,2026-02-27,1,2,SKU0011,2,5000,0.0,10000.0
4887,1387,2026-02-27,1,2,SKU0004,4,10450,0.1,37620.0
4888,1388,2025-07-23,9,1,SKU0024,1,2500,0.0,2500.0
4889,1388,2025-07-23,9,1,SKU0013,3,4850,0.0,14550.0
4890,1388,2025-07-23,9,1,SKU0027,4,9300,0.05,35340.0
4891,1388,2025-07-23,9,1,SKU0035,3,16100,0.0,48300.0
4892,1388,2025-07-23,9,1,SKU0038,1,8950,0.0,8950.0
4893,1389,2025-09-18,32,2,SKU0022,1,2800,0.0,2800.0
4894,1389,2025-09-18,32,2,SKU0037,4,16500,0.0,66000.0
4895,1390,2024-04-12,40,4,SKU0013,1,4500,0.1,4050.0
4896,1391,2024-12-09,29,2,SKU0006,2,2300,0.05,4370.0
4897,1391,2024-12-09,29,2,SKU0007,4,5000,0.05,19000.0
4898,1392,2026-07-31,3,5,SKU0005,2,9050,0.0,18100.0
4899,1392,2026-07-31,3,5,SKU0042,1,11600,0.0,11600.0
4900,1392,2026-07-31,3,5,SKU0025,3,8000,0.0,24000.0
4901,1392,2026-07-31,3,5,SKU0032,3,3600,0.1,9720.0
4902,1393,2025-12-18,27,1,SKU0008,1,4200,0.0,4200.0
4903,1393,2025-12-18,27,1,SKU0037,1,16500,0.0,16500.0
4904,1393,2025-12-18,27,1,SKU0011,3,4650,0.0,13950.0
4905,1393,2025-12-18,27,1,SKU0036,2,21500,0.0,43000.0
4906,1394,2025-06-30,4,2,SKU0020,2,2500,0.0,5000.0
4907,1394,2025-06-30,4,2,SKU0019,3,2800,0.0,8400.0
4908,1395,2026-01-27,6,4,SKU0010,3,10000,0.0,30000.0
4909,1396,2026-03-15,14,5,SKU0006,5,2650,0.0,13250.0
4910,1396,2026-03-15,14,5,SKU0010,3,10000,0.1,27000.0
4911,1396,2026-03-15,14,5,SKU0002,4,5000,0.15,17000.0
4912,1397,2024-03-28,31,2,SKU0040,4,5400,0.1,19440.0
4913,1397,2024-03-28,31,2,SKU0002,3,4300,0.0,12900.0
4914,1397,2024-03-28,31,2,SKU0014,1,5700,0.0,5700.0
4915,1397,2024-03-28,31,2,SKU0012,2,2100,0.0,4200.0
4916,1398,2026-07-10,27,1,SKU0030,3,4050,0.0,12150.0
4917,1398,2026-07-10,27,1,SKU0039,3,15200,0.05,43320.0
4918,1398,2026-07-10,27,1,SKU0020,5,2650,0.0,13250.0
4919,1398,2026-07-10,27,1,SKU0036,1,23100,0.0,23100.0
4920,1398,2026-07-10,27,1,SKU0002,1,5000,0.0,5000.0
4921,1398,2026-07-10,27,1,SKU0009,1,3950,0.0,3950.0
4922,1399,2025-10-16,37,1,SKU0035,2,16100,0.15,27370.0
4923,1399,2025-10-16,37,1,SKU0038,4,8950,0.05,34010.0
4924,1399,2025-10-16,37,1,SKU0006,4,2500,0.15,8500.0
4925,1400,2025-04-23,45,3,SKU0039,4,14150,0.15,48110.0
4926,1400,2025-04-23,45,3,SKU0035,5,16100,0.1,72450.0
4927,1400,2025-04-23,45,3,SKU0027,4,9300,0.0,37200.0
4928,1400,2025-04-23,45,3,SKU0017,2,14050,0.0,28100.0
4929,1400,2025-04-23,45,3,SKU0031,4,3450,0.0,13800.0
4930,1400,2025-04-23,45,3,SKU0036,1,21500,0.05,20425.0
4931,1401,2025-11-18,34,3,SKU0030,5,3800,0.1,17100.0
4932,1401,2025-11-18,34,3,SKU0017,2,14050,0.0,28100.0
4933,1401,2025-11-18,34,3,SKU0002,5,4650,0.0,23250.0
4934,1402,2025-01-09,37,1,SKU0003,2,2400,0.0,4800.0
4935,1402,2025-01-09,37,1,SKU0032,4,3350,0.0,13400.0
4936,1402,2025-01-09,37,1,SKU0019,1,2800,0.0,2800.0
4937,1402,2025-01-09,37,1,SKU0040,4,5850,0.05,22230.0
4938,1402,2025-01-09,37,1,SKU0037,5,16500,0.15,70125.0
4939,1403,2026-04-28,50,2,SKU0039,3,15200,0.0,45600.0
4940,1403,2026-04-28,50,2,SKU0041,3,10450,0.05,29782.5
4941,1403,2026-04-28,50,2,SKU0009,3,3950,0.05,11257.5
4942,1403,2026-04-28,50,2,SKU0013,4,5200,0.0,20800.0
4943,1404,2026-02-06,29,1,SKU0011,4,5000,0.0,20000.0
4944,1404,2026-02-06,29,1,SKU0008,3,4500,0.0,13500.0
4945,1404,2026-02-06,29,1,SKU0015,2,5800,0.0,11600.0
4946,1404,2026-02-06,29,1,SKU0037,1,17750,0.0,17750.0
4947,1404,2026-02-06,29,1,SKU0034,1,3500,0.0,3500.0
4948,1405,2025-10-14,13,4,SKU0010,2,9300,0.0,18600.0
4949,1405,2025-10-14,13,4,SKU0001,1,4100,0.0,4100.0
4950,1405,2025-10-14,13,4,SKU0023,1,13950,0.05,13252.5
4951,1405,2025-10-14,13,4,SKU0022,5,2800,0.0,14000.0
4952,1405,2025-10-14,13,4,SKU0041,2,9700,0.15,16490.0
4953,1405,2025-10-14,13,4,SKU0014,3,6150,0.1,16605.0
4954,1406,2024-07-25,46,4,SKU0016,1,3700,0.0,3700.0
4955,1406,2024-07-25,46,4,SKU0038,5,8300,0.05,39425.0
4956,1406,2024-07-25,46,4,SKU0008,5,3900,0.15,16575.0
4957,1406,2024-07-25,46,4,SKU0040,5,5400,0.0,27000.0
4958,1407,2026-07-06,8,3,SKU0026,1,6400,0.0,6400.0
4959,1408,2025-04-06,38,1,SKU0037,2,16500,0.1,29700.0
4960,1408,2025-04-06,38,1,SKU0041,4,9700,0.0,38800.0
4961,1408,2025-04-06,38,1,SKU0010,4,9300,0.1,33480.0
4962,1408,2025-04-06,38,1,SKU0016,5,4000,0.1,18000.0
4963,1409,2026-05-24,35,5,SKU0030,3,4050,0.0,12150.0
4964,1409,2026-05-24,35,5,SKU0040,5,6250,0.15,26562.5
4965,1409,2026-05-24,35,5,SKU0003,1,2550,0.15,2167.5
4966,1409,2026-05-24,35,5,SKU0025,5,8000,0.0,40000.0
4967,1409,2026-05-24,35,5,SKU0001,4,4400,0.0,17600.0
4968,1409,2026-05-24,35,5,SKU0035,4,17300,0.0,69200.0
4969,1410,2024-03-08,3,1,SKU0039,5,13100,0.05,62225.0
4970,1411,2024-05-23,18,2,SKU0028,1,2900,0.1,2610.0
4971,1411,2024-05-23,18,2,SKU0008,2,3900,0.0,7800.0
4972,1412,2024-06-23,6,1,SKU0006,3,2300,0.1,6210.0
4973,1412,2024-06-23,6,1,SKU0021,3,3800,0.0,11400.0
4974,1412,2024-06-23,6,1,SKU0039,5,13100,0.0,65500.0
4975,1412,2024-06-23,6,1,SKU0036,5,19900,0.15,84575.0
4976,1412,2024-06-23,6,1,SKU0042,3,10000,0.0,30000.0
4977,1413,2024-07-06,2,2,SKU0017,2,13000,0.0,26000.0
4978,1413,2024-07-06,2,2,SKU0001,4,3800,0.0,15200.0
4979,1413,2024-07-06,2,2,SKU0005,1,7800,0.0,7800.0
4980,1413,2024-07-06,2,2,SKU0024,3,2300,0.0,6900.0
4981,1413,2024-07-06,2,2,SKU0014,5,5700,0.05,27075.0
4982,1413,2024-07-06,2,2,SKU0021,5,3800,0.0,19000.0
4983,1414,2024-12-20,19,5,SKU0018,1,4000,0.0,4000.0
4984,1414,2024-12-20,19,5,SKU0026,5,5500,0.0,27500.0
4985,1414,2024-12-20,19,5,SKU0028,3,2900,0.1,7830.0
4986,1414,2024-12-20,19,5,SKU0029,1,6200,0.15,5270.0
4987,1414,2024-12-20,19,5,SKU0010,2,8600,0.1,15480.0
4988,1414,2024-12-20,19,5,SKU0004,5,9000,0.0,45000.0
4989,1415,2025-12-11,45,5,SKU0009,2,3650,0.05,6935.0
4990,1415,2025-12-11,45,5,SKU0042,4,10800,0.05,41040.0
4991,1416,2025-01-11,50,3,SKU0010,4,9300,0.0,37200.0
4992,1417,2026-06-16,3,5,SKU0033,3,3600,0.1,9720.0
4993,1417,2026-06-16,3,5,SKU0005,3,9050,0.0,27150.0
4994,1417,2026-06-16,3,5,SKU0032,4,3600,0.0,14400.0
4995,1418,2026-05-12,23,2,SKU0020,4,2650,0.0,10600.0
4996,1418,2026-05-12,23,2,SKU0011,1,5000,0.0,5000.0
4997,1418,2026-05-12,23,2,SKU0015,1,5800,0.0,5800.0
4998,1418,2026-05-12,23,2,SKU0023,5,14950,0.0,74750.0
4999,1419,2026-04-03,50,5,SKU0036,1,23100,0.05,21945.0
5000,1419,2026-04-03,50,5,SKU0022,1,3000,0.1,2700.0
5001,1420,2024-10-10,27,1,SKU0012,3,2100,0.1,5670.0
5002,1420,2024-10-10,27,1,SKU0041,4,9000,0.0,36000.0
5003,1420,2024-10-10,27,1,SKU0021,1,3800,0.0,3800.0
5004,1420,2024-10-10,27,1,SKU0023,4,12900,0.05,49020.0
5005,1420,2024-10-10,27,1,SKU0037,2,15300,0.0,30600.0
5006,1420,2024-10-10,27,1,SKU0002,1,4300,0.0,4300.0
5007,1421,2025-10-09,28,4,SKU0004,1,9700,0.0,9700.0
5008,1422,2025-07-23,36,2,SKU0010,2,9300,0.0,18600.0
5009,1422,2025-07-23,36,2,SKU0030,5,3800,0.1,17100.0
5010,1422,2025-07-23,36,2,SKU0006,4,2500,0.0,10000.0
5011,1422,2025-07-23,36,2,SKU0002,3,4650,0.0,13950.0
5012,1422,2025-07-23,36,2,SKU0012,2,2250,0.0,4500.0
5013,1423,2024-05-24,42,3,SKU0024,2,2300,0.15,3910.0
5014,1423,2024-05-24,42,3,SKU0001,3,3800,0.0,11400.0
5015,1423,2024-05-24,42,3,SKU0032,4,3100,0.1,11160.0
5016,1423,2024-05-24,42,3,SKU0028,1,2900,0.0,2900.0
5017,1423,2024-05-24,42,3,SKU0021,2,3800,0.0,7600.0
5018,1424,2024-12-03,29,4,SKU0041,4,9000,0.15,30600.0
5019,1424,2024-12-03,29,4,SKU0020,1,2300,0.0,2300.0
5020,1425,2025-07-07,40,1,SKU0016,4,4000,0.1,14400.0
5021,1425,2025-07-07,40,1,SKU0001,2,4100,0.1,7380.0
5022,1425,2025-07-07,40,1,SKU0024,3,2500,0.0,7500.0
5023,1426,2025-06-09,10,3,SKU0023,4,13950,0.0,55800.0
5024,1426,2025-06-09,10,3,SKU0036,4,21500,0.0,86000.0
5025,1427,2024-07-10,35,2,SKU0021,2,3800,0.15,6460.0
5026,1427,2024-07-10,35,2,SKU0007,4,5000,0.1,18000.0
5027,1428,2026-06-17,12,4,SKU0001,4,4400,0.0,17600.0
5028,1428,2026-06-17,12,4,SKU0033,4,3600,0.0,14400.0
5029,1428,2026-06-17,12,4,SKU0026,2,6400,0.0,12800.0
5030,1428,2026-06-17,12,4,SKU0027,1,10000,0.05,9500.0
5031,1429,2024-06-25,29,4,SKU0029,4,6200,0.0,24800.0
5032,1429,2024-06-25,29,4,SKU0033,1,3100,0.1,2790.0
5033,1429,2024-06-25,29,4,SKU0018,2,4000,0.05,7600.0
5034,1429,2024-06-25,29,4,SKU0040,1,5400,0.1,4860.0
5035,1429,2024-06-25,29,4,SKU0019,2,2600,0.0,5200.0
5036,1430,2025-10-31,1,1,SKU0007,4,5400,0.0,21600.0
5037,1430,2025-10-31,1,1,SKU0033,2,3350,0.0,6700.0
5038,1430,2025-10-31,1,1,SKU0020,2,2500,0.0,5000.0
5039,1430,2025-10-31,1,1,SKU0037,3,16500,0.15,42075.0
5040,1431,2025-12-19,14,3,SKU0020,4,2500,0.1,9000.0
5041,1432,2025-09-11,49,4,SKU0010,4,9300,0.15,31620.0
5042,1432,2025-09-11,49,4,SKU0008,3,4200,0.05,11970.0
5043,1432,2025-09-11,49,4,SKU0006,3,2500,0.0,7500.0
5044,1432,2025-09-11,49,4,SKU0022,3,2800,0.0,8400.0
5045,1432,2025-09-11,49,4,SKU0041,5,9700,0.15,41225.0
5046,1433,2026-03-31,12,1,SKU0018,1,4650,0.0,4650.0
5047,1433,2026-03-31,12,1,SKU0019,5,3000,0.0,15000.0
5048,1433,2026-03-31,12,1,SKU0042,2,11600,0.05,22040.0
5049,1433,2026-03-31,12,1,SKU0006,5,2650,0.0,13250.0
5050,1434,2025-08-03,34,2,SKU0016,3,4000,0.0,12000.0
5051,1434,2025-08-03,34,2,SKU0001,3,4100,0.1,11070.0
5052,1434,2025-08-03,34,2,SKU0028,5,3150,0.15,13387.5
5053,1434,2025-08-03,34,2,SKU0015,3,5400,0.05,15390.0
5054,1435,2026-03-17,33,2,SKU0005,5,9050,0.0,45250.0
5055,1435,2026-03-17,33,2,SKU0034,4,3500,0.0,14000.0
5056,1435,2026-03-17,33,2,SKU0041,3,10450,0.15,26647.5
5057,1435,2026-03-17,33,2,SKU0018,1,4650,0.0,4650.0
5058,1435,2026-03-17,33,2,SKU0038,1,9650,0.15,8202.5
5059,1435,2026-03-17,33,2,SKU0027,1,10000,0.0,10000.0
5060,1436,2024-02-03,12,1,SKU0024,2,2300,0.1,4140.0
5061,1436,2024-02-03,12,1,SKU0020,3,2300,0.0,6900.0
5062,1437,2024-02-25,47,2,SKU0002,4,4300,0.0,17200.0
5063,1437,2024-02-25,47,2,SKU0008,3,3900,0.05,11115.0
5064,1438,2025-10-15,48,5,SKU0001,1,4100,0.1,3690.0
5065,1438,2025-10-15,48,5,SKU0016,5,4000,0.0,20000.0
5066,1438,2025-10-15,48,5,SKU0032,1,3350,0.0,3350.0
5067,1438,2025-10-15,48,5,SKU0010,2,9300,0.0,18600.0
5068,1439,2025-08-16,4,2,SKU0039,4,14150,0.05,53770.0
5069,1440,2025-10-24,38,5,SKU0004,2,9700,0.0,19400.0
5070,1440,2025-10-24,38,5,SKU0006,4,2500,0.15,8500.0
5071,1440,2025-10-24,38,5,SKU0018,1,4300,0.0,4300.0
5072,1440,2025-10-24,38,5,SKU0003,1,2400,0.15,2040.0
5073,1440,2025-10-24,38,5,SKU0001,4,4100,0.1,14760.0
5074,1441,2026-01-26,7,5,SKU0042,1,11600,0.1,10440.0
5075,1441,2026-01-26,7,5,SKU0036,4,23100,0.0,92400.0
5076,1441,2026-01-26,7,5,SKU0027,3,10000,0.1,27000.0
5077,1441,2026-01-26,7,5,SKU0003,5,2550,0.15,10837.5
5078,1442,2025-03-22,4,5,SKU0007,3,5400,0.15,13770.0
5079,1442,2025-03-22,4,5,SKU0038,4,8950,0.15,30430.0
5080,1442,2025-03-22,4,5,SKU0042,5,10800,0.0,54000.0
5081,1443,2025-10-13,24,1,SKU0008,3,4200,0.05,11970.0
5082,1443,2025-10-13,24,1,SKU0005,2,8400,0.1,15120.0
5083,1443,2025-10-13,24,1,SKU0014,1,6150,0.0,6150.0
5084,1443,2025-10-13,24,1,SKU0029,4,6700,0.0,26800.0
5085,1443,2025-10-13,24,1,SKU0022,5,2800,0.05,13300.0
5086,1443,2025-10-13,24,1,SKU0015,4,5400,0.05,20520.0
5087,1444,2025-06-05,48,1,SKU0009,2,3650,0.0,7300.0
5088,1444,2025-06-05,48,1,SKU0030,1,3800,0.0,3800.0
5089,1444,2025-06-05,48,1,SKU0039,1,14150,0.0,14150.0
5090,1444,2025-06-05,48,1,SKU0004,1,9700,0.05,9215.0
5091,1445,2025-10-02,45,5,SKU0040,4,5850,0.15,19890.0
5092,1446,2024-11-20,10,2,SKU0039,4,13100,0.0,52400.0
5093,1446,2024-11-20,10,2,SKU0038,4,8300,0.0,33200.0
5094,1447,2026-06-28,50,1,SKU0013,4,5200,0.0,20800.0
5095,1447,2026-06-28,50,1,SKU0032,5,3600,0.15,15300.0
5096,1447,2026-06-28,50,1,SKU0022,1,3000,0.0,3000.0
5097,1447,2026-06-28,50,1,SKU0015,2,5800,0.15,9860.0
5098,1447,2026-06-28,50,1,SKU0003,3,2550,0.05,7267.5
5099,1448,2025-05-23,1,5,SKU0023,1,13950,0.0,13950.0
5100,1448,2025-05-23,1,5,SKU0030,2,3800,0.1,6840.0
5101,1448,2025-05-23,1,5,SKU0033,3,3350,0.1,9045.0
5102,1449,2026-02-28,19,2,SKU0014,2,6600,0.0,13200.0
5103,1449,2026-02-28,19,2,SKU0026,1,6400,0.0,6400.0
5104,1450,2025-11-22,38,1,SKU0039,4,14150,0.0,56600.0
5105,1450,2025-11-22,38,1,SKU0025,4,7450,0.1,26820.0
5106,1450,2025-11-22,38,1,SKU0036,4,21500,0.0,86000.0
5107,1450,2025-11-22,38,1,SKU0023,4,13950,0.15,47430.0
5108,1451,2024-11-28,29,3,SKU0028,5,2900,0.1,13050.0
5109,1452,2024-03-28,8,2,SKU0024,1,2300,0.15,1955.0
5110,1452,2024-03-28,8,2,SKU0010,4,8600,0.0,34400.0
5111,1452,2024-03-28,8,2,SKU0006,2,2300,0.0,4600.0
5112,1452,2024-03-28,8,2,SKU0021,1,3800,0.0,3800.0
5113,1452,2024-03-28,8,2,SKU0004,4,9000,0.0,36000.0
5114,1453,2024-03-13,14,2,SKU0003,3,2200,0.15,5610.0
5115,1453,2024-03-13,14,2,SKU0042,2,10000,0.0,20000.0
5116,1453,2024-03-13,14,2,SKU0034,2,3000,0.1,5400.0
5117,1454,2025-04-13,48,1,SKU0035,5,16100,0.15,68425.0
5118,1454,2025-04-13,48,1,SKU0015,3,5400,0.05,15390.0
5119,1454,2025-04-13,48,1,SKU0037,1,16500,0.0,16500.0
5120,1454,2025-04-13,48,1,SKU0009,1,3650,0.0,3650.0
5121,1454,2025-04-13,48,1,SKU0019,3,2800,0.0,8400.0
5122,1455,2025-05-24,48,4,SKU0005,2,8400,0.0,16800.0
5123,1455,2025-05-24,48,4,SKU0001,3,4100,0.0,12300.0
5124,1455,2025-05-24,48,4,SKU0021,4,4100,0.0,16400.0
5125,1455,2025-05-24,48,4,SKU0015,3,5400,0.15,13770.0
5126,1455,2025-05-24,48,4,SKU0003,5,2400,0.0,12000.0
5127,1456,2024-08-18,45,3,SKU0016,2,3700,0.0,7400.0
5128,1456,2024-08-18,45,3,SKU0015,5,5000,0.0,25000.0
5129,1456,2024-08-18,45,3,SKU0040,1,5400,0.0,5400.0
5130,1456,2024-08-18,45,3,SKU0022,3,2600,0.0,7800.0
5131,1457,2025-09-13,8,3,SKU0027,5,9300,0.15,39525.0
5132,1457,2025-09-13,8,3,SKU0017,5,14050,0.15,59712.5
5133,1457,2025-09-13,8,3,SKU0010,4,9300,0.15,31620.0
5134,1457,2025-09-13,8,3,SKU0032,1,3350,0.0,3350.0
5135,1458,2024-12-11,31,2,SKU0022,1,2600,0.0,2600.0
5136,1458,2024-12-11,31,2,SKU0021,4,3800,0.0,15200.0
5137,1458,2024-12-11,31,2,SKU0008,1,3900,0.0,3900.0
5138,1458,2024-12-11,31,2,SKU0009,2,3400,0.05,6460.0
5139,1458,2024-12-11,31,2,SKU0035,3,14900,0.15,37995.0
5140,1459,2025-12-18,37,4,SKU0007,4,5400,0.15,18360.0
5141,1459,2025-12-18,37,4,SKU0022,1,2800,0.15,2380.0
5142,1459,2025-12-18,37,4,SKU0024,5,2500,0.0,12500.0
5143,1459,2025-12-18,37,4,SKU0017,2,14050,0.0,28100.0
5144,1459,2025-12-18,37,4,SKU0010,4,9300,0.0,37200.0
5145,1460,2025-12-29,10,3,SKU0028,4,3150,0.15,10710.0
5146,1460,2025-12-29,10,3,SKU0024,4,2500,0.0,10000.0
5147,1460,2025-12-29,10,3,SKU0018,2,4300,0.0,8600.0
5148,1461,2026-04-15,23,1,SKU0007,1,5800,0.15,4930.0
5149,1461,2026-04-15,23,1,SKU0002,5,5000,0.0,25000.0
5150,1461,2026-04-15,23,1,SKU0030,1,4050,0.0,4050.0
5151,1461,2026-04-15,23,1,SKU0014,4,6600,0.15,22440.0
5152,1462,2026-07-13,17,4,SKU0042,1,11600,0.0,11600.0
5153,1462,2026-07-13,17,4,SKU0015,3,5800,0.0,17400.0
5154,1462,2026-07-13,17,4,SKU0031,2,3700,0.05,7030.0
5155,1462,2026-07-13,17,4,SKU0004,1,10450,0.15,8882.5
5156,1462,2026-07-13,17,4,SKU0014,2,6600,0.0,13200.0
5157,1463,2024-05-30,19,1,SKU0033,2,3100,0.0,6200.0
5158,1463,2024-05-30,19,1,SKU0021,1,3800,0.0,3800.0
5159,1463,2024-05-30,19,1,SKU0030,5,3500,0.0,17500.0
5160,1464,2025-02-04,22,3,SKU0034,2,3250,0.05,6175.0
5161,1464,2025-02-04,22,3,SKU0026,5,5950,0.15,25287.5
5162,1464,2025-02-04,22,3,SKU0010,3,9300,0.0,27900.0
5163,1464,2025-02-04,22,3,SKU0029,4,6700,0.0,26800.0
5164,1465,2025-08-01,28,3,SKU0001,4,4100,0.1,14760.0
5165,1465,2025-08-01,28,3,SKU0029,2,6700,0.0,13400.0
5166,1466,2024-12-17,31,1,SKU0014,4,5700,0.1,20520.0
5167,1466,2024-12-17,31,1,SKU0022,2,2600,0.0,5200.0
5168,1466,2024-12-17,31,1,SKU0042,5,10000,0.0,50000.0
5169,1466,2024-12-17,31,1,SKU0036,2,19900,0.05,37810.0
5170,1466,2024-12-17,31,1,SKU0026,4,5500,0.1,19800.0
5171,1466,2024-12-17,31,1,SKU0031,5,3200,0.15,13600.0
5172,1467,2025-05-08,31,5,SKU0027,1,9300,0.15,7905.0
5173,1468,2024-10-28,17,5,SKU0026,3,5500,0.15,14025.0
5174,1468,2024-10-28,17,5,SKU0038,3,8300,0.15,21165.0
5175,1468,2024-10-28,17,5,SKU0015,2,5000,0.0,10000.0
5176,1468,2024-10-28,17,5,SKU0012,1,2100,0.0,2100.0
5177,1468,2024-10-28,17,5,SKU0004,1,9000,0.1,8100.0
5178,1469,2024-10-07,34,5,SKU0031,5,3200,0.0,16000.0
5179,1469,2024-10-07,34,5,SKU0013,1,4500,0.0,4500.0
5180,1470,2024-04-24,39,4,SKU0017,3,13000,0.0,39000.0
5181,1470,2024-04-24,39,4,SKU0001,4,3800,0.0,15200.0
5182,1470,2024-04-24,39,4,SKU0021,4,3800,0.05,14440.0
5183,1470,2024-04-24,39,4,SKU0013,5,4500,0.0,22500.0
5184,1471,2024-11-20,32,3,SKU0017,1,13000,0.05,12350.0
5185,1471,2024-11-20,32,3,SKU0011,1,4300,0.0,4300.0
5186,1471,2024-11-20,32,3,SKU0028,5,2900,0.0,14500.0
5187,1472,2025-02-19,10,2,SKU0014,2,6150,0.0,12300.0
5188,1472,2025-02-19,10,2,SKU0026,1,5950,0.1,5355.0
5189,1472,2025-02-19,10,2,SKU0009,2,3650,0.0,7300.0
5190,1472,2025-02-19,10,2,SKU0030,2,3800,0.0,7600.0
5191,1473,2025-09-21,7,1,SKU0030,3,3800,0.1,10260.0
5192,1474,2024-10-07,32,4,SKU0008,1,3900,0.15,3315.0
5193,1474,2024-10-07,32,4,SKU0032,3,3100,0.0,9300.0
5194,1474,2024-10-07,32,4,SKU0007,5,5000,0.05,23750.0
5195,1474,2024-10-07,32,4,SKU0028,3,2900,0.0,8700.0
5196,1474,2024-10-07,32,4,SKU0011,3,4300,0.0,12900.0
5197,1475,2026-04-18,36,4,SKU0036,1,23100,0.15,19635.0
5198,1475,2026-04-18,36,4,SKU0015,4,5800,0.05,22040.0
5199,1475,2026-04-18,36,4,SKU0003,1,2550,0.0,2550.0
5200,1475,2026-04-18,36,4,SKU0024,5,2650,0.15,11262.5
5201,1475,2026-04-18,36,4,SKU0012,2,2450,0.0,4900.0
5202,1476,2024-07-01,2,2,SKU0027,2,8600,0.1,15480.0
5203,1476,2024-07-01,2,2,SKU0037,4,15300,0.0,61200.0
5204,1476,2024-07-01,2,2,SKU0036,4,19900,0.15,67660.0
5205,1476,2024-07-01,2,2,SKU0001,1,3800,0.0,3800.0
5206,1476,2024-07-01,2,2,SKU0007,4,5000,0.05,19000.0
5207,1476,2024-07-01,2,2,SKU0018,1,4000,0.15,3400.0
5208,1477,2024-12-24,5,4,SKU0002,2,4300,0.0,8600.0
5209,1477,2024-12-24,5,4,SKU0014,1,5700,0.0,5700.0
5210,1477,2024-12-24,5,4,SKU0006,1,2300,0.0,2300.0
5211,1477,2024-12-24,5,4,SKU0026,3,5500,0.05,15675.0
5212,1478,2025-08-17,13,2,SKU0027,2,9300,0.0,18600.0
5213,1478,2025-08-17,13,2,SKU0030,3,3800,0.0,11400.0
5214,1479,2024-12-12,37,2,SKU0029,2,6200,0.05,11780.0
5215,1480,2026-01-22,18,4,SKU0016,2,4300,0.05,8170.0
5216,1480,2026-01-22,18,4,SKU0036,1,23100,0.1,20790.0
5217,1480,2026-01-22,18,4,SKU0001,4,4400,0.15,14960.0
5218,1480,2026-01-22,18,4,SKU0035,3,17300,0.0,51900.0
5219,1481,2025-06-05,4,2,SKU0040,1,5850,0.1,5265.0
5220,1481,2025-06-05,4,2,SKU0036,5,21500,0.0,107500.0
5221,1481,2025-06-05,4,2,SKU0021,5,4100,0.0,20500.0
5222,1482,2025-06-20,9,4,SKU0011,5,4650,0.0,23250.0
5223,1482,2025-06-20,9,4,SKU0032,4,3350,0.0,13400.0
5224,1482,2025-06-20,9,4,SKU0012,3,2250,0.1,6075.0
5225,1482,2025-06-20,9,4,SKU0035,1,16100,0.0,16100.0
5226,1482,2025-06-20,9,4,SKU0006,5,2500,0.15,10625.0
5227,1482,2025-06-20,9,4,SKU0042,4,10800,0.0,43200.0
5228,1483,2025-06-06,9,4,SKU0027,2,9300,0.05,17670.0
5229,1483,2025-06-06,9,4,SKU0029,3,6700,0.0,20100.0
5230,1483,2025-06-06,9,4,SKU0026,2,5950,0.05,11305.0
5231,1483,2025-06-06,9,4,SKU0022,4,2800,0.0,11200.0
5232,1483,2025-06-06,9,4,SKU0011,5,4650,0.1,20925.0
5233,1483,2025-06-06,9,4,SKU0030,5,3800,0.0,19000.0
5234,1484,2024-12-08,2,4,SKU0001,4,3800,0.1,13680.0
5235,1484,2024-12-08,2,4,SKU0033,4,3100,0.0,12400.0
5236,1484,2024-12-08,2,4,SKU0035,4,14900,0.15,50660.0
5237,1484,2024-12-08,2,4,SKU0028,1,2900,0.0,2900.0
5238,1484,2024-12-08,2,4,SKU0020,1,2300,0.05,2185.0
5239,1484,2024-12-08,2,4,SKU0042,1,10000,0.1,9000.0
5240,1485,2024-01-28,46,1,SKU0011,3,4300,0.15,10965.0
5241,1485,2024-01-28,46,1,SKU0039,3,13100,0.15,33405.0
5242,1485,2024-01-28,46,1,SKU0003,2,2200,0.05,4180.0
5243,1485,2024-01-28,46,1,SKU0012,1,2100,0.0,2100.0
5244,1485,2024-01-28,46,1,SKU0005,3,7800,0.05,22230.0
5245,1486,2026-06-19,37,1,SKU0015,2,5800,0.0,11600.0
5246,1486,2026-06-19,37,1,SKU0012,2,2450,0.0,4900.0
5247,1486,2026-06-19,37,1,SKU0011,2,5000,0.0,10000.0
5248,1486,2026-06-19,37,1,SKU0023,3,14950,0.0,44850.0
5249,1486,2026-06-19,37,1,SKU0013,1,5200,0.0,5200.0
5250,1487,2025-06-12,24,3,SKU0004,2,9700,0.0,19400.0
5251,1487,2025-06-12,24,3,SKU0008,3,4200,0.0,12600.0
5252,1487,2025-06-12,24,3,SKU0040,1,5850,0.0,5850.0
5253,1488,2026-07-06,26,5,SKU0036,2,23100,0.0,46200.0
5254,1488,2026-07-06,26,5,SKU0019,2,3000,0.0,6000.0
5255,1488,2026-07-06,26,5,SKU0014,2,6600,0.0,13200.0
5256,1488,2026-07-06,26,5,SKU0040,2,6250,0.05,11875.0
5257,1488,2026-07-06,26,5,SKU0013,4,5200,0.0,20800.0
5258,1489,2024-08-31,1,5,SKU0023,5,12900,0.1,58050.0
5259,1490,2025-01-18,48,5,SKU0015,2,5400,0.05,10260.0
5260,1490,2025-01-18,48,5,SKU0008,1,4200,0.0,4200.0
5261,1490,2025-01-18,48,5,SKU0009,3,3650,0.15,9307.5
5262,1490,2025-01-18,48,5,SKU0018,5,4300,0.0,21500.0
5263,1490,2025-01-18,48,5,SKU0039,3,14150,0.15,36082.5
5264,1490,2025-01-18,48,5,SKU0006,5,2500,0.05,11875.0
5265,1491,2024-03-02,40,2,SKU0008,2,3900,0.0,7800.0
5266,1492,2025-06-02,32,4,SKU0005,4,8400,0.0,33600.0
5267,1492,2025-06-02,32,4,SKU0031,5,3450,0.0,17250.0
5268,1493,2026-05-02,18,2,SKU0001,4,4400,0.0,17600.0
5269,1494,2025-10-27,39,3,SKU0006,5,2500,0.0,12500.0
5270,1494,2025-10-27,39,3,SKU0037,2,16500,0.0,33000.0
5271,1494,2025-10-27,39,3,SKU0014,4,6150,0.0,24600.0
5272,1494,2025-10-27,39,3,SKU0029,2,6700,0.0,13400.0
5273,1494,2025-10-27,39,3,SKU0022,4,2800,0.0,11200.0
5274,1494,2025-10-27,39,3,SKU0007,2,5400,0.1,9720.0
5275,1495,2025-05-12,26,2,SKU0018,5,4300,0.1,19350.0
5276,1495,2025-05-12,26,2,SKU0031,4,3450,0.0,13800.0
5277,1495,2025-05-12,26,2,SKU0021,4,4100,0.0,16400.0
5278,1495,2025-05-12,26,2,SKU0010,2,9300,0.1,16740.0
5279,1496,2025-07-10,2,5,SKU0008,1,4200,0.05,3990.0
5280,1496,2025-07-10,2,5,SKU0029,5,6700,0.0,33500.0
5281,1496,2025-07-10,2,5,SKU0015,5,5400,0.0,27000.0
5282,1496,2025-07-10,2,5,SKU0002,3,4650,0.15,11857.5
5283,1497,2026-04-04,9,3,SKU0013,2,5200,0.1,9360.0
5284,1498,2025-04-05,7,1,SKU0015,1,5400,0.0,5400.0
5285,1498,2025-04-05,7,1,SKU0022,1,2800,0.0,2800.0
5286,1498,2025-04-05,7,1,SKU0023,2,13950,0.1,25110.0
5287,1499,2026-05-02,50,2,SKU0038,1,9650,0.0,9650.0
5288,1500,2025-12-24,16,1,SKU0029,2,6700,0.0,13400.0
5289,1500,2025-12-24,16,1,SKU0032,4,3350,0.05,12730.0
5290,1500,2025-12-24,16,1,SKU0038,2,8950,0.0,17900.0
5291,1500,2025-12-24,16,1,SKU0030,3,3800,0.15,9690.0
5292,1500,2025-12-24,16,1,SKU0041,2,9700,0.0,19400.0
5293,1501,2026-01-23,6,5,SKU0016,1,4300,0.05,4085.0
5294,1501,2026-01-23,6,5,SKU0017,2,15100,0.1,27180.0
5295,1501,2026-01-23,6,5,SKU0041,1,10450,0.0,10450.0
5296,1501,2026-01-23,6,5,SKU0021,5,4400,0.0,22000.0
5297,1501,2026-01-23,6,5,SKU0035,4,17300,0.0,69200.0
5298,1502,2025-01-31,28,4,SKU0025,5,7450,0.05,35387.5
5299,1502,2025-01-31,28,4,SKU0037,5,16500,0.0,82500.0
5300,1502,2025-01-31,28,4,SKU0013,3,4850,0.0,14550.0
5301,1502,2025-01-31,28,4,SKU0014,3,6150,0.15,15682.5
5302,1502,2025-01-31,28,4,SKU0016,5,4000,0.0,20000.0
5303,1502,2025-01-31,28,4,SKU0011,2,4650,0.0,9300.0
5304,1503,2025-03-07,30,5,SKU0019,5,2800,0.15,11900.0
5305,1503,2025-03-07,30,5,SKU0028,3,3150,0.1,8505.0
5306,1503,2025-03-07,30,5,SKU0018,5,4300,0.05,20425.0
5307,1503,2025-03-07,30,5,SKU0004,2,9700,0.15,16490.0
5308,1503,2025-03-07,30,5,SKU0034,5,3250,0.0,16250.0
5309,1503,2025-03-07,30,5,SKU0022,3,2800,0.1,7560.0
5310,1504,2025-08-10,28,4,SKU0026,1,5950,0.1,5355.0
5311,1504,2025-08-10,28,4,SKU0012,5,2250,0.0,11250.0
5312,1505,2024-08-08,26,4,SKU0038,3,8300,0.0,24900.0
5313,1505,2024-08-08,26,4,SKU0011,2,4300,0.15,7310.0
5314,1506,2025-07-25,50,3,SKU0024,2,2500,0.0,5000.0
5315,1506,2025-07-25,50,3,SKU0006,2,2500,0.15,4250.0
5316,1506,2025-07-25,50,3,SKU0038,3,8950,0.0,26850.0
5317,1506,2025-07-25,50,3,SKU0026,1,5950,0.05,5652.5
5318,1506,2025-07-25,50,3,SKU0011,2,4650,0.0,9300.0
5319,1506,2025-07-25,50,3,SKU0036,4,21500,0.0,86000.0
5320,1507,2024-03-28,49,3,SKU0012,5,2100,0.15,8925.0
5321,1507,2024-03-28,49,3,SKU0036,3,19900,0.0,59700.0
5322,1507,2024-03-28,49,3,SKU0027,1,8600,0.0,8600.0
5323,1507,2024-03-28,49,3,SKU0013,2,4500,0.15,7650.0
5324,1508,2025-06-11,11,2,SKU0006,5,2500,0.0,12500.0
5325,1508,2025-06-11,11,2,SKU0019,5,2800,0.0,14000.0
5326,1508,2025-06-11,11,2,SKU0037,1,16500,0.05,15675.0
5327,1509,2026-01-23,45,4,SKU0011,4,5000,0.0,20000.0
5328,1509,2026-01-23,45,4,SKU0029,1,7200,0.0,7200.0
5329,1509,2026-01-23,45,4,SKU0003,3,2550,0.15,6502.5
5330,1509,2026-01-23,45,4,SKU0009,1,3950,0.05,3752.5
5331,1510,2024-11-10,24,4,SKU0012,4,2100,0.15,7140.0
5332,1510,2024-11-10,24,4,SKU0005,3,7800,0.1,21060.0
5333,1511,2026-07-23,3,1,SKU0015,2,5800,0.0,11600.0
5334,1511,2026-07-23,3,1,SKU0040,3,6250,0.15,15937.5
5335,1511,2026-07-23,3,1,SKU0005,2,9050,0.05,17195.0
5336,1511,2026-07-23,3,1,SKU0004,5,10450,0.0,52250.0
5337,1511,2026-07-23,3,1,SKU0006,2,2650,0.0,5300.0
5338,1511,2026-07-23,3,1,SKU0037,3,17750,0.15,45262.5
5339,1512,2025-11-18,30,1,SKU0038,2,8950,0.0,17900.0
5340,1513,2024-05-18,1,1,SKU0002,4,4300,0.1,15480.0
5341,1513,2024-05-18,1,1,SKU0034,1,3000,0.0,3000.0
5342,1513,2024-05-18,1,1,SKU0010,4,8600,0.0,34400.0
5343,1513,2024-05-18,1,1,SKU0030,4,3500,0.0,14000.0
5344,1514,2026-07-12,44,4,SKU0031,4,3700,0.15,12580.0
5345,1515,2025-03-01,9,4,SKU0014,1,6150,0.0,6150.0
5346,1515,2025-03-01,9,4,SKU0034,5,3250,0.0,16250.0
5347,1515,2025-03-01,9,4,SKU0023,2,13950,0.0,27900.0
5348,1516,2026-02-19,12,2,SKU0028,4,3350,0.1,12060.0
5349,1516,2026-02-19,12,2,SKU0006,2,2650,0.15,4505.0
5350,1516,2026-02-19,12,2,SKU0029,2,7200,0.1,12960.0
5351,1517,2025-01-04,8,2,SKU0027,1,9300,0.1,8370.0
5352,1517,2025-01-04,8,2,SKU0008,5,4200,0.0,21000.0
5353,1518,2026-06-14,19,1,SKU0020,4,2650,0.0,10600.0
5354,1518,2026-06-14,19,1,SKU0009,3,3950,0.15,10072.5
5355,1518,2026-06-14,19,1,SKU0013,3,5200,0.0,15600.0
5356,1518,2026-06-14,19,1,SKU0007,2,5800,0.0,11600.0
5357,1519,2026-01-15,12,4,SKU0025,4,8000,0.15,27200.0
5358,1519,2026-01-15,12,4,SKU0034,1,3500,0.0,3500.0
5359,1519,2026-01-15,12,4,SKU0024,2,2650,0.15,4505.0
5360,1519,2026-01-15,12,4,SKU0031,3,3700,0.05,10545.0
5361,1520,2024-08-13,19,2,SKU0003,3,2200,0.15,5610.0
5362,1520,2024-08-13,19,2,SKU0018,3,4000,0.0,12000.0
5363,1520,2024-08-13,19,2,SKU0028,5,2900,0.05,13775.0
5364,1520,2024-08-13,19,2,SKU0005,4,7800,0.0,31200.0
5365,1520,2024-08-13,19,2,SKU0031,1,3200,0.15,2720.0
5366,1521,2025-06-15,32,5,SKU0037,2,16500,0.0,33000.0
5367,1521,2025-06-15,32,5,SKU0013,5,4850,0.0,24250.0
5368,1521,2025-06-15,32,5,SKU0012,4,2250,0.0,9000.0
5369,1521,2025-06-15,32,5,SKU0020,3,2500,0.15,6375.0
5370,1521,2025-06-15,32,5,SKU0003,3,2400,0.0,7200.0
5371,1522,2025-06-07,50,4,SKU0015,3,5400,0.0,16200.0
5372,1522,2025-06-07,50,4,SKU0018,3,4300,0.15,10965.0
5373,1523,2024-02-25,13,5,SKU0037,2,15300,0.0,30600.0
5374,1523,2024-02-25,13,5,SKU0017,3,13000,0.15,33150.0
5375,1523,2024-02-25,13,5,SKU0029,5,6200,0.0,31000.0
5376,1523,2024-02-25,13,5,SKU0001,2,3800,0.0,7600.0
5377,1524,2024-06-06,49,2,SKU0036,4,19900,0.0,79600.0
5378,1524,2024-06-06,49,2,SKU0037,2,15300,0.05,29070.0
5379,1524,2024-06-06,49,2,SKU0003,4,2200,0.1,7920.0
5380,1524,2024-06-06,49,2,SKU0018,3,4000,0.0,12000.0
5381,1525,2024-12-29,42,1,SKU0039,3,13100,0.0,39300.0
5382,1526,2025-05-14,33,3,SKU0021,3,4100,0.0,12300.0
5383,1526,2025-05-14,33,3,SKU0031,3,3450,0.15,8797.5
5384,1526,2025-05-14,33,3,SKU0018,5,4300,0.05,20425.0
5385,1526,2025-05-14,33,3,SKU0012,1,2250,0.15,1912.5
5386,1526,2025-05-14,33,3,SKU0006,1,2500,0.05,2375.0
5387,1526,2025-05-14,33,3,SKU0026,2,5950,0.0,11900.0
5388,1527,2025-04-29,35,1,SKU0028,4,3150,0.15,10710.0
5389,1527,2025-04-29,35,1,SKU0004,4,9700,0.1,34920.0
5390,1527,2025-04-29,35,1,SKU0020,1,2500,0.0,2500.0
5391,1528,2025-09-13,15,4,SKU0034,1,3250,0.0,3250.0
5392,1528,2025-09-13,15,4,SKU0017,4,14050,0.0,56200.0
5393,1528,2025-09-13,15,4,SKU0018,5,4300,0.15,18275.0
5394,1528,2025-09-13,15,4,SKU0014,4,6150,0.15,20910.0
5395,1528,2025-09-13,15,4,SKU0030,3,3800,0.0,11400.0
5396,1529,2025-06-21,17,4,SKU0009,5,3650,0.15,15512.5
5397,1529,2025-06-21,17,4,SKU0025,1,7450,0.0,7450.0
5398,1529,2025-06-21,17,4,SKU0015,3,5400,0.1,14580.0
5399,1529,2025-06-21,17,4,SKU0026,1,5950,0.05,5652.5
5400,1530,2024-12-25,24,5,SKU0039,4,13100,0.1,47160.0
5401,1530,2024-12-25,24,5,SKU0037,2,15300,0.05,29070.0
5402,1530,2024-12-25,24,5,SKU0003,1,2200,0.0,2200.0
5403,1530,2024-12-25,24,5,SKU0004,5,9000,0.0,45000.0
5404,1530,2024-12-25,24,5,SKU0010,3,8600,0.0,25800.0
5405,1530,2024-12-25,24,5,SKU0029,4,6200,0.1,22320.0
5406,1531,2025-09-19,36,4,SKU0019,2,2800,0.0,5600.0
5407,1532,2024-07-04,27,4,SKU0022,1,2600,0.0,2600.0
5408,1533,2026-07-24,46,2,SKU0018,2,4650,0.0,9300.0
5409,1533,2026-07-24,46,2,SKU0028,1,3350,0.0,3350.0
5410,1533,2026-07-24,46,2,SKU0038,4,9650,0.1,34740.0
5411,1533,2026-07-24,46,2,SKU0033,4,3600,0.1,12960.0
5412,1534,2026-01-02,14,1,SKU0031,2,3700,0.1,6660.0
5413,1534,2026-01-02,14,1,SKU0008,2,4500,0.0,9000.0
5414,1534,2026-01-02,14,1,SKU0036,4,23100,0.15,78540.0
5415,1534,2026-01-02,14,1,SKU0009,4,3950,0.05,15010.0
5416,1535,2024-11-30,42,3,SKU0040,1,5400,0.15,4590.0
5417,1536,2025-01-01,33,4,SKU0042,5,10800,0.15,45900.0
5418,1536,2025-01-01,33,4,SKU0033,3,3350,0.1,9045.0
5419,1536,2025-01-01,33,4,SKU0028,5,3150,0.15,13387.5
5420,1536,2025-01-01,33,4,SKU0022,1,2800,0.0,2800.0
5421,1536,2025-01-01,33,4,SKU0014,4,6150,0.15,20910.0
5422,1537,2026-03-19,14,5,SKU0014,5,6600,0.15,28050.0
5423,1537,2026-03-19,14,5,SKU0020,5,2650,0.15,11262.5
5424,1537,2026-03-19,14,5,SKU0011,4,5000,0.0,20000.0
5425,1537,2026-03-19,14,5,SKU0033,1,3600,0.1,3240.0
5426,1538,2025-07-06,21,3,SKU0041,3,9700,0.05,27645.0
5427,1539,2025-12-11,9,2,SKU0030,1,3800,0.0,3800.0
5428,1540,2024-11-30,42,5,SKU0005,1,7800,0.0,7800.0
5429,1540,2024-11-30,42,5,SKU0035,4,14900,0.0,59600.0
5430,1540,2024-11-30,42,5,SKU0026,2,5500,0.15,9350.0
5431,1540,2024-11-30,42,5,SKU0029,1,6200,0.15,5270.0
5432,1541,2026-03-09,5,4,SKU0037,4,17750,0.0,71000.0
5433,1541,2026-03-09,5,4,SKU0001,5,4400,0.05,20900.0
5434,1542,2025-02-02,12,5,SKU0006,1,2500,0.05,2375.0
5435,1542,2025-02-02,12,5,SKU0037,2,16500,0.0,33000.0
5436,1542,2025-02-02,12,5,SKU0035,3,16100,0.15,41055.0
5437,1542,2025-02-02,12,5,SKU0011,2,4650,0.15,7905.0
5438,1542,2025-02-02,12,5,SKU0032,2,3350,0.0,6700.0
5439,1543,2025-11-12,6,4,SKU0001,4,4100,0.05,15580.0
5440,1543,2025-11-12,6,4,SKU0035,3,16100,0.0,48300.0
5441,1543,2025-11-12,6,4,SKU0028,1,3150,0.0,3150.0
5442,1543,2025-11-12,6,4,SKU0020,5,2500,0.05,11875.0
5443,1543,2025-11-12,6,4,SKU0017,2,14050,0.0,28100.0
5444,1543,2025-11-12,6,4,SKU0011,2,4650,0.0,9300.0
5445,1544,2026-07-16,20,5,SKU0002,4,5000,0.0,20000.0
5446,1544,2026-07-16,20,5,SKU0008,4,4500,0.05,17100.0
5447,1544,2026-07-16,20,5,SKU0019,2,3000,0.0,6000.0
5448,1544,2026-07-16,20,5,SKU0023,5,14950,0.0,74750.0
5449,1544,2026-07-16,20,5,SKU0037,5,17750,0.0,88750.0
5450,1544,2026-07-16,20,5,SKU0027,2,10000,0.0,20000.0
5451,1545,2025-08-22,24,3,SKU0034,5,3250,0.1,14625.0
5452,1545,2025-08-22,24,3,SKU0011,3,4650,0.1,12555.0
5453,1545,2025-08-22,24,3,SKU0018,2,4300,0.15,7310.0
5454,1545,2025-08-22,24,3,SKU0015,1,5400,0.1,4860.0
5455,1545,2025-08-22,24,3,SKU0036,2,21500,0.15,36550.0
5456,1546,2026-02-21,45,1,SKU0035,5,17300,0.15,73525.0
5457,1546,2026-02-21,45,1,SKU0008,1,4500,0.0,4500.0
5458,1546,2026-02-21,45,1,SKU0027,4,10000,0.1,36000.0
5459,1546,2026-02-21,45,1,SKU0031,3,3700,0.1,9990.0
5460,1547,2025-12-23,15,1,SKU0042,1,10800,0.0,10800.0
5461,1547,2025-12-23,15,1,SKU0034,4,3250,0.1,11700.0
5462,1547,2025-12-23,15,1,SKU0038,3,8950,0.15,22822.5
5463,1548,2025-11-25,38,2,SKU0033,1,3350,0.0,3350.0
5464,1548,2025-11-25,38,2,SKU0006,4,2500,0.0,10000.0
5465,1548,2025-11-25,38,2,SKU0022,5,2800,0.0,14000.0
5466,1548,2025-11-25,38,2,SKU0001,4,4100,0.1,14760.0
5467,1548,2025-11-25,38,2,SKU0013,3,4850,0.0,14550.0
5468,1548,2025-11-25,38,2,SKU0029,4,6700,0.0,26800.0
5469,1549,2024-02-01,14,1,SKU0041,4,9000,0.0,36000.0
5470,1549,2024-02-01,14,1,SKU0035,4,14900,0.0,59600.0
5471,1549,2024-02-01,14,1,SKU0003,5,2200,0.0,11000.0
5472,1549,2024-02-01,14,1,SKU0034,5,3000,0.0,15000.0
5473,1549,2024-02-01,14,1,SKU0005,5,7800,0.0,39000.0
5474,1550,2025-05-15,42,3,SKU0034,1,3250,0.0,3250.0
5475,1550,2025-05-15,42,3,SKU0021,2,4100,0.05,7790.0
5476,1550,2025-05-15,42,3,SKU0002,5,4650,0.1,20925.0
5477,1551,2026-07-06,38,3,SKU0012,1,2450,0.0,2450.0
5478,1551,2026-07-06,38,3,SKU0042,4,11600,0.05,44080.0
5479,1551,2026-07-06,38,3,SKU0030,1,4050,0.0,4050.0
5480,1551,2026-07-06,38,3,SKU0041,5,10450,0.1,47025.0
5481,1551,2026-07-06,38,3,SKU0018,1,4650,0.1,4185.0
5482,1552,2026-02-09,39,4,SKU0011,4,5000,0.0,20000.0
5483,1553,2026-02-02,26,2,SKU0036,1,23100,0.05,21945.0
5484,1554,2025-08-17,9,1,SKU0040,4,5850,0.0,23400.0
5485,1554,2025-08-17,9,1,SKU0008,2,4200,0.0,8400.0
5486,1555,2025-12-20,13,3,SKU0018,5,4300,0.0,21500.0
5487,1555,2025-12-20,13,3,SKU0014,2,6150,0.1,11070.0
5488,1555,2025-12-20,13,3,SKU0021,3,4100,0.0,12300.0
5489,1556,2025-08-22,34,4,SKU0006,2,2500,0.0,5000.0
5490,1557,2024-07-12,48,3,SKU0010,5,8600,0.0,43000.0
5491,1557,2024-07-12,48,3,SKU0020,5,2300,0.0,11500.0
5492,1557,2024-07-12,48,3,SKU0011,2,4300,0.0,8600.0
5493,1557,2024-07-12,48,3,SKU0024,4,2300,0.0,9200.0
5494,1557,2024-07-12,48,3,SKU0014,2,5700,0.0,11400.0
5495,1557,2024-07-12,48,3,SKU0027,2,8600,0.05,16340.0
5496,1558,2025-10-04,18,5,SKU0026,4,5950,0.1,21420.0
5497,1558,2025-10-04,18,5,SKU0004,4,9700,0.0,38800.0
5498,1558,2025-10-04,18,5,SKU0016,2,4000,0.15,6800.0
5499,1558,2025-10-04,18,5,SKU0040,3,5850,0.0,17550.0
5500,1559,2025-09-25,25,3,SKU0020,3,2500,0.0,7500.0
5501,1559,2025-09-25,25,3,SKU0003,2,2400,0.1,4320.0
5502,1560,2026-03-30,49,4,SKU0033,4,3600,0.15,12240.0
5503,1560,2026-03-30,49,4,SKU0006,3,2650,0.15,6757.5
5504,1560,2026-03-30,49,4,SKU0035,3,17300,0.1,46710.0
5505,1561,2024-06-18,2,2,SKU0018,1,4000,0.0,4000.0
5506,1561,2024-06-18,2,2,SKU0033,5,3100,0.0,15500.0
5507,1561,2024-06-18,2,2,SKU0035,4,14900,0.0,59600.0
5508,1561,2024-06-18,2,2,SKU0010,5,8600,0.0,43000.0
5509,1562,2025-11-18,18,4,SKU0010,4,9300,0.0,37200.0
5510,1562,2025-11-18,18,4,SKU0013,4,4850,0.0,19400.0
5511,1562,2025-11-18,18,4,SKU0009,4,3650,0.05,13870.0
5512,1562,2025-11-18,18,4,SKU0015,5,5400,0.05,25650.0
5513,1563,2024-02-07,27,3,SKU0005,5,7800,0.15,33150.0
5514,1563,2024-02-07,27,3,SKU0009,4,3400,0.15,11560.0
5515,1563,2024-02-07,27,3,SKU0024,2,2300,0.0,4600.0
5516,1563,2024-02-07,27,3,SKU0038,1,8300,0.0,8300.0
5517,1563,2024-02-07,27,3,SKU0020,2,2300,0.05,4370.0
5518,1564,2026-06-22,34,4,SKU0011,5,5000,0.05,23750.0
5519,1564,2026-06-22,34,4,SKU0027,2,10000,0.0,20000.0
5520,1565,2024-05-08,25,4,SKU0005,4,7800,0.0,31200.0
5521,1565,2024-05-08,25,4,SKU0030,2,3500,0.0,7000.0
5522,1565,2024-05-08,25,4,SKU0037,4,15300,0.05,58140.0
5523,1565,2024-05-08,25,4,SKU0038,5,8300,0.05,39425.0
5524,1566,2024-01-23,43,2,SKU0039,5,13100,0.1,58950.0
5525,1566,2024-01-23,43,2,SKU0036,4,19900,0.15,67660.0
5526,1566,2024-01-23,43,2,SKU0016,4,3700,0.05,14060.0
5527,1566,2024-01-23,43,2,SKU0014,5,5700,0.0,28500.0
5528,1566,2024-01-23,43,2,SKU0021,4,3800,0.0,15200.0
5529,1567,2024-12-12,40,2,SKU0028,1,2900,0.0,2900.0
5530,1567,2024-12-12,40,2,SKU0001,3,3800,0.05,10830.0
5531,1567,2024-12-12,40,2,SKU0020,2,2300,0.0,4600.0
5532,1568,2024-06-22,34,3,SKU0016,5,3700,0.1,16650.0
5533,1568,2024-06-22,34,3,SKU0007,2,5000,0.15,8500.0
5534,1568,2024-06-22,34,3,SKU0021,5,3800,0.0,19000.0
5535,1568,2024-06-22,34,3,SKU0013,2,4500,0.0,9000.0
5536,1568,2024-06-22,34,3,SKU0039,4,13100,0.0,52400.0
5537,1569,2025-11-27,2,1,SKU0019,3,2800,0.0,8400.0
5538,1570,2025-03-16,42,4,SKU0010,2,9300,0.15,15810.0
5539,1570,2025-03-16,42,4,SKU0040,1,5850,0.15,4972.5
5540,1570,2025-03-16,42,4,SKU0005,3,8400,0.1,22680.0
5541,1570,2025-03-16,42,4,SKU0020,5,2500,0.0,12500.0
5542,1571,2026-02-01,14,3,SKU0002,2,5000,0.05,9500.0
5543,1572,2026-05-31,37,4,SKU0010,4,10000,0.0,40000.0
5544,1572,2026-05-31,37,4,SKU0041,1,10450,0.05,9927.5
5545,1572,2026-05-31,37,4,SKU0035,5,17300,0.05,82175.0
5546,1573,2026-04-24,28,3,SKU0025,3,8000,0.05,22800.0
5547,1573,2026-04-24,28,3,SKU0020,2,2650,0.0,5300.0
5548,1573,2026-04-24,28,3,SKU0011,5,5000,0.0,25000.0
5549,1573,2026-04-24,28,3,SKU0009,2,3950,0.0,7900.0
5550,1573,2026-04-24,28,3,SKU0019,2,3000,0.0,6000.0
5551,1573,2026-04-24,28,3,SKU0001,5,4400,0.0,22000.0
5552,1574,2025-12-30,28,4,SKU0007,2,5400,0.05,10260.0
5553,1574,2025-12-30,28,4,SKU0040,5,5850,0.15,24862.5
5554,1574,2025-12-30,28,4,SKU0017,1,14050,0.1,12645.0
5555,1574,2025-12-30,28,4,SKU0036,3,21500,0.0,64500.0
5556,1574,2025-12-30,28,4,SKU0026,5,5950,0.0,29750.0
5557,1575,2024-03-15,1,1,SKU0024,4,2300,0.05,8740.0
5558,1575,2024-03-15,1,1,SKU0016,4,3700,0.0,14800.0
5559,1575,2024-03-15,1,1,SKU0041,1,9000,0.05,8550.0
5560,1575,2024-03-15,1,1,SKU0001,4,3800,0.05,14440.0
5561,1576,2024-06-07,22,4,SKU0042,1,10000,0.0,10000.0
5562,1576,2024-06-07,22,4,SKU0019,2,2600,0.15,4420.0
5563,1577,2024-08-22,20,4,SKU0008,2,3900,0.0,7800.0
5564,1577,2024-08-22,20,4,SKU0011,2,4300,0.0,8600.0
5565,1577,2024-08-22,20,4,SKU0021,5,3800,0.0,19000.0
5566,1578,2024-12-22,26,1,SKU0004,4,9000,0.0,36000.0
5567,1579,2025-11-03,32,2,SKU0011,4,4650,0.0,18600.0
5568,1579,2025-11-03,32,2,SKU0005,5,8400,0.15,35700.0
5569,1579,2025-11-03,32,2,SKU0032,2,3350,0.0,6700.0
5570,1579,2025-11-03,32,2,SKU0023,2,13950,0.1,25110.0
5571,1579,2025-11-03,32,2,SKU0004,3,9700,0.15,24735.0
5572,1579,2025-11-03,32,2,SKU0015,5,5400,0.1,24300.0
5573,1580,2025-06-30,38,5,SKU0005,2,8400,0.0,16800.0
5574,1580,2025-06-30,38,5,SKU0038,1,8950,0.0,8950.0
5575,1580,2025-06-30,38,5,SKU0013,3,4850,0.1,13095.0
5576,1580,2025-06-30,38,5,SKU0034,2,3250,0.15,5525.0
5577,1580,2025-06-30,38,5,SKU0031,3,3450,0.15,8797.5
5578,1580,2025-06-30,38,5,SKU0040,3,5850,0.0,17550.0
5579,1581,2024-12-12,29,3,SKU0039,1,13100,0.0,13100.0
5580,1581,2024-12-12,29,3,SKU0001,5,3800,0.0,19000.0
5581,1581,2024-12-12,29,3,SKU0018,2,4000,0.15,6800.0
5582,1581,2024-12-12,29,3,SKU0032,2,3100,0.0,6200.0
5583,1581,2024-12-12,29,3,SKU0028,1,2900,0.0,2900.0
5584,1582,2024-07-15,45,4,SKU0021,1,3800,0.1,3420.0
5585,1582,2024-07-15,45,4,SKU0005,5,7800,0.15,33150.0
5586,1582,2024-07-15,45,4,SKU0039,3,13100,0.0,39300.0
5587,1582,2024-07-15,45,4,SKU0031,4,3200,0.1,11520.0
5588,1583,2026-05-25,16,2,SKU0038,2,9650,0.0,19300.0
5589,1583,2026-05-25,16,2,SKU0023,1,14950,0.05,14202.5
5590,1583,2026-05-25,16,2,SKU0006,1,2650,0.05,2517.5
5591,1583,2026-05-25,16,2,SKU0018,3,4650,0.05,13252.5
5592,1583,2026-05-25,16,2,SKU0025,1,8000,0.0,8000.0
5593,1584,2025-01-07,23,5,SKU0006,5,2500,0.0,12500.0
5594,1584,2025-01-07,23,5,SKU0007,3,5400,0.0,16200.0
5595,1584,2025-01-07,23,5,SKU0021,5,4100,0.1,18450.0
5596,1584,2025-01-07,23,5,SKU0029,1,6700,0.0,6700.0
5597,1584,2025-01-07,23,5,SKU0017,1,14050,0.1,12645.0
5598,1584,2025-01-07,23,5,SKU0018,4,4300,0.15,14620.0
5599,1585,2025-01-19,31,1,SKU0019,1,2800,0.05,2660.0
5600,1586,2026-01-30,16,1,SKU0020,1,2650,0.15,2252.5
5601,1586,2026-01-30,16,1,SKU0021,2,4400,0.05,8360.0
5602,1586,2026-01-30,16,1,SKU0042,5,11600,0.0,58000.0
5603,1586,2026-01-30,16,1,SKU0008,2,4500,0.0,9000.0
5604,1586,2026-01-30,16,1,SKU0035,5,17300,0.0,86500.0
5605,1586,2026-01-30,16,1,SKU0018,2,4650,0.05,8835.0
5606,1587,2025-12-19,25,4,SKU0003,5,2400,0.0,12000.0
5607,1587,2025-12-19,25,4,SKU0016,5,4000,0.05,19000.0
5608,1588,2025-10-17,26,3,SKU0002,4,4650,0.0,18600.0
5609,1588,2025-10-17,26,3,SKU0029,2,6700,0.05,12730.0
5610,1588,2025-10-17,26,3,SKU0035,3,16100,0.0,48300.0
5611,1588,2025-10-17,26,3,SKU0040,4,5850,0.0,23400.0
5612,1588,2025-10-17,26,3,SKU0001,4,4100,0.1,14760.0
5613,1588,2025-10-17,26,3,SKU0010,5,9300,0.0,46500.0
5614,1589,2025-11-29,14,2,SKU0027,1,9300,0.0,9300.0
5615,1589,2025-11-29,14,2,SKU0009,5,3650,0.0,18250.0
5616,1589,2025-11-29,14,2,SKU0013,3,4850,0.0,14550.0
5617,1590,2025-09-16,2,5,SKU0004,5,9700,0.05,46075.0
5618,1590,2025-09-16,2,5,SKU0028,4,3150,0.0,12600.0
5619,1590,2025-09-16,2,5,SKU0032,5,3350,0.0,16750.0
5620,1590,2025-09-16,2,5,SKU0003,1,2400,0.1,2160.0
5621,1590,2025-09-16,2,5,SKU0033,1,3350,0.05,3182.5
5622,1591,2024-08-05,45,5,SKU0035,3,14900,0.15,37995.0
5623,1592,2024-10-05,15,1,SKU0013,2,4500,0.15,7650.0
5624,1593,2025-07-29,25,4,SKU0007,3,5400,0.05,15390.0
5625,1594,2024-09-11,18,5,SKU0036,2,19900,0.15,33830.0
5626,1594,2024-09-11,18,5,SKU0004,4,9000,0.0,36000.0
5627,1594,2024-09-11,18,5,SKU0022,2,2600,0.1,4680.0
5628,1595,2026-07-11,8,1,SKU0042,2,11600,0.0,23200.0
5629,1595,2026-07-11,8,1,SKU0026,1,6400,0.0,6400.0
5630,1595,2026-07-11,8,1,SKU0003,2,2550,0.05,4845.0
5631,1595,2026-07-11,8,1,SKU0019,4,3000,0.1,10800.0
5632,1595,2026-07-11,8,1,SKU0030,1,4050,0.0,4050.0
5633,1596,2024-11-28,31,3,SKU0018,1,4000,0.15,3400.0
5634,1596,2024-11-28,31,3,SKU0019,5,2600,0.1,11700.0
5635,1596,2024-11-28,31,3,SKU0031,2,3200,0.1,5760.0
5636,1597,2024-11-19,13,1,SKU0005,5,7800,0.0,39000.0
5637,1597,2024-11-19,13,1,SKU0019,2,2600,0.05,4940.0
5638,1597,2024-11-19,13,1,SKU0025,3,6900,0.0,20700.0
5639,1597,2024-11-19,13,1,SKU0040,4,5400,0.15,18360.0
5640,1598,2024-08-22,25,4,SKU0027,2,8600,0.0,17200.0
5641,1598,2024-08-22,25,4,SKU0012,5,2100,0.0,10500.0
5642,1599,2025-12-08,1,3,SKU0001,4,4100,0.0,16400.0
5643,1599,2025-12-08,1,3,SKU0009,5,3650,0.0,18250.0
5644,1600,2024-12-15,2,2,SKU0032,1,3100,0.0,3100.0
5645,1600,2024-12-15,2,2,SKU0036,4,19900,0.05,75620.0
5646,1600,2024-12-15,2,2,SKU0029,4,6200,0.0,24800.0
5647,1601,2025-01-14,22,1,SKU0016,1,4000,0.0,4000.0
5648,1601,2025-01-14,22,1,SKU0003,1,2400,0.0,2400.0
5649,1601,2025-01-14,22,1,SKU0026,5,5950,0.1,26775.0
5650,1601,2025-01-14,22,1,SKU0028,1,3150,0.1,2835.0
5651,1602,2026-06-10,41,4,SKU0001,5,4400,0.0,22000.0
5652,1602,2026-06-10,41,4,SKU0040,1,6250,0.15,5312.5
5653,1602,2026-06-10,41,4,SKU0035,2,17300,0.05,32870.0
5654,1603,2026-02-20,3,5,SKU0011,1,5000,0.15,4250.0
5655,1604,2024-11-03,48,2,SKU0002,3,4300,0.0,12900.0
5656,1604,2024-11-03,48,2,SKU0010,2,8600,0.15,14620.0
5657,1604,2024-11-03,48,2,SKU0024,4,2300,0.15,7820.0
5658,1604,2024-11-03,48,2,SKU0009,3,3400,0.05,9690.0
5659,1604,2024-11-03,48,2,SKU0042,4,10000,0.1,36000.0
5660,1604,2024-11-03,48,2,SKU0017,5,13000,0.0,65000.0
5661,1605,2024-05-21,15,1,SKU0042,5,10000,0.1,45000.0
5662,1605,2024-05-21,15,1,SKU0012,5,2100,0.0,10500.0
5663,1605,2024-05-21,15,1,SKU0026,1,5500,0.0,5500.0
5664,1605,2024-05-21,15,1,SKU0003,4,2200,0.0,8800.0
5665,1605,2024-05-21,15,1,SKU0004,4,9000,0.0,36000.0
5666,1606,2025-11-15,43,3,SKU0018,2,4300,0.0,8600.0
5667,1606,2025-11-15,43,3,SKU0041,3,9700,0.0,29100.0
5668,1606,2025-11-15,43,3,SKU0038,5,8950,0.05,42512.5
5669,1607,2025-02-14,19,3,SKU0015,1,5400,0.05,5130.0
5670,1607,2025-02-14,19,3,SKU0033,1,3350,0.1,3015.0
5671,1607,2025-02-14,19,3,SKU0006,5,2500,0.0,12500.0
5672,1608,2026-07-16,46,5,SKU0025,3,8000,0.15,20400.0
5673,1608,2026-07-16,46,5,SKU0023,3,14950,0.15,38122.5
5674,1608,2026-07-16,46,5,SKU0041,3,10450,0.0,31350.0
5675,1608,2026-07-16,46,5,SKU0034,4,3500,0.0,14000.0
5676,1608,2026-07-16,46,5,SKU0014,2,6600,0.05,12540.0
5677,1609,2026-03-11,44,3,SKU0008,5,4500,0.0,22500.0
5678,1609,2026-03-11,44,3,SKU0032,1,3600,0.0,3600.0
5679,1610,2026-06-27,45,4,SKU0001,4,4400,0.15,14960.0
5680,1610,2026-06-27,45,4,SKU0016,2,4300,0.0,8600.0
5681,1610,2026-06-27,45,4,SKU0027,5,10000,0.0,50000.0
5682,1610,2026-06-27,45,4,SKU0007,1,5800,0.0,5800.0
5683,1611,2026-02-28,1,3,SKU0041,1,10450,0.0,10450.0
5684,1611,2026-02-28,1,3,SKU0010,2,10000,0.0,20000.0
5685,1611,2026-02-28,1,3,SKU0027,1,10000,0.0,10000.0
5686,1611,2026-02-28,1,3,SKU0026,5,6400,0.0,32000.0
5687,1612,2024-11-21,2,1,SKU0013,4,4500,0.0,18000.0
5688,1612,2024-11-21,2,1,SKU0001,1,3800,0.0,3800.0
5689,1612,2024-11-21,2,1,SKU0005,4,7800,0.15,26520.0
5690,1613,2024-11-18,7,3,SKU0004,5,9000,0.0,45000.0
5691,1613,2024-11-18,7,3,SKU0023,3,12900,0.0,38700.0
5692,1613,2024-11-18,7,3,SKU0034,2,3000,0.0,6000.0
5693,1613,2024-11-18,7,3,SKU0029,3,6200,0.0,18600.0
5694,1614,2025-12-15,14,2,SKU0021,1,4100,0.1,3690.0
5695,1614,2025-12-15,14,2,SKU0020,4,2500,0.0,10000.0
5696,1614,2025-12-15,14,2,SKU0029,3,6700,0.0,20100.0
5697,1614,2025-12-15,14,2,SKU0037,1,16500,0.1,14850.0
5698,1614,2025-12-15,14,2,SKU0017,3,14050,0.1,37935.0
5699,1615,2025-01-11,30,5,SKU0021,4,4100,0.0,16400.0
5700,1616,2025-04-16,37,1,SKU0034,3,3250,0.15,8287.5
5701,1616,2025-04-16,37,1,SKU0041,4,9700,0.05,36860.0
5702,1616,2025-04-16,37,1,SKU0037,2,16500,0.0,33000.0
5703,1616,2025-04-16,37,1,SKU0035,3,16100,0.0,48300.0
5704,1616,2025-04-16,37,1,SKU0026,1,5950,0.05,5652.5
5705,1616,2025-04-16,37,1,SKU0028,2,3150,0.0,6300.0
5706,1617,2024-10-16,21,5,SKU0017,4,13000,0.05,49400.0
5707,1617,2024-10-16,21,5,SKU0041,1,9000,0.0,9000.0
5708,1617,2024-10-16,21,5,SKU0036,4,19900,0.0,79600.0
5709,1617,2024-10-16,21,5,SKU0030,2,3500,0.0,7000.0
5710,1618,2025-05-19,48,4,SKU0006,1,2500,0.15,2125.0
5711,1618,2025-05-19,48,4,SKU0035,1,16100,0.05,15295.0
5712,1618,2025-05-19,48,4,SKU0017,2,14050,0.0,28100.0
5713,1618,2025-05-19,48,4,SKU0016,1,4000,0.05,3800.0
5714,1619,2024-08-16,24,4,SKU0016,5,3700,0.1,16650.0
5715,1619,2024-08-16,24,4,SKU0014,4,5700,0.0,22800.0
5716,1619,2024-08-16,24,4,SKU0013,2,4500,0.0,9000.0
5717,1619,2024-08-16,24,4,SKU0010,5,8600,0.15,36550.0
5718,1620,2025-07-12,26,3,SKU0003,2,2400,0.0,4800.0
5719,1620,2025-07-12,26,3,SKU0012,2,2250,0.15,3825.0
5720,1620,2025-07-12,26,3,SKU0036,2,21500,0.15,36550.0
5721,1621,2026-06-10,26,4,SKU0040,3,6250,0.0,18750.0
5722,1621,2026-06-10,26,4,SKU0038,4,9650,0.0,38600.0
5723,1621,2026-06-10,26,4,SKU0042,2,11600,0.05,22040.0
5724,1621,2026-06-10,26,4,SKU0012,2,2450,0.0,4900.0
5725,1622,2025-12-01,47,5,SKU0042,2,10800,0.0,21600.0
5726,1622,2025-12-01,47,5,SKU0010,2,9300,0.0,18600.0
5727,1622,2025-12-01,47,5,SKU0003,5,2400,0.0,12000.0
5728,1623,2024-06-07,17,1,SKU0028,5,2900,0.0,14500.0
5729,1624,2025-09-21,15,2,SKU0018,4,4300,0.1,15480.0
5730,1624,2025-09-21,15,2,SKU0019,1,2800,0.05,2660.0
5731,1624,2025-09-21,15,2,SKU0009,5,3650,0.05,17337.5
5732,1624,2025-09-21,15,2,SKU0014,2,6150,0.05,11685.0
5733,1624,2025-09-21,15,2,SKU0020,1,2500,0.15,2125.0
5734,1625,2025-08-25,44,4,SKU0021,3,4100,0.1,11070.0
5735,1625,2025-08-25,44,4,SKU0006,3,2500,0.0,7500.0
5736,1625,2025-08-25,44,4,SKU0022,4,2800,0.0,11200.0
5737,1626,2024-10-01,29,3,SKU0037,2,15300,0.05,29070.0
5738,1626,2024-10-01,29,3,SKU0039,2,13100,0.0,26200.0
5739,1626,2024-10-01,29,3,SKU0040,1,5400,0.0,5400.0
5740,1626,2024-10-01,29,3,SKU0005,4,7800,0.15,26520.0
5741,1627,2025-11-09,19,2,SKU0010,4,9300,0.1,33480.0
5742,1627,2025-11-09,19,2,SKU0012,2,2250,0.0,4500.0
5743,1628,2025-07-05,32,4,SKU0030,5,3800,0.1,17100.0
5744,1628,2025-07-05,32,4,SKU0014,1,6150,0.0,6150.0
5745,1628,2025-07-05,32,4,SKU0005,4,8400,0.0,33600.0
5746,1628,2025-07-05,32,4,SKU0027,4,9300,0.0,37200.0
5747,1629,2025-10-12,29,1,SKU0036,1,21500,0.0,21500.0
5748,1629,2025-10-12,29,1,SKU0024,4,2500,0.15,8500.0
5749,1630,2024-03-04,3,3,SKU0021,2,3800,0.1,6840.0
5750,1630,2024-03-04,3,3,SKU0011,3,4300,0.0,12900.0
5751,1630,2024-03-04,3,3,SKU0040,1,5400,0.1,4860.0
5752,1630,2024-03-04,3,3,SKU0033,4,3100,0.15,10540.0
5753,1630,2024-03-04,3,3,SKU0020,3,2300,0.1,6210.0
5754,1631,2025-03-19,4,2,SKU0018,4,4300,0.15,14620.0
5755,1631,2025-03-19,4,2,SKU0002,3,4650,0.05,13252.5
5756,1631,2025-03-19,4,2,SKU0042,2,10800,0.0,21600.0
5757,1631,2025-03-19,4,2,SKU0028,4,3150,0.0,12600.0
5758,1632,2025-12-17,9,3,SKU0001,4,4100,0.0,16400.0
5759,1632,2025-12-17,9,3,SKU0028,5,3150,0.1,14175.0
5760,1632,2025-12-17,9,3,SKU0011,3,4650,0.1,12555.0
5761,1632,2025-12-17,9,3,SKU0003,4,2400,0.15,8160.0
5762,1632,2025-12-17,9,3,SKU0016,3,4000,0.0,12000.0
5763,1633,2024-04-28,47,1,SKU0037,3,15300,0.05,43605.0
5764,1633,2024-04-28,47,1,SKU0029,4,6200,0.1,22320.0
5765,1633,2024-04-28,47,1,SKU0018,5,4000,0.0,20000.0
5766,1634,2026-01-29,7,5,SKU0038,4,9650,0.1,34740.0
5767,1634,2026-01-29,7,5,SKU0037,5,17750,0.15,75437.5
5768,1635,2024-01-07,35,3,SKU0005,1,7800,0.05,7410.0
5769,1635,2024-01-07,35,3,SKU0017,5,13000,0.0,65000.0
5770,1635,2024-01-07,35,3,SKU0039,3,13100,0.0,39300.0
5771,1635,2024-01-07,35,3,SKU0033,3,3100,0.05,8835.0
5772,1635,2024-01-07,35,3,SKU0028,2,2900,0.0,5800.0
5773,1636,2025-07-22,27,4,SKU0014,5,6150,0.0,30750.0
5774,1636,2025-07-22,27,4,SKU0009,4,3650,0.0,14600.0
5775,1636,2025-07-22,27,4,SKU0015,2,5400,0.0,10800.0
5776,1637,2026-06-07,11,5,SKU0035,5,17300,0.0,86500.0
5777,1637,2026-06-07,11,5,SKU0042,5,11600,0.0,58000.0
5778,1637,2026-06-07,11,5,SKU0005,2,9050,0.0,18100.0
5779,1637,2026-06-07,11,5,SKU0007,1,5800,0.0,5800.0
5780,1637,2026-06-07,11,5,SKU0022,1,3000,0.0,3000.0
5781,1638,2025-03-13,44,4,SKU0011,5,4650,0.1,20925.0
5782,1638,2025-03-13,44,4,SKU0009,3,3650,0.0,10950.0
5783,1638,2025-03-13,44,4,SKU0013,3,4850,0.0,14550.0
5784,1638,2025-03-13,44,4,SKU0038,2,8950,0.0,17900.0
5785,1639,2026-06-11,26,4,SKU0033,2,3600,0.0,7200.0
5786,1639,2026-06-11,26,4,SKU0032,2,3600,0.0,7200.0
5787,1639,2026-06-11,26,4,SKU0005,5,9050,0.1,40725.0
5788,1639,2026-06-11,26,4,SKU0042,5,11600,0.1,52200.0
5789,1639,2026-06-11,26,4,SKU0039,4,15200,0.0,60800.0
5790,1639,2026-06-11,26,4,SKU0034,3,3500,0.1,9450.0
5791,1640,2026-04-29,35,3,SKU0025,5,8000,0.0,40000.0
5792,1641,2025-05-18,25,1,SKU0013,4,4850,0.1,17460.0
5793,1641,2025-05-18,25,1,SKU0017,5,14050,0.05,66737.5
5794,1641,2025-05-18,25,1,SKU0037,5,16500,0.15,70125.0
5795,1641,2025-05-18,25,1,SKU0024,3,2500,0.0,7500.0
5796,1641,2025-05-18,25,1,SKU0026,1,5950,0.15,5057.5
5797,1641,2025-05-18,25,1,SKU0020,3,2500,0.05,7125.0
5798,1642,2024-08-13,28,4,SKU0018,2,4000,0.0,8000.0
5799,1642,2024-08-13,28,4,SKU0037,5,15300,0.15,65025.0
5800,1642,2024-08-13,28,4,SKU0025,4,6900,0.0,27600.0
5801,1642,2024-08-13,28,4,SKU0013,2,4500,0.0,9000.0
5802,1642,2024-08-13,28,4,SKU0035,1,14900,0.0,14900.0
5803,1643,2026-07-04,35,1,SKU0010,2,10000,0.0,20000.0
5804,1643,2026-07-04,35,1,SKU0027,1,10000,0.0,10000.0
5805,1643,2026-07-04,35,1,SKU0006,3,2650,0.0,7950.0
5806,1643,2026-07-04,35,1,SKU0025,3,8000,0.1,21600.0
5807,1643,2026-07-04,35,1,SKU0026,4,6400,0.1,23040.0
5808,1644,2024-12-19,33,4,SKU0022,4,2600,0.0,10400.0
5809,1644,2024-12-19,33,4,SKU0032,3,3100,0.15,7905.0
5810,1644,2024-12-19,33,4,SKU0034,3,3000,0.0,9000.0
5811,1645,2025-10-19,23,1,SKU0017,4,14050,0.0,56200.0
5812,1645,2025-10-19,23,1,SKU0031,1,3450,0.0,3450.0
5813,1646,2026-05-22,4,4,SKU0029,3,7200,0.1,19440.0
5814,1646,2026-05-22,4,4,SKU0022,1,3000,0.0,3000.0
5815,1646,2026-05-22,4,4,SKU0034,1,3500,0.0,3500.0
5816,1646,2026-05-22,4,4,SKU0027,4,10000,0.0,40000.0
5817,1646,2026-05-22,4,4,SKU0009,3,3950,0.0,11850.0
5818,1647,2024-04-15,7,2,SKU0017,3,13000,0.0,39000.0
5819,1647,2024-04-15,7,2,SKU0020,5,2300,0.05,10925.0
5820,1648,2025-08-13,40,4,SKU0001,2,4100,0.05,7790.0
5821,1648,2025-08-13,40,4,SKU0010,4,9300,0.05,35340.0
5822,1648,2025-08-13,40,4,SKU0013,4,4850,0.0,19400.0
5823,1649,2025-07-09,33,2,SKU0031,4,3450,0.0,13800.0
5824,1649,2025-07-09,33,2,SKU0003,2,2400,0.0,4800.0
5825,1649,2025-07-09,33,2,SKU0005,2,8400,0.0,16800.0
5826,1650,2025-12-21,40,3,SKU0010,4,9300,0.0,37200.0
5827,1650,2025-12-21,40,3,SKU0014,2,6150,0.0,12300.0
5828,1650,2025-12-21,40,3,SKU0033,3,3350,0.1,9045.0
5829,1651,2026-06-13,4,5,SKU0035,1,17300,0.0,17300.0
5830,1651,2026-06-13,4,5,SKU0015,3,5800,0.1,15660.0
5831,1651,2026-06-13,4,5,SKU0002,5,5000,0.0,25000.0
5832,1651,2026-06-13,4,5,SKU0039,5,15200,0.15,64600.0
5833,1651,2026-06-13,4,5,SKU0018,4,4650,0.1,16740.0
5834,1652,2026-05-26,5,5,SKU0039,3,15200,0.0,45600.0
5835,1652,2026-05-26,5,5,SKU0032,2,3600,0.05,6840.0
5836,1652,2026-05-26,5,5,SKU0037,3,17750,0.0,53250.0
5837,1652,2026-05-26,5,5,SKU0009,2,3950,0.0,7900.0
5838,1653,2024-07-17,25,5,SKU0034,3,3000,0.0,9000.0
5839,1653,2024-07-17,25,5,SKU0001,4,3800,0.0,15200.0
5840,1653,2024-07-17,25,5,SKU0020,3,2300,0.15,5865.0
5841,1654,2026-05-02,50,4,SKU0032,4,3600,0.1,12960.0
5842,1654,2026-05-02,50,4,SKU0020,2,2650,0.05,5035.0
5843,1654,2026-05-02,50,4,SKU0033,3,3600,0.1,9720.0
5844,1654,2026-05-02,50,4,SKU0001,1,4400,0.0,4400.0
5845,1654,2026-05-02,50,4,SKU0037,5,17750,0.15,75437.5
5846,1654,2026-05-02,50,4,SKU0021,5,4400,0.0,22000.0
5847,1655,2024-07-18,9,4,SKU0011,5,4300,0.0,21500.0
5848,1656,2026-05-31,18,2,SKU0003,3,2550,0.05,7267.5
5849,1656,2026-05-31,18,2,SKU0015,3,5800,0.05,16530.0
5850,1656,2026-05-31,18,2,SKU0006,1,2650,0.0,2650.0
5851,1656,2026-05-31,18,2,SKU0023,2,14950,0.15,25415.0
5852,1656,2026-05-31,18,2,SKU0034,3,3500,0.0,10500.0
5853,1656,2026-05-31,18,2,SKU0009,1,3950,0.0,3950.0
5854,1657,2026-07-29,7,5,SKU0029,4,7200,0.0,28800.0
5855,1657,2026-07-29,7,5,SKU0030,5,4050,0.0,20250.0
5856,1657,2026-07-29,7,5,SKU0031,1,3700,0.1,3330.0
5857,1657,2026-07-29,7,5,SKU0019,3,3000,0.0,9000.0
5858,1657,2026-07-29,7,5,SKU0035,5,17300,0.0,86500.0
5859,1657,2026-07-29,7,5,SKU0028,3,3350,0.1,9045.0
5860,1658,2025-03-04,34,2,SKU0001,5,4100,0.15,17425.0
5861,1658,2025-03-04,34,2,SKU0033,2,3350,0.15,5695.0
5862,1659,2025-06-03,39,3,SKU0034,4,3250,0.0,13000.0
5863,1659,2025-06-03,39,3,SKU0026,2,5950,0.1,10710.0
5864,1659,2025-06-03,39,3,SKU0033,2,3350,0.0,6700.0
5865,1659,2025-06-03,39,3,SKU0018,4,4300,0.0,17200.0
5866,1659,2025-06-03,39,3,SKU0007,3,5400,0.1,14580.0
5867,1659,2025-06-03,39,3,SKU0037,5,16500,0.0,82500.0
5868,1660,2026-06-13,46,5,SKU0011,4,5000,0.0,20000.0
5869,1660,2026-06-13,46,5,SKU0030,5,4050,0.0,20250.0
5870,1660,2026-06-13,46,5,SKU0027,1,10000,0.15,8500.0
5871,1661,2026-07-02,29,2,SKU0001,1,4400,0.0,4400.0
5872,1661,2026-07-02,29,2,SKU0025,1,8000,0.15,6800.0
5873,1661,2026-07-02,29,2,SKU0026,5,6400,0.15,27200.0
5874,1661,2026-07-02,29,2,SKU0012,1,2450,0.0,2450.0
5875,1661,2026-07-02,29,2,SKU0038,5,9650,0.05,45837.5
5876,1661,2026-07-02,29,2,SKU0014,2,6600,0.0,13200.0
5877,1662,2026-06-05,50,2,SKU0024,4,2650,0.05,10070.0
5878,1662,2026-06-05,50,2,SKU0022,5,3000,0.05,14250.0
5879,1662,2026-06-05,50,2,SKU0037,1,17750,0.0,17750.0
5880,1662,2026-06-05,50,2,SKU0020,2,2650,0.0,5300.0
5881,1663,2026-04-27,9,4,SKU0010,5,10000,0.0,50000.0
5882,1663,2026-04-27,9,4,SKU0015,2,5800,0.0,11600.0
5883,1663,2026-04-27,9,4,SKU0031,2,3700,0.0,7400.0
5884,1663,2026-04-27,9,4,SKU0008,5,4500,0.0,22500.0
5885,1663,2026-04-27,9,4,SKU0029,1,7200,0.1,6480.0
5886,1663,2026-04-27,9,4,SKU0033,4,3600,0.0,14400.0
5887,1664,2024-01-12,18,5,SKU0041,4,9000,0.05,34200.0
5888,1664,2024-01-12,18,5,SKU0029,3,6200,0.1,16740.0
5889,1664,2024-01-12,18,5,SKU0004,3,9000,0.0,27000.0
5890,1664,2024-01-12,18,5,SKU0036,4,19900,0.0,79600.0
5891,1664,2024-01-12,18,5,SKU0018,4,4000,0.0,16000.0
5892,1664,2024-01-12,18,5,SKU0030,3,3500,0.0,10500.0
5893,1665,2025-08-07,38,5,SKU0035,5,16100,0.05,76475.0
5894,1666,2024-05-05,44,1,SKU0014,3,5700,0.05,16245.0
5895,1666,2024-05-05,44,1,SKU0030,1,3500,0.0,3500.0
5896,1666,2024-05-05,44,1,SKU0033,4,3100,0.05,11780.0
5897,1666,2024-05-05,44,1,SKU0005,1,7800,0.05,7410.0
5898,1667,2026-07-18,38,3,SKU0033,4,3600,0.0,14400.0
5899,1667,2026-07-18,38,3,SKU0039,4,15200,0.15,51680.0
5900,1667,2026-07-18,38,3,SKU0041,5,10450,0.0,52250.0
5901,1668,2024-11-15,33,3,SKU0033,1,3100,0.15,2635.0
5902,1668,2024-11-15,33,3,SKU0029,2,6200,0.0,12400.0
5903,1668,2024-11-15,33,3,SKU0027,4,8600,0.0,34400.0
5904,1668,2024-11-15,33,3,SKU0014,1,5700,0.0,5700.0
5905,1668,2024-11-15,33,3,SKU0034,2,3000,0.05,5700.0
5906,1669,2026-07-23,26,1,SKU0008,5,4500,0.0,22500.0
5907,1669,2026-07-23,26,1,SKU0041,3,10450,0.1,28215.0
5908,1670,2025-07-16,6,5,SKU0007,5,5400,0.1,24300.0
5909,1670,2025-07-16,6,5,SKU0010,4,9300,0.15,31620.0
5910,1670,2025-07-16,6,5,SKU0037,1,16500,0.05,15675.0
5911,1670,2025-07-16,6,5,SKU0042,2,10800,0.15,18360.0
5912,1670,2025-07-16,6,5,SKU0035,1,16100,0.1,14490.0
5913,1671,2025-06-02,32,1,SKU0025,1,7450,0.0,7450.0
5914,1671,2025-06-02,32,1,SKU0039,5,14150,0.0,70750.0
5915,1671,2025-06-02,32,1,SKU0003,2,2400,0.0,4800.0
5916,1671,2025-06-02,32,1,SKU0008,2,4200,0.05,7980.0
5917,1672,2026-06-14,36,2,SKU0036,5,23100,0.1,103950.0
5918,1672,2026-06-14,36,2,SKU0039,4,15200,0.1,54720.0
5919,1672,2026-06-14,36,2,SKU0015,3,5800,0.05,16530.0
5920,1672,2026-06-14,36,2,SKU0018,4,4650,0.0,18600.0
5921,1673,2026-04-07,16,3,SKU0027,4,10000,0.0,40000.0
5922,1674,2025-05-09,30,5,SKU0027,3,9300,0.1,25110.0
5923,1674,2025-05-09,30,5,SKU0034,4,3250,0.0,13000.0
5924,1674,2025-05-09,30,5,SKU0015,4,5400,0.0,21600.0
5925,1674,2025-05-09,30,5,SKU0013,2,4850,0.1,8730.0
5926,1674,2025-05-09,30,5,SKU0022,1,2800,0.15,2380.0
5927,1675,2024-08-06,11,2,SKU0021,3,3800,0.0,11400.0
5928,1676,2024-05-11,41,1,SKU0021,5,3800,0.0,19000.0
5929,1676,2024-05-11,41,1,SKU0029,5,6200,0.05,29450.0
5930,1676,2024-05-11,41,1,SKU0003,2,2200,0.05,4180.0
5931,1676,2024-05-11,41,1,SKU0023,3,12900,0.1,34830.0
5932,1676,2024-05-11,41,1,SKU0009,3,3400,0.0,10200.0
5933,1676,2024-05-11,41,1,SKU0006,1,2300,0.0,2300.0
5934,1677,2024-07-04,24,5,SKU0014,1,5700,0.1,5130.0
5935,1677,2024-07-04,24,5,SKU0007,1,5000,0.15,4250.0
5936,1677,2024-07-04,24,5,SKU0005,2,7800,0.0,15600.0
5937,1677,2024-07-04,24,5,SKU0020,3,2300,0.15,5865.0
5938,1677,2024-07-04,24,5,SKU0031,1,3200,0.0,3200.0
5939,1678,2025-05-01,26,5,SKU0008,5,4200,0.05,19950.0
5940,1678,2025-05-01,26,5,SKU0021,1,4100,0.1,3690.0
5941,1678,2025-05-01,26,5,SKU0041,1,9700,0.05,9215.0
5942,1678,2025-05-01,26,5,SKU0026,4,5950,0.15,20230.0
5943,1679,2024-10-17,29,5,SKU0035,3,14900,0.15,37995.0
5944,1679,2024-10-17,29,5,SKU0004,3,9000,0.0,27000.0
5945,1679,2024-10-17,29,5,SKU0010,4,8600,0.05,32680.0
5946,1679,2024-10-17,29,5,SKU0015,3,5000,0.0,15000.0
5947,1680,2024-07-29,27,4,SKU0019,1,2600,0.0,2600.0
5948,1680,2024-07-29,27,4,SKU0002,4,4300,0.0,17200.0
5949,1680,2024-07-29,27,4,SKU0015,2,5000,0.05,9500.0
5950,1680,2024-07-29,27,4,SKU0028,3,2900,0.0,8700.0
5951,1680,2024-07-29,27,4,SKU0020,2,2300,0.15,3910.0
5952,1681,2025-12-31,32,5,SKU0014,4,6150,0.1,22140.0
5953,1681,2025-12-31,32,5,SKU0008,2,4200,0.05,7980.0
5954,1681,2025-12-31,32,5,SKU0023,2,13950,0.1,25110.0
5955,1681,2025-12-31,32,5,SKU0038,4,8950,0.0,35800.0
5956,1681,2025-12-31,32,5,SKU0032,1,3350,0.05,3182.5
5957,1681,2025-12-31,32,5,SKU0024,4,2500,0.05,9500.0
5958,1682,2026-02-16,50,2,SKU0003,3,2550,0.1,6885.0
5959,1682,2026-02-16,50,2,SKU0009,3,3950,0.1,10665.0
5960,1682,2026-02-16,50,2,SKU0037,2,17750,0.15,30175.0
5961,1682,2026-02-16,50,2,SKU0006,2,2650,0.0,5300.0
5962,1682,2026-02-16,50,2,SKU0022,2,3000,0.0,6000.0
5963,1682,2026-02-16,50,2,SKU0036,1,23100,0.0,23100.0
5964,1683,2025-08-07,48,3,SKU0036,3,21500,0.1,58050.0
5965,1684,2026-01-17,48,3,SKU0016,4,4300,0.0,17200.0
5966,1684,2026-01-17,48,3,SKU0038,3,9650,0.0,28950.0
5967,1684,2026-01-17,48,3,SKU0028,4,3350,0.15,11390.0
5968,1684,2026-01-17,48,3,SKU0025,4,8000,0.1,28800.0
5969,1684,2026-01-17,48,3,SKU0002,3,5000,0.0,15000.0
5970,1685,2024-07-18,12,1,SKU0041,5,9000,0.0,45000.0
5971,1685,2024-07-18,12,1,SKU0037,1,15300,0.1,13770.0
5972,1685,2024-07-18,12,1,SKU0023,4,12900,0.0,51600.0
5973,1686,2026-04-11,48,5,SKU0028,1,3350,0.0,3350.0
5974,1687,2026-05-13,1,3,SKU0011,2,5000,0.0,10000.0
5975,1688,2026-03-18,33,1,SKU0037,3,17750,0.0,53250.0
5976,1688,2026-03-18,33,1,SKU0036,2,23100,0.15,39270.0
5977,1688,2026-03-18,33,1,SKU0005,3,9050,0.15,23077.5
5978,1688,2026-03-18,33,1,SKU0042,3,11600,0.1,31320.0
5979,1689,2025-06-21,31,4,SKU0004,4,9700,0.0,38800.0
5980,1689,2025-06-21,31,4,SKU0038,1,8950,0.1,8055.0
5981,1689,2025-06-21,31,4,SKU0017,2,14050,0.05,26695.0
5982,1689,2025-06-21,31,4,SKU0036,2,21500,0.05,40850.0
5983,1689,2025-06-21,31,4,SKU0014,4,6150,0.0,24600.0
5984,1689,2025-06-21,31,4,SKU0032,2,3350,0.0,6700.0
5985,1690,2024-04-12,50,1,SKU0028,3,2900,0.1,7830.0
5986,1690,2024-04-12,50,1,SKU0041,1,9000,0.05,8550.0
5987,1691,2025-11-09,47,5,SKU0012,4,2250,0.0,9000.0
5988,1691,2025-11-09,47,5,SKU0008,4,4200,0.0,16800.0
5989,1691,2025-11-09,47,5,SKU0036,1,21500,0.05,20425.0
5990,1691,2025-11-09,47,5,SKU0013,4,4850,0.0,19400.0
5991,1692,2024-07-28,27,4,SKU0001,2,3800,0.0,7600.0
5992,1693,2024-06-10,48,4,SKU0018,1,4000,0.0,4000.0
5993,1693,2024-06-10,48,4,SKU0012,2,2100,0.0,4200.0
5994,1694,2024-12-21,44,2,SKU0040,1,5400,0.0,5400.0
5995,1694,2024-12-21,44,2,SKU0038,2,8300,0.1,14940.0
5996,1694,2024-12-21,44,2,SKU0035,4,14900,0.0,59600.0
5997,1695,2024-10-07,36,2,SKU0032,1,3100,0.0,3100.0
5998,1695,2024-10-07,36,2,SKU0023,4,12900,0.05,49020.0
5999,1695,2024-10-07,36,2,SKU0040,1,5400,0.0,5400.0
6000,1695,2024-10-07,36,2,SKU0002,2,4300,0.1,7740.0
6001,1696,2024-10-21,20,3,SKU0008,5,3900,0.0,19500.0
6002,1696,2024-10-21,20,3,SKU0018,2,4000,0.0,8000.0
6003,1696,2024-10-21,20,3,SKU0019,3,2600,0.0,7800.0
6004,1696,2024-10-21,20,3,SKU0002,4,4300,0.0,17200.0
6005,1697,2024-09-23,26,3,SKU0020,1,2300,0.05,2185.0
6006,1697,2024-09-23,26,3,SKU0009,4,3400,0.0,13600.0
6007,1697,2024-09-23,26,3,SKU0025,4,6900,0.15,23460.0
6008,1697,2024-09-23,26,3,SKU0004,2,9000,0.0,18000.0
6009,1698,2026-01-14,14,1,SKU0038,3,9650,0.0,28950.0
6010,1698,2026-01-14,14,1,SKU0023,5,14950,0.15,63537.5
6011,1698,2026-01-14,14,1,SKU0042,2,11600,0.1,20880.0
6012,1698,2026-01-14,14,1,SKU0025,2,8000,0.0,16000.0
6013,1698,2026-01-14,14,1,SKU0040,4,6250,0.0,25000.0
6014,1699,2026-06-26,17,1,SKU0039,2,15200,0.15,25840.0
6015,1699,2026-06-26,17,1,SKU0003,5,2550,0.0,12750.0
6016,1699,2026-06-26,17,1,SKU0002,1,5000,0.0,5000.0
6017,1700,2024-12-02,48,3,SKU0005,3,7800,0.1,21060.0
6018,1700,2024-12-02,48,3,SKU0014,3,5700,0.05,16245.0
6019,1700,2024-12-02,48,3,SKU0018,4,4000,0.0,16000.0
6020,1701,2025-12-21,10,2,SKU0035,4,16100,0.15,54740.0
6021,1701,2025-12-21,10,2,SKU0015,2,5400,0.0,10800.0
6022,1701,2025-12-21,10,2,SKU0037,1,16500,0.0,16500.0
6023,1701,2025-12-21,10,2,SKU0001,3,4100,0.0,12300.0
6024,1701,2025-12-21,10,2,SKU0020,4,2500,0.1,9000.0
6025,1702,2024-01-14,48,1,SKU0031,2,3200,0.0,6400.0
6026,1702,2024-01-14,48,1,SKU0019,3,2600,0.0,7800.0
6027,1702,2024-01-14,48,1,SKU0038,1,8300,0.0,8300.0
6028,1703,2025-10-26,45,5,SKU0034,2,3250,0.0,6500.0
6029,1703,2025-10-26,45,5,SKU0030,2,3800,0.15,6460.0
6030,1703,2025-10-26,45,5,SKU0038,1,8950,0.0,8950.0
6031,1703,2025-10-26,45,5,SKU0021,1,4100,0.05,3895.0
6032,1704,2025-11-29,21,3,SKU0029,4,6700,0.0,26800.0
6033,1704,2025-11-29,21,3,SKU0032,1,3350,0.05,3182.5
6034,1705,2024-03-15,13,1,SKU0034,5,3000,0.0,15000.0
6035,1705,2024-03-15,13,1,SKU0024,2,2300,0.0,4600.0
6036,1705,2024-03-15,13,1,SKU0033,3,3100,0.0,9300.0
6037,1705,2024-03-15,13,1,SKU0004,5,9000,0.0,45000.0
6038,1705,2024-03-15,13,1,SKU0039,3,13100,0.0,39300.0
6039,1705,2024-03-15,13,1,SKU0007,1,5000,0.0,5000.0
6040,1706,2024-05-17,15,4,SKU0035,1,14900,0.15,12665.0
6041,1706,2024-05-17,15,4,SKU0027,1,8600,0.0,8600.0
6042,1706,2024-05-17,15,4,SKU0011,5,4300,0.0,21500.0
6043,1706,2024-05-17,15,4,SKU0041,5,9000,0.0,45000.0
6044,1707,2024-12-06,7,1,SKU0026,3,5500,0.0,16500.0
6045,1707,2024-12-06,7,1,SKU0041,3,9000,0.15,22950.0
6046,1707,2024-12-06,7,1,SKU0034,4,3000,0.15,10200.0
6047,1707,2024-12-06,7,1,SKU0021,1,3800,0.0,3800.0
6048,1707,2024-12-06,7,1,SKU0028,5,2900,0.1,13050.0
6049,1708,2025-03-12,1,2,SKU0038,3,8950,0.0,26850.0
6050,1708,2025-03-12,1,2,SKU0013,2,4850,0.1,8730.0
6051,1708,2025-03-12,1,2,SKU0016,2,4000,0.0,8000.0
6052,1708,2025-03-12,1,2,SKU0005,4,8400,0.0,33600.0
6053,1709,2025-06-09,4,2,SKU0004,5,9700,0.0,48500.0
6054,1709,2025-06-09,4,2,SKU0012,3,2250,0.1,6075.0
6055,1710,2026-05-12,45,3,SKU0002,1,5000,0.0,5000.0
6056,1710,2026-05-12,45,3,SKU0021,2,4400,0.0,8800.0
6057,1710,2026-05-12,45,3,SKU0009,4,3950,0.0,15800.0
6058,1710,2026-05-12,45,3,SKU0011,4,5000,0.0,20000.0
6059,1710,2026-05-12,45,3,SKU0019,1,3000,0.0,3000.0
6060,1710,2026-05-12,45,3,SKU0007,1,5800,0.0,5800.0
6061,1711,2025-12-07,21,5,SKU0010,2,9300,0.0,18600.0
6062,1711,2025-12-07,21,5,SKU0002,5,4650,0.0,23250.0
6063,1711,2025-12-07,21,5,SKU0007,2,5400,0.0,10800.0
6064,1711,2025-12-07,21,5,SKU0026,2,5950,0.0,11900.0
6065,1711,2025-12-07,21,5,SKU0028,1,3150,0.0,3150.0
6066,1712,2024-12-10,21,2,SKU0009,2,3400,0.1,6120.0
6067,1712,2024-12-10,21,2,SKU0012,1,2100,0.0,2100.0
6068,1712,2024-12-10,21,2,SKU0004,5,9000,0.15,38250.0
6069,1712,2024-12-10,21,2,SKU0024,1,2300,0.15,1955.0
6070,1712,2024-12-10,21,2,SKU0025,1,6900,0.0,6900.0
6071,1713,2024-05-16,49,2,SKU0035,2,14900,0.05,28310.0
6072,1713,2024-05-16,49,2,SKU0020,1,2300,0.0,2300.0
6073,1713,2024-05-16,49,2,SKU0014,2,5700,0.1,10260.0
6074,1714,2026-05-28,12,3,SKU0034,1,3500,0.15,2975.0
6075,1714,2026-05-28,12,3,SKU0025,2,8000,0.0,16000.0
6076,1715,2024-11-25,16,5,SKU0022,3,2600,0.0,7800.0
6077,1715,2024-11-25,16,5,SKU0027,2,8600,0.0,17200.0
6078,1715,2024-11-25,16,5,SKU0019,2,2600,0.05,4940.0
6079,1716,2025-09-20,26,3,SKU0040,1,5850,0.0,5850.0
6080,1716,2025-09-20,26,3,SKU0029,3,6700,0.05,19095.0
6081,1716,2025-09-20,26,3,SKU0028,5,3150,0.0,15750.0
6082,1717,2024-09-04,28,2,SKU0012,3,2100,0.0,6300.0
6083,1717,2024-09-04,28,2,SKU0004,4,9000,0.15,30600.0
6084,1717,2024-09-04,28,2,SKU0038,4,8300,0.1,29880.0
6085,1718,2024-06-03,43,4,SKU0016,5,3700,0.0,18500.0
6086,1718,2024-06-03,43,4,SKU0018,2,4000,0.0,8000.0
6087,1718,2024-06-03,43,4,SKU0037,4,15300,0.15,52020.0
6088,1718,2024-06-03,43,4,SKU0036,1,19900,0.0,19900.0
6089,1718,2024-06-03,43,4,SKU0024,2,2300,0.0,4600.0
6090,1718,2024-06-03,43,4,SKU0012,4,2100,0.0,8400.0
6091,1719,2024-06-24,22,5,SKU0018,4,4000,0.15,13600.0
6092,1720,2026-01-09,25,2,SKU0016,1,4300,0.05,4085.0
6093,1720,2026-01-09,25,2,SKU0041,4,10450,0.0,41800.0
6094,1720,2026-01-09,25,2,SKU0033,3,3600,0.0,10800.0
6095,1721,2025-09-12,18,4,SKU0015,5,5400,0.1,24300.0
6096,1721,2025-09-12,18,4,SKU0016,3,4000,0.0,12000.0
6097,1721,2025-09-12,18,4,SKU0026,3,5950,0.0,17850.0
6098,1722,2025-03-21,50,3,SKU0028,2,3150,0.05,5985.0
6099,1722,2025-03-21,50,3,SKU0021,5,4100,0.1,18450.0
6100,1722,2025-03-21,50,3,SKU0015,4,5400,0.0,21600.0
6101,1722,2025-03-21,50,3,SKU0022,5,2800,0.05,13300.0
6102,1723,2025-07-21,22,2,SKU0019,4,2800,0.0,11200.0
6103,1723,2025-07-21,22,2,SKU0013,5,4850,0.0,24250.0
6104,1724,2025-05-12,20,1,SKU0031,4,3450,0.15,11730.0
6105,1724,2025-05-12,20,1,SKU0006,4,2500,0.0,10000.0
6106,1724,2025-05-12,20,1,SKU0011,5,4650,0.0,23250.0
6107,1725,2025-07-11,21,3,SKU0019,5,2800,0.0,14000.0
6108,1725,2025-07-11,21,3,SKU0027,5,9300,0.1,41850.0
6109,1726,2025-11-04,28,2,SKU0037,2,16500,0.0,33000.0
6110,1726,2025-11-04,28,2,SKU0002,5,4650,0.0,23250.0
6111,1726,2025-11-04,28,2,SKU0027,5,9300,0.1,41850.0
6112,1726,2025-11-04,28,2,SKU0007,2,5400,0.05,10260.0
6113,1726,2025-11-04,28,2,SKU0026,5,5950,0.15,25287.5
6114,1726,2025-11-04,28,2,SKU0035,5,16100,0.15,68425.0
6115,1727,2024-09-04,43,1,SKU0007,1,5000,0.0,5000.0
6116,1727,2024-09-04,43,1,SKU0023,4,12900,0.15,43860.0
6117,1727,2024-09-04,43,1,SKU0015,5,5000,0.1,22500.0
6118,1727,2024-09-04,43,1,SKU0033,2,3100,0.1,5580.0
6119,1728,2024-10-06,30,1,SKU0016,1,3700,0.0,3700.0
6120,1729,2026-01-15,14,4,SKU0025,4,8000,0.1,28800.0
6121,1729,2026-01-15,14,4,SKU0004,2,10450,0.15,17765.0
6122,1730,2026-04-25,50,1,SKU0018,5,4650,0.05,22087.5
6123,1731,2024-04-07,28,4,SKU0002,5,4300,0.0,21500.0
6124,1731,2024-04-07,28,4,SKU0036,1,19900,0.0,19900.0
6125,1731,2024-04-07,28,4,SKU0009,1,3400,0.0,3400.0
6126,1731,2024-04-07,28,4,SKU0025,4,6900,0.15,23460.0
6127,1731,2024-04-07,28,4,SKU0018,2,4000,0.05,7600.0
6128,1732,2025-04-20,50,3,SKU0026,3,5950,0.15,15172.5
6129,1732,2025-04-20,50,3,SKU0012,2,2250,0.1,4050.0
6130,1732,2025-04-20,50,3,SKU0021,5,4100,0.15,17425.0
6131,1732,2025-04-20,50,3,SKU0042,2,10800,0.0,21600.0
6132,1733,2025-12-07,45,3,SKU0026,5,5950,0.0,29750.0
6133,1733,2025-12-07,45,3,SKU0014,4,6150,0.0,24600.0
6134,1733,2025-12-07,45,3,SKU0013,5,4850,0.15,20612.5
6135,1734,2024-04-02,38,3,SKU0014,4,5700,0.15,19380.0
6136,1735,2025-08-04,37,3,SKU0006,4,2500,0.1,9000.0
6137,1735,2025-08-04,37,3,SKU0008,3,4200,0.05,11970.0
6138,1735,2025-08-04,37,3,SKU0012,4,2250,0.0,9000.0
6139,1735,2025-08-04,37,3,SKU0042,5,10800,0.0,54000.0
6140,1735,2025-08-04,37,3,SKU0027,4,9300,0.1,33480.0
6141,1736,2024-03-15,2,4,SKU0036,1,19900,0.0,19900.0
6142,1736,2024-03-15,2,4,SKU0015,4,5000,0.0,20000.0
6143,1736,2024-03-15,2,4,SKU0014,2,5700,0.0,11400.0
6144,1736,2024-03-15,2,4,SKU0022,5,2600,0.0,13000.0
6145,1736,2024-03-15,2,4,SKU0041,1,9000,0.0,9000.0
6146,1736,2024-03-15,2,4,SKU0008,2,3900,0.05,7410.0
6147,1737,2025-07-20,39,3,SKU0038,3,8950,0.0,26850.0
6148,1737,2025-07-20,39,3,SKU0003,2,2400,0.0,4800.0
6149,1737,2025-07-20,39,3,SKU0006,4,2500,0.15,8500.0
6150,1737,2025-07-20,39,3,SKU0013,4,4850,0.1,17460.0
6151,1737,2025-07-20,39,3,SKU0015,2,5400,0.1,9720.0
6152,1737,2025-07-20,39,3,SKU0042,3,10800,0.05,30780.0
6153,1738,2025-06-12,7,3,SKU0037,5,16500,0.15,70125.0
6154,1739,2025-08-12,45,3,SKU0004,1,9700,0.15,8245.0
6155,1740,2024-06-20,28,4,SKU0014,1,5700,0.0,5700.0
6156,1740,2024-06-20,28,4,SKU0003,4,2200,0.0,8800.0
6157,1740,2024-06-20,28,4,SKU0005,3,7800,0.05,22230.0
6158,1740,2024-06-20,28,4,SKU0017,5,13000,0.1,58500.0
6159,1740,2024-06-20,28,4,SKU0035,1,14900,0.15,12665.0
6160,1741,2024-12-25,2,1,SKU0042,2,10000,0.05,19000.0
6161,1741,2024-12-25,2,1,SKU0011,5,4300,0.15,18275.0
6162,1741,2024-12-25,2,1,SKU0003,4,2200,0.15,7480.0
6163,1742,2025-06-25,27,1,SKU0035,5,16100,0.0,80500.0
6164,1742,2025-06-25,27,1,SKU0003,2,2400,0.0,4800.0
6165,1742,2025-06-25,27,1,SKU0005,2,8400,0.0,16800.0
6166,1742,2025-06-25,27,1,SKU0040,2,5850,0.0,11700.0
6167,1743,2024-05-15,33,3,SKU0036,1,19900,0.0,19900.0
6168,1743,2024-05-15,33,3,SKU0017,3,13000,0.0,39000.0
6169,1743,2024-05-15,33,3,SKU0010,1,8600,0.0,8600.0
6170,1744,2024-08-20,4,4,SKU0007,4,5000,0.0,20000.0
6171,1744,2024-08-20,4,4,SKU0032,1,3100,0.0,3100.0
6172,1744,2024-08-20,4,4,SKU0038,4,8300,0.0,33200.0
6173,1744,2024-08-20,4,4,SKU0014,1,5700,0.15,4845.0
6174,1744,2024-08-20,4,4,SKU0035,4,14900,0.0,59600.0
6175,1745,2025-08-22,14,2,SKU0007,4,5400,0.1,19440.0
6176,1745,2025-08-22,14,2,SKU0038,1,8950,0.0,8950.0
6177,1745,2025-08-22,14,2,SKU0020,5,2500,0.05,11875.0
6178,1745,2025-08-22,14,2,SKU0002,1,4650,0.0,4650.0
6179,1745,2025-08-22,14,2,SKU0009,1,3650,0.0,3650.0
6180,1745,2025-08-22,14,2,SKU0040,2,5850,0.15,9945.0
6181,1746,2024-04-17,35,4,SKU0020,4,2300,0.0,9200.0
6182,1746,2024-04-17,35,4,SKU0021,5,3800,0.0,19000.0
6183,1746,2024-04-17,35,4,SKU0009,4,3400,0.0,13600.0
6184,1746,2024-04-17,35,4,SKU0032,3,3100,0.15,7905.0
6185,1746,2024-04-17,35,4,SKU0005,4,7800,0.0,31200.0
6186,1746,2024-04-17,35,4,SKU0014,5,5700,0.0,28500.0
6187,1747,2025-06-16,16,5,SKU0003,4,2400,0.0,9600.0
6188,1748,2026-03-03,40,1,SKU0025,2,8000,0.0,16000.0
6189,1748,2026-03-03,40,1,SKU0008,3,4500,0.0,13500.0
6190,1748,2026-03-03,40,1,SKU0037,1,17750,0.0,17750.0
6191,1748,2026-03-03,40,1,SKU0019,2,3000,0.0,6000.0
6192,1748,2026-03-03,40,1,SKU0011,3,5000,0.0,15000.0
6193,1748,2026-03-03,40,1,SKU0016,3,4300,0.0,12900.0
6194,1749,2025-04-26,27,5,SKU0028,3,3150,0.15,8032.5
6195,1749,2025-04-26,27,5,SKU0012,3,2250,0.0,6750.0
6196,1749,2025-04-26,27,5,SKU0025,2,7450,0.0,14900.0
6197,1749,2025-04-26,27,5,SKU0005,2,8400,0.15,14280.0
6198,1749,2025-04-26,27,5,SKU0027,4,9300,0.1,33480.0
6199,1749,2025-04-26,27,5,SKU0036,3,21500,0.0,64500.0
6200,1750,2025-06-19,1,2,SKU0024,5,2500,0.1,11250.0
6201,1750,2025-06-19,1,2,SKU0019,5,2800,0.0,14000.0
6202,1750,2025-06-19,1,2,SKU0032,5,3350,0.05,15912.5
6203,1750,2025-06-19,1,2,SKU0005,3,8400,0.0,25200.0
6204,1750,2025-06-19,1,2,SKU0030,4,3800,0.05,14440.0
6205,1750,2025-06-19,1,2,SKU0035,3,16100,0.05,45885.0
6206,1751,2025-04-29,37,5,SKU0004,3,9700,0.0,29100.0
6207,1751,2025-04-29,37,5,SKU0002,5,4650,0.1,20925.0
6208,1752,2024-03-10,45,3,SKU0029,3,6200,0.0,18600.0
6209,1752,2024-03-10,45,3,SKU0023,5,12900,0.0,64500.0
6210,1752,2024-03-10,45,3,SKU0026,2,5500,0.15,9350.0
6211,1752,2024-03-10,45,3,SKU0014,2,5700,0.0,11400.0
6212,1753,2025-05-04,41,1,SKU0010,3,9300,0.0,27900.0
6213,1753,2025-05-04,41,1,SKU0025,3,7450,0.0,22350.0
6214,1753,2025-05-04,41,1,SKU0026,3,5950,0.0,17850.0
6215,1753,2025-05-04,41,1,SKU0009,1,3650,0.0,3650.0
6216,1754,2026-03-02,2,1,SKU0019,3,3000,0.0,9000.0
6217,1755,2025-12-21,15,1,SKU0033,3,3350,0.0,10050.0
6218,1755,2025-12-21,15,1,SKU0042,5,10800,0.0,54000.0
6219,1755,2025-12-21,15,1,SKU0027,1,9300,0.0,9300.0
6220,1755,2025-12-21,15,1,SKU0012,1,2250,0.1,2025.0
6221,1756,2025-03-03,27,4,SKU0039,2,14150,0.05,26885.0
6222,1756,2025-03-03,27,4,SKU0004,2,9700,0.0,19400.0
6223,1756,2025-03-03,27,4,SKU0018,4,4300,0.0,17200.0
6224,1756,2025-03-03,27,4,SKU0007,2,5400,0.0,10800.0
6225,1756,2025-03-03,27,4,SKU0032,5,3350,0.1,15075.0
6226,1757,2026-03-10,8,1,SKU0011,2,5000,0.05,9500.0
6227,1757,2026-03-10,8,1,SKU0009,2,3950,0.0,7900.0
6228,1757,2026-03-10,8,1,SKU0015,2,5800,0.05,11020.0
6229,1758,2026-01-08,10,3,SKU0035,3,17300,0.0,51900.0
6230,1759,2025-08-17,21,2,SKU0013,1,4850,0.0,4850.0
6231,1759,2025-08-17,21,2,SKU0023,3,13950,0.0,41850.0
6232,1759,2025-08-17,21,2,SKU0039,1,14150,0.1,12735.0
6233,1759,2025-08-17,21,2,SKU0038,5,8950,0.0,44750.0
6234,1759,2025-08-17,21,2,SKU0020,4,2500,0.05,9500.0
6235,1760,2024-02-25,8,2,SKU0007,3,5000,0.1,13500.0
6236,1760,2024-02-25,8,2,SKU0008,1,3900,0.15,3315.0
6237,1760,2024-02-25,8,2,SKU0016,3,3700,0.0,11100.0
6238,1761,2025-01-09,21,4,SKU0011,5,4650,0.05,22087.5
6239,1761,2025-01-09,21,4,SKU0042,2,10800,0.15,18360.0
6240,1762,2024-03-17,1,4,SKU0008,4,3900,0.05,14820.0
6241,1762,2024-03-17,1,4,SKU0041,1,9000,0.05,8550.0
6242,1762,2024-03-17,1,4,SKU0024,4,2300,0.05,8740.0
6243,1763,2026-07-27,16,1,SKU0035,1,17300,0.0,17300.0
6244,1763,2026-07-27,16,1,SKU0002,3,5000,0.0,15000.0
6245,1764,2026-06-11,40,3,SKU0022,5,3000,0.15,12750.0
6246,1764,2026-06-11,40,3,SKU0016,1,4300,0.1,3870.0
6247,1764,2026-06-11,40,3,SKU0020,3,2650,0.0,7950.0
6248,1764,2026-06-11,40,3,SKU0005,4,9050,0.05,34390.0
6249,1764,2026-06-11,40,3,SKU0042,4,11600,0.15,39440.0
6250,1764,2026-06-11,40,3,SKU0009,4,3950,0.0,15800.0
6251,1765,2024-03-23,47,2,SKU0003,5,2200,0.05,10450.0
6252,1765,2024-03-23,47,2,SKU0012,2,2100,0.0,4200.0
6253,1765,2024-03-23,47,2,SKU0006,4,2300,0.0,9200.0
6254,1765,2024-03-23,47,2,SKU0042,3,10000,0.0,30000.0
6255,1765,2024-03-23,47,2,SKU0033,5,3100,0.1,13950.0
6256,1766,2026-06-10,46,1,SKU0015,1,5800,0.0,5800.0
6257,1766,2026-06-10,46,1,SKU0030,5,4050,0.1,18225.0
6258,1766,2026-06-10,46,1,SKU0036,4,23100,0.0,92400.0
6259,1766,2026-06-10,46,1,SKU0038,2,9650,0.15,16405.0
6260,1766,2026-06-10,46,1,SKU0008,4,4500,0.05,17100.0
6261,1766,2026-06-10,46,1,SKU0010,5,10000,0.0,50000.0
6262,1767,2024-02-08,21,3,SKU0021,5,3800,0.0,19000.0
6263,1767,2024-02-08,21,3,SKU0023,1,12900,0.05,12255.0
6264,1767,2024-02-08,21,3,SKU0032,3,3100,0.0,9300.0
6265,1767,2024-02-08,21,3,SKU0024,5,2300,0.1,10350.0
6266,1767,2024-02-08,21,3,SKU0038,1,8300,0.15,7055.0
6267,1768,2025-03-15,27,5,SKU0037,3,16500,0.0,49500.0
6268,1768,2025-03-15,27,5,SKU0041,5,9700,0.05,46075.0
6269,1768,2025-03-15,27,5,SKU0004,5,9700,0.0,48500.0
6270,1768,2025-03-15,27,5,SKU0020,1,2500,0.0,2500.0
6271,1769,2026-01-27,5,1,SKU0022,2,3000,0.0,6000.0
6272,1769,2026-01-27,5,1,SKU0027,3,10000,0.0,30000.0
6273,1769,2026-01-27,5,1,SKU0030,4,4050,0.0,16200.0
6274,1769,2026-01-27,5,1,SKU0016,1,4300,0.0,4300.0
6275,1770,2026-01-25,21,2,SKU0027,1,10000,0.0,10000.0
6276,1770,2026-01-25,21,2,SKU0006,5,2650,0.05,12587.5
6277,1770,2026-01-25,21,2,SKU0015,1,5800,0.0,5800.0
6278,1770,2026-01-25,21,2,SKU0036,3,23100,0.0,69300.0
6279,1771,2026-07-15,41,1,SKU0018,5,4650,0.0,23250.0
6280,1771,2026-07-15,41,1,SKU0013,5,5200,0.15,22100.0
6281,1771,2026-07-15,41,1,SKU0031,4,3700,0.0,14800.0
6282,1771,2026-07-15,41,1,SKU0026,3,6400,0.0,19200.0
6283,1771,2026-07-15,41,1,SKU0040,4,6250,0.15,21250.0
6284,1772,2025-10-19,32,2,SKU0001,2,4100,0.0,8200.0
6285,1772,2025-10-19,32,2,SKU0035,2,16100,0.0,32200.0
6286,1772,2025-10-19,32,2,SKU0019,2,2800,0.0,5600.0
6287,1773,2025-03-26,20,5,SKU0003,3,2400,0.0,7200.0
6288,1774,2026-07-26,30,2,SKU0008,4,4500,0.05,17100.0
6289,1774,2026-07-26,30,2,SKU0022,1,3000,0.0,3000.0
6290,1774,2026-07-26,30,2,SKU0016,5,4300,0.0,21500.0
6291,1775,2025-02-17,21,4,SKU0038,2,8950,0.15,15215.0
6292,1775,2025-02-17,21,4,SKU0002,4,4650,0.05,17670.0
6293,1775,2025-02-17,21,4,SKU0025,4,7450,0.0,29800.0
6294,1776,2026-04-22,11,3,SKU0024,1,2650,0.0,2650.0
6295,1776,2026-04-22,11,3,SKU0029,2,7200,0.0,14400.0
6296,1777,2026-05-21,43,2,SKU0022,2,3000,0.15,5100.0
6297,1777,2026-05-21,43,2,SKU0039,1,15200,0.0,15200.0
6298,1777,2026-05-21,43,2,SKU0019,5,3000,0.15,12750.0
6299,1777,2026-05-21,43,2,SKU0023,2,14950,0.05,28405.0
6300,1777,2026-05-21,43,2,SKU0012,4,2450,0.0,9800.0
6301,1778,2025-02-10,3,3,SKU0009,5,3650,0.0,18250.0
6302,1779,2025-11-20,26,2,SKU0040,4,5850,0.0,23400.0
6303,1779,2025-11-20,26,2,SKU0039,2,14150,0.05,26885.0
6304,1779,2025-11-20,26,2,SKU0006,2,2500,0.15,4250.0
6305,1779,2025-11-20,26,2,SKU0029,2,6700,0.0,13400.0
6306,1779,2025-11-20,26,2,SKU0011,3,4650,0.0,13950.0
6307,1779,2025-11-20,26,2,SKU0007,4,5400,0.0,21600.0
6308,1780,2025-11-02,35,2,SKU0023,2,13950,0.05,26505.0
6309,1781,2025-07-12,12,4,SKU0039,4,14150,0.0,56600.0
6310,1781,2025-07-12,12,4,SKU0014,2,6150,0.15,10455.0
6311,1781,2025-07-12,12,4,SKU0031,3,3450,0.15,8797.5
6312,1781,2025-07-12,12,4,SKU0001,1,4100,0.0,4100.0
6313,1782,2025-10-26,8,2,SKU0011,3,4650,0.0,13950.0
6314,1782,2025-10-26,8,2,SKU0033,2,3350,0.0,6700.0
6315,1782,2025-10-26,8,2,SKU0003,1,2400,0.0,2400.0
6316,1782,2025-10-26,8,2,SKU0020,1,2500,0.1,2250.0
6317,1782,2025-10-26,8,2,SKU0035,5,16100,0.0,80500.0
6318,1783,2025-01-13,7,5,SKU0042,2,10800,0.0,21600.0
6319,1783,2025-01-13,7,5,SKU0016,5,4000,0.0,20000.0
6320,1784,2024-07-21,32,5,SKU0006,1,2300,0.1,2070.0
6321,1784,2024-07-21,32,5,SKU0039,1,13100,0.0,13100.0
6322,1784,2024-07-21,32,5,SKU0004,5,9000,0.1,40500.0
6323,1784,2024-07-21,32,5,SKU0001,3,3800,0.0,11400.0
6324,1785,2025-07-10,7,4,SKU0012,4,2250,0.1,8100.0
6325,1785,2025-07-10,7,4,SKU0022,3,2800,0.1,7560.0
6326,1786,2025-07-03,32,1,SKU0024,4,2500,0.05,9500.0
6327,1786,2025-07-03,32,1,SKU0023,5,13950,0.15,59287.5
6328,1786,2025-07-03,32,1,SKU0039,2,14150,0.0,28300.0
6329,1786,2025-07-03,32,1,SKU0020,1,2500,0.0,2500.0
6330,1786,2025-07-03,32,1,SKU0001,3,4100,0.1,11070.0
6331,1787,2025-12-24,14,2,SKU0015,1,5400,0.0,5400.0
6332,1787,2025-12-24,14,2,SKU0006,3,2500,0.0,7500.0
6333,1787,2025-12-24,14,2,SKU0025,3,7450,0.0,22350.0
6334,1787,2025-12-24,14,2,SKU0030,3,3800,0.15,9690.0
6335,1787,2025-12-24,14,2,SKU0039,2,14150,0.0,28300.0
6336,1787,2025-12-24,14,2,SKU0035,1,16100,0.15,13685.0
6337,1788,2024-09-08,48,1,SKU0019,1,2600,0.1,2340.0
6338,1788,2024-09-08,48,1,SKU0023,4,12900,0.0,51600.0
6339,1788,2024-09-08,48,1,SKU0013,4,4500,0.0,18000.0
6340,1788,2024-09-08,48,1,SKU0040,4,5400,0.0,21600.0
6341,1788,2024-09-08,48,1,SKU0007,1,5000,0.0,5000.0
6342,1789,2024-01-05,12,4,SKU0027,5,8600,0.0,43000.0
6343,1789,2024-01-05,12,4,SKU0005,3,7800,0.0,23400.0
6344,1789,2024-01-05,12,4,SKU0009,5,3400,0.0,17000.0
6345,1789,2024-01-05,12,4,SKU0002,4,4300,0.1,15480.0
6346,1789,2024-01-05,12,4,SKU0037,1,15300,0.15,13005.0
6347,1789,2024-01-05,12,4,SKU0011,5,4300,0.0,21500.0
6348,1790,2024-01-28,10,2,SKU0005,4,7800,0.0,31200.0
6349,1790,2024-01-28,10,2,SKU0008,5,3900,0.1,17550.0
6350,1791,2024-11-29,29,1,SKU0041,3,9000,0.0,27000.0
6351,1791,2024-11-29,29,1,SKU0031,2,3200,0.0,6400.0
6352,1791,2024-11-29,29,1,SKU0028,2,2900,0.1,5220.0
6353,1791,2024-11-29,29,1,SKU0014,4,5700,0.0,22800.0
6354,1792,2025-11-12,35,3,SKU0010,5,9300,0.1,41850.0
6355,1792,2025-11-12,35,3,SKU0005,3,8400,0.1,22680.0
6356,1792,2025-11-12,35,3,SKU0009,5,3650,0.0,18250.0
6357,1792,2025-11-12,35,3,SKU0025,4,7450,0.0,29800.0
6358,1792,2025-11-12,35,3,SKU0041,4,9700,0.0,38800.0
6359,1793,2025-07-17,6,3,SKU0039,2,14150,0.0,28300.0
6360,1793,2025-07-17,6,3,SKU0020,1,2500,0.0,2500.0
6361,1794,2025-07-06,48,2,SKU0022,5,2800,0.1,12600.0
6362,1794,2025-07-06,48,2,SKU0016,2,4000,0.15,6800.0
6363,1794,2025-07-06,48,2,SKU0037,2,16500,0.1,29700.0
6364,1794,2025-07-06,48,2,SKU0035,1,16100,0.0,16100.0
6365,1795,2026-03-15,10,3,SKU0023,4,14950,0.0,59800.0
6366,1795,2026-03-15,10,3,SKU0039,5,15200,0.0,76000.0
6367,1795,2026-03-15,10,3,SKU0041,2,10450,0.0,20900.0
6368,1795,2026-03-15,10,3,SKU0033,5,3600,0.1,16200.0
6369,1796,2024-10-06,17,1,SKU0036,3,19900,0.05,56715.0
6370,1796,2024-10-06,17,1,SKU0013,1,4500,0.0,4500.0
6371,1796,2024-10-06,17,1,SKU0032,2,3100,0.05,5890.0
6372,1796,2024-10-06,17,1,SKU0027,2,8600,0.0,17200.0
6373,1797,2025-01-11,7,1,SKU0002,2,4650,0.1,8370.0
6374,1797,2025-01-11,7,1,SKU0025,4,7450,0.0,29800.0
6375,1797,2025-01-11,7,1,SKU0023,3,13950,0.0,41850.0
6376,1798,2024-11-05,28,4,SKU0024,2,2300,0.0,4600.0
6377,1798,2024-11-05,28,4,SKU0005,2,7800,0.0,15600.0
6378,1799,2026-06-13,21,3,SKU0016,3,4300,0.1,11610.0
6379,1799,2026-06-13,21,3,SKU0032,4,3600,0.0,14400.0
6380,1800,2025-12-22,49,4,SKU0031,5,3450,0.0,17250.0
6381,1800,2025-12-22,49,4,SKU0027,5,9300,0.0,46500.0
6382,1800,2025-12-22,49,4,SKU0017,2,14050,0.0,28100.0
6383,1800,2025-12-22,49,4,SKU0034,3,3250,0.15,8287.5
6384,1800,2025-12-22,49,4,SKU0029,5,6700,0.0,33500.0
6385,1801,2024-05-11,46,3,SKU0002,3,4300,0.0,12900.0
6386,1802,2026-03-04,41,2,SKU0001,2,4400,0.05,8360.0
6387,1802,2026-03-04,41,2,SKU0027,4,10000,0.0,40000.0
6388,1802,2026-03-04,41,2,SKU0038,4,9650,0.05,36670.0
6389,1803,2025-03-25,22,1,SKU0004,2,9700,0.15,16490.0
6390,1803,2025-03-25,22,1,SKU0027,4,9300,0.0,37200.0
6391,1804,2026-01-25,46,4,SKU0039,3,15200,0.1,41040.0
6392,1804,2026-01-25,46,4,SKU0015,1,5800,0.05,5510.0
6393,1805,2026-05-03,29,5,SKU0017,2,15100,0.0,30200.0
6394,1805,2026-05-03,29,5,SKU0018,2,4650,0.05,8835.0
6395,1806,2024-01-19,8,3,SKU0024,2,2300,0.0,4600.0
6396,1806,2024-01-19,8,3,SKU0001,4,3800,0.0,15200.0
6397,1806,2024-01-19,8,3,SKU0012,5,2100,0.15,8925.0
6398,1806,2024-01-19,8,3,SKU0010,1,8600,0.0,8600.0
6399,1807,2024-08-21,23,4,SKU0037,3,15300,0.1,41310.0
6400,1807,2024-08-21,23,4,SKU0030,1,3500,0.0,3500.0
6401,1807,2024-08-21,23,4,SKU0009,1,3400,0.0,3400.0
6402,1807,2024-08-21,23,4,SKU0024,2,2300,0.1,4140.0
6403,1807,2024-08-21,23,4,SKU0008,5,3900,0.05,18525.0
6404,1807,2024-08-21,23,4,SKU0034,2,3000,0.0,6000.0
6405,1808,2024-04-28,19,4,SKU0010,2,8600,0.1,15480.0
6406,1808,2024-04-28,19,4,SKU0016,1,3700,0.05,3515.0
6407,1808,2024-04-28,19,4,SKU0013,3,4500,0.0,13500.0
6408,1808,2024-04-28,19,4,SKU0029,1,6200,0.1,5580.0
6409,1808,2024-04-28,19,4,SKU0042,4,10000,0.0,40000.0
6410,1809,2024-02-10,26,4,SKU0026,2,5500,0.0,11000.0
6411,1810,2025-09-05,41,2,SKU0009,1,3650,0.0,3650.0
6412,1810,2025-09-05,41,2,SKU0034,2,3250,0.0,6500.0
6413,1810,2025-09-05,41,2,SKU0028,1,3150,0.1,2835.0
6414,1810,2025-09-05,41,2,SKU0013,5,4850,0.0,24250.0
6415,1810,2025-09-05,41,2,SKU0001,5,4100,0.0,20500.0
6416,1810,2025-09-05,41,2,SKU0008,2,4200,0.0,8400.0
6417,1811,2025-12-07,17,5,SKU0014,4,6150,0.1,22140.0
6418,1811,2025-12-07,17,5,SKU0028,5,3150,0.0,15750.0
6419,1812,2024-02-29,2,5,SKU0035,4,14900,0.0,59600.0
6420,1812,2024-02-29,2,5,SKU0039,1,13100,0.1,11790.0
6421,1813,2026-01-03,14,4,SKU0022,3,3000,0.05,8550.0
6422,1814,2025-03-09,19,4,SKU0009,3,3650,0.05,10402.5
6423,1814,2025-03-09,19,4,SKU0002,1,4650,0.0,4650.0
6424,1814,2025-03-09,19,4,SKU0036,2,21500,0.0,43000.0
6425,1814,2025-03-09,19,4,SKU0024,3,2500,0.05,7125.0
6426,1814,2025-03-09,19,4,SKU0027,3,9300,0.15,23715.0
6427,1815,2024-09-22,6,5,SKU0024,1,2300,0.0,2300.0
6428,1815,2024-09-22,6,5,SKU0004,1,9000,0.0,9000.0
6429,1816,2024-09-02,19,4,SKU0031,3,3200,0.15,8160.0
6430,1817,2026-04-17,34,1,SKU0004,1,10450,0.0,10450.0
6431,1817,2026-04-17,34,1,SKU0014,3,6600,0.1,17820.0
6432,1817,2026-04-17,34,1,SKU0034,1,3500,0.0,3500.0
6433,1817,2026-04-17,34,1,SKU0033,3,3600,0.0,10800.0
6434,1817,2026-04-17,34,1,SKU0037,3,17750,0.0,53250.0
6435,1818,2024-03-09,5,3,SKU0025,2,6900,0.15,11730.0
6436,1818,2024-03-09,5,3,SKU0033,3,3100,0.0,9300.0
6437,1818,2024-03-09,5,3,SKU0022,5,2600,0.1,11700.0
6438,1818,2024-03-09,5,3,SKU0005,1,7800,0.0,7800.0
6439,1819,2025-06-11,33,2,SKU0020,5,2500,0.0,12500.0
6440,1819,2025-06-11,33,2,SKU0030,2,3800,0.0,7600.0
6441,1819,2025-06-11,33,2,SKU0021,5,4100,0.1,18450.0
6442,1819,2025-06-11,33,2,SKU0023,1,13950,0.0,13950.0
6443,1820,2024-11-19,26,5,SKU0025,1,6900,0.0,6900.0
6444,1820,2024-11-19,26,5,SKU0019,4,2600,0.05,9880.0
6445,1820,2024-11-19,26,5,SKU0029,3,6200,0.0,18600.0
6446,1821,2026-03-09,6,5,SKU0010,4,10000,0.15,34000.0
6447,1822,2025-12-27,43,1,SKU0039,2,14150,0.0,28300.0
6448,1822,2025-12-27,43,1,SKU0034,1,3250,0.0,3250.0
6449,1822,2025-12-27,43,1,SKU0036,1,21500,0.0,21500.0
6450,1822,2025-12-27,43,1,SKU0042,3,10800,0.05,30780.0
6451,1823,2024-12-17,25,4,SKU0028,4,2900,0.0,11600.0
6452,1823,2024-12-17,25,4,SKU0008,3,3900,0.05,11115.0
6453,1823,2024-12-17,25,4,SKU0006,5,2300,0.0,11500.0
6454,1823,2024-12-17,25,4,SKU0037,2,15300,0.0,30600.0
6455,1823,2024-12-17,25,4,SKU0031,4,3200,0.0,12800.0
6456,1824,2025-09-05,31,1,SKU0021,2,4100,0.0,8200.0
6457,1824,2025-09-05,31,1,SKU0002,3,4650,0.1,12555.0
6458,1824,2025-09-05,31,1,SKU0022,5,2800,0.0,14000.0
6459,1824,2025-09-05,31,1,SKU0035,5,16100,0.0,80500.0
6460,1824,2025-09-05,31,1,SKU0014,4,6150,0.0,24600.0
6461,1824,2025-09-05,31,1,SKU0024,4,2500,0.1,9000.0
6462,1825,2025-11-11,10,5,SKU0016,5,4000,0.15,17000.0
6463,1825,2025-11-11,10,5,SKU0024,5,2500,0.0,12500.0
6464,1825,2025-11-11,10,5,SKU0038,3,8950,0.0,26850.0
6465,1826,2024-12-18,25,4,SKU0010,1,8600,0.0,8600.0
6466,1826,2024-12-18,25,4,SKU0007,3,5000,0.05,14250.0
6467,1826,2024-12-18,25,4,SKU0030,3,3500,0.0,10500.0
6468,1826,2024-12-18,25,4,SKU0031,4,3200,0.05,12160.0
6469,1826,2024-12-18,25,4,SKU0022,4,2600,0.05,9880.0
6470,1826,2024-12-18,25,4,SKU0036,2,19900,0.0,39800.0
6471,1827,2024-12-02,50,2,SKU0010,5,8600,0.0,43000.0
6472,1828,2024-06-13,14,2,SKU0012,5,2100,0.05,9975.0
6473,1828,2024-06-13,14,2,SKU0031,2,3200,0.0,6400.0
6474,1828,2024-06-13,14,2,SKU0025,3,6900,0.0,20700.0
6475,1828,2024-06-13,14,2,SKU0028,3,2900,0.15,7395.0
6476,1829,2025-11-01,48,1,SKU0021,5,4100,0.0,20500.0
6477,1829,2025-11-01,48,1,SKU0009,3,3650,0.0,10950.0
6478,1830,2024-09-07,7,2,SKU0035,4,14900,0.15,50660.0
6479,1831,2024-12-01,13,1,SKU0037,4,15300,0.15,52020.0
6480,1831,2024-12-01,13,1,SKU0031,2,3200,0.05,6080.0
6481,1831,2024-12-01,13,1,SKU0009,2,3400,0.0,6800.0
6482,1831,2024-12-01,13,1,SKU0001,4,3800,0.0,15200.0
6483,1831,2024-12-01,13,1,SKU0041,4,9000,0.1,32400.0
6484,1832,2024-03-14,49,1,SKU0033,3,3100,0.0,9300.0
6485,1833,2026-06-22,21,2,SKU0031,1,3700,0.0,3700.0
6486,1833,2026-06-22,21,2,SKU0033,1,3600,0.0,3600.0
6487,1833,2026-06-22,21,2,SKU0025,1,8000,0.0,8000.0
6488,1833,2026-06-22,21,2,SKU0013,2,5200,0.1,9360.0
6489,1833,2026-06-22,21,2,SKU0001,3,4400,0.0,13200.0
6490,1833,2026-06-22,21,2,SKU0004,2,10450,0.0,20900.0
6491,1834,2026-04-30,44,3,SKU0014,4,6600,0.0,26400.0
6492,1834,2026-04-30,44,3,SKU0004,1,10450,0.15,8882.5
6493,1834,2026-04-30,44,3,SKU0023,5,14950,0.15,63537.5
6494,1834,2026-04-30,44,3,SKU0031,4,3700,0.0,14800.0
6495,1835,2026-05-24,44,5,SKU0041,5,10450,0.0,52250.0
6496,1835,2026-05-24,44,5,SKU0031,3,3700,0.15,9435.0
6497,1835,2026-05-24,44,5,SKU0007,4,5800,0.0,23200.0
6498,1835,2026-05-24,44,5,SKU0025,4,8000,0.0,32000.0
6499,1835,2026-05-24,44,5,SKU0024,3,2650,0.0,7950.0
6500,1836,2025-10-01,39,5,SKU0025,1,7450,0.0,7450.0
6501,1836,2025-10-01,39,5,SKU0034,5,3250,0.1,14625.0
6502,1836,2025-10-01,39,5,SKU0016,3,4000,0.0,12000.0
6503,1836,2025-10-01,39,5,SKU0013,2,4850,0.15,8245.0
6504,1836,2025-10-01,39,5,SKU0019,3,2800,0.0,8400.0
6505,1836,2025-10-01,39,5,SKU0018,4,4300,0.1,15480.0
6506,1837,2025-04-01,46,3,SKU0030,2,3800,0.1,6840.0
6507,1837,2025-04-01,46,3,SKU0040,2,5850,0.0,11700.0
6508,1838,2025-06-03,6,5,SKU0017,2,14050,0.05,26695.0
6509,1839,2026-07-10,46,1,SKU0002,2,5000,0.0,10000.0
6510,1839,2026-07-10,46,1,SKU0024,1,2650,0.15,2252.5
6511,1839,2026-07-10,46,1,SKU0019,1,3000,0.0,3000.0
6512,1839,2026-07-10,46,1,SKU0031,4,3700,0.15,12580.0
6513,1840,2026-06-17,41,5,SKU0006,3,2650,0.0,7950.0
6514,1841,2025-11-10,48,1,SKU0005,4,8400,0.1,30240.0
6515,1842,2026-02-11,10,4,SKU0002,5,5000,0.0,25000.0
6516,1843,2024-12-17,9,4,SKU0036,3,19900,0.15,50745.0
6517,1843,2024-12-17,9,4,SKU0037,4,15300,0.0,61200.0
6518,1843,2024-12-17,9,4,SKU0014,5,5700,0.0,28500.0
6519,1844,2025-03-22,36,2,SKU0021,5,4100,0.05,19475.0
6520,1844,2025-03-22,36,2,SKU0019,2,2800,0.0,5600.0
6521,1845,2024-06-19,32,1,SKU0012,4,2100,0.05,7980.0
6522,1845,2024-06-19,32,1,SKU0007,1,5000,0.15,4250.0
6523,1845,2024-06-19,32,1,SKU0019,3,2600,0.0,7800.0
6524,1845,2024-06-19,32,1,SKU0037,2,15300,0.1,27540.0
6525,1845,2024-06-19,32,1,SKU0026,5,5500,0.0,27500.0
6526,1846,2025-02-11,41,4,SKU0016,2,4000,0.0,8000.0
6527,1846,2025-02-11,41,4,SKU0010,4,9300,0.1,33480.0
6528,1846,2025-02-11,41,4,SKU0002,2,4650,0.15,7905.0
6529,1847,2026-01-15,43,4,SKU0024,4,2650,0.05,10070.0
6530,1847,2026-01-15,43,4,SKU0010,3,10000,0.0,30000.0
6531,1847,2026-01-15,43,4,SKU0034,5,3500,0.0,17500.0
6532,1847,2026-01-15,43,4,SKU0020,4,2650,0.1,9540.0
6533,1848,2025-05-14,9,3,SKU0003,1,2400,0.1,2160.0
6534,1849,2026-04-05,48,2,SKU0035,4,17300,0.1,62280.0
6535,1850,2024-12-01,4,1,SKU0025,1,6900,0.05,6555.0
6536,1850,2024-12-01,4,1,SKU0002,1,4300,0.05,4085.0
6537,1850,2024-12-01,4,1,SKU0021,3,3800,0.0,11400.0
6538,1851,2025-12-10,14,2,SKU0008,1,4200,0.1,3780.0
6539,1851,2025-12-10,14,2,SKU0026,2,5950,0.0,11900.0
6540,1851,2025-12-10,14,2,SKU0042,3,10800,0.0,32400.0
6541,1851,2025-12-10,14,2,SKU0013,2,4850,0.0,9700.0
6542,1852,2026-03-01,39,2,SKU0006,1,2650,0.0,2650.0
6543,1853,2026-05-27,47,1,SKU0004,1,10450,0.05,9927.5
6544,1853,2026-05-27,47,1,SKU0034,4,3500,0.05,13300.0
6545,1853,2026-05-27,47,1,SKU0039,1,15200,0.1,13680.0
6546,1853,2026-05-27,47,1,SKU0038,1,9650,0.15,8202.5
6547,1853,2026-05-27,47,1,SKU0016,3,4300,0.15,10965.0
6548,1854,2025-08-02,35,1,SKU0034,2,3250,0.0,6500.0
6549,1854,2025-08-02,35,1,SKU0042,3,10800,0.0,32400.0
6550,1855,2026-07-07,22,5,SKU0012,2,2450,0.1,4410.0
6551,1855,2026-07-07,22,5,SKU0040,4,6250,0.0,25000.0
6552,1855,2026-07-07,22,5,SKU0004,4,10450,0.0,41800.0
6553,1855,2026-07-07,22,5,SKU0015,2,5800,0.15,9860.0
6554,1855,2026-07-07,22,5,SKU0017,4,15100,0.0,60400.0
6555,1856,2025-07-28,11,5,SKU0002,5,4650,0.0,23250.0
6556,1856,2025-07-28,11,5,SKU0033,3,3350,0.15,8542.5
6557,1856,2025-07-28,11,5,SKU0006,5,2500,0.0,12500.0
6558,1856,2025-07-28,11,5,SKU0009,4,3650,0.1,13140.0
6559,1856,2025-07-28,11,5,SKU0039,3,14150,0.15,36082.5
6560,1856,2025-07-28,11,5,SKU0028,4,3150,0.15,10710.0
6561,1857,2024-06-03,1,3,SKU0015,2,5000,0.1,9000.0
6562,1857,2024-06-03,1,3,SKU0005,2,7800,0.0,15600.0
6563,1857,2024-06-03,1,3,SKU0006,5,2300,0.0,11500.0
6564,1857,2024-06-03,1,3,SKU0003,4,2200,0.0,8800.0
6565,1857,2024-06-03,1,3,SKU0023,5,12900,0.0,64500.0
6566,1857,2024-06-03,1,3,SKU0036,5,19900,0.05,94525.0
6567,1858,2024-10-01,19,2,SKU0036,5,19900,0.0,99500.0
6568,1859,2024-08-18,48,3,SKU0028,2,2900,0.0,5800.0
6569,1859,2024-08-18,48,3,SKU0039,4,13100,0.1,47160.0
6570,1860,2025-10-20,23,1,SKU0007,5,5400,0.0,27000.0
6571,1860,2025-10-20,23,1,SKU0026,4,5950,0.0,23800.0
6572,1860,2025-10-20,23,1,SKU0032,2,3350,0.1,6030.0
6573,1860,2025-10-20,23,1,SKU0028,5,3150,0.05,14962.5
6574,1860,2025-10-20,23,1,SKU0031,2,3450,0.0,6900.0
6575,1860,2025-10-20,23,1,SKU0042,2,10800,0.0,21600.0
6576,1861,2026-06-02,35,5,SKU0023,4,14950,0.0,59800.0
6577,1861,2026-06-02,35,5,SKU0002,5,5000,0.0,25000.0
6578,1861,2026-06-02,35,5,SKU0006,2,2650,0.0,5300.0
6579,1861,2026-06-02,35,5,SKU0026,4,6400,0.0,25600.0
6580,1861,2026-06-02,35,5,SKU0011,4,5000,0.05,19000.0
6581,1861,2026-06-02,35,5,SKU0030,5,4050,0.0,20250.0
6582,1862,2026-04-03,37,2,SKU0042,2,11600,0.0,23200.0
6583,1862,2026-04-03,37,2,SKU0026,5,6400,0.1,28800.0
6584,1862,2026-04-03,37,2,SKU0006,5,2650,0.1,11925.0
6585,1862,2026-04-03,37,2,SKU0021,5,4400,0.05,20900.0
6586,1863,2024-04-19,1,4,SKU0038,5,8300,0.05,39425.0
6587,1863,2024-04-19,1,4,SKU0016,1,3700,0.0,3700.0
6588,1863,2024-04-19,1,4,SKU0021,3,3800,0.0,11400.0
6589,1864,2025-12-22,40,4,SKU0030,5,3800,0.15,16150.0
6590,1864,2025-12-22,40,4,SKU0010,4,9300,0.0,37200.0
6591,1864,2025-12-22,40,4,SKU0028,3,3150,0.0,9450.0
6592,1864,2025-12-22,40,4,SKU0021,5,4100,0.15,17425.0
6593,1865,2024-08-03,13,5,SKU0035,1,14900,0.0,14900.0
6594,1865,2024-08-03,13,5,SKU0002,3,4300,0.0,12900.0
6595,1865,2024-08-03,13,5,SKU0021,4,3800,0.0,15200.0
6596,1866,2024-10-29,50,4,SKU0031,2,3200,0.05,6080.0
6597,1866,2024-10-29,50,4,SKU0036,1,19900,0.15,16915.0
6598,1866,2024-10-29,50,4,SKU0038,2,8300,0.05,15770.0
6599,1867,2025-11-12,23,4,SKU0006,1,2500,0.1,2250.0
6600,1867,2025-11-12,23,4,SKU0035,1,16100,0.15,13685.0
6601,1867,2025-11-12,23,4,SKU0029,3,6700,0.05,19095.0
6602,1868,2025-09-09,28,1,SKU0042,3,10800,0.15,27540.0
6603,1869,2026-04-25,3,1,SKU0039,4,15200,0.05,57760.0
6604,1869,2026-04-25,3,1,SKU0012,4,2450,0.0,9800.0
6605,1869,2026-04-25,3,1,SKU0017,4,15100,0.0,60400.0
6606,1869,2026-04-25,3,1,SKU0018,2,4650,0.1,8370.0
6607,1869,2026-04-25,3,1,SKU0041,1,10450,0.15,8882.5
6608,1869,2026-04-25,3,1,SKU0034,2,3500,0.05,6650.0
6609,1870,2024-07-31,13,1,SKU0007,2,5000,0.0,10000.0
6610,1871,2026-01-21,41,1,SKU0042,5,11600,0.0,58000.0
6611,1872,2025-12-22,41,1,SKU0018,4,4300,0.1,15480.0
6612,1872,2025-12-22,41,1,SKU0011,5,4650,0.0,23250.0
6613,1872,2025-12-22,41,1,SKU0037,2,16500,0.0,33000.0
6614,1872,2025-12-22,41,1,SKU0002,2,4650,0.0,9300.0
6615,1873,2025-07-30,13,4,SKU0014,4,6150,0.0,24600.0
6616,1873,2025-07-30,13,4,SKU0008,1,4200,0.0,4200.0
6617,1873,2025-07-30,13,4,SKU0041,4,9700,0.1,34920.0
6618,1873,2025-07-30,13,4,SKU0036,2,21500,0.0,43000.0
6619,1873,2025-07-30,13,4,SKU0002,2,4650,0.15,7905.0
6620,1874,2025-05-19,17,2,SKU0042,5,10800,0.0,54000.0
6621,1874,2025-05-19,17,2,SKU0028,3,3150,0.0,9450.0
6622,1874,2025-05-19,17,2,SKU0009,4,3650,0.15,12410.0
6623,1874,2025-05-19,17,2,SKU0017,3,14050,0.0,42150.0
6624,1875,2026-04-22,45,3,SKU0006,4,2650,0.1,9540.0
6625,1875,2026-04-22,45,3,SKU0042,5,11600,0.0,58000.0
6626,1875,2026-04-22,45,3,SKU0018,4,4650,0.1,16740.0
6627,1875,2026-04-22,45,3,SKU0020,4,2650,0.0,10600.0
6628,1876,2024-12-29,4,4,SKU0032,3,3100,0.0,9300.0
6629,1876,2024-12-29,4,4,SKU0014,2,5700,0.0,11400.0
6630,1876,2024-12-29,4,4,SKU0024,3,2300,0.1,6210.0
6631,1876,2024-12-29,4,4,SKU0042,1,10000,0.0,10000.0
6632,1876,2024-12-29,4,4,SKU0020,4,2300,0.1,8280.0
6633,1877,2026-06-28,28,5,SKU0027,5,10000,0.0,50000.0
6634,1877,2026-06-28,28,5,SKU0023,3,14950,0.05,42607.5
6635,1877,2026-06-28,28,5,SKU0033,2,3600,0.1,6480.0
6636,1877,2026-06-28,28,5,SKU0013,3,5200,0.1,14040.0
6637,1877,2026-06-28,28,5,SKU0018,5,4650,0.0,23250.0
6638,1878,2024-01-19,41,2,SKU0032,3,3100,0.05,8835.0
6639,1878,2024-01-19,41,2,SKU0014,3,5700,0.0,17100.0
6640,1878,2024-01-19,41,2,SKU0028,2,2900,0.0,5800.0
6641,1878,2024-01-19,41,2,SKU0026,4,5500,0.0,22000.0
6642,1879,2026-06-13,24,5,SKU0001,2,4400,0.0,8800.0
6643,1879,2026-06-13,24,5,SKU0033,4,3600,0.15,12240.0
6644,1879,2026-06-13,24,5,SKU0039,5,15200,0.05,72200.0
6645,1879,2026-06-13,24,5,SKU0019,2,3000,0.1,5400.0
6646,1880,2026-07-02,42,3,SKU0016,3,4300,0.15,10965.0
6647,1880,2026-07-02,42,3,SKU0028,5,3350,0.0,16750.0
6648,1880,2026-07-02,42,3,SKU0039,3,15200,0.0,45600.0
6649,1881,2024-05-16,49,3,SKU0004,5,9000,0.0,45000.0
6650,1881,2024-05-16,49,3,SKU0024,5,2300,0.0,11500.0
6651,1881,2024-05-16,49,3,SKU0003,4,2200,0.0,8800.0
6652,1882,2026-07-31,11,1,SKU0030,2,4050,0.0,8100.0
6653,1883,2025-05-19,12,5,SKU0037,4,16500,0.0,66000.0
6654,1883,2025-05-19,12,5,SKU0003,2,2400,0.1,4320.0
6655,1884,2024-10-01,32,2,SKU0021,2,3800,0.05,7220.0
6656,1884,2024-10-01,32,2,SKU0018,1,4000,0.0,4000.0
6657,1884,2024-10-01,32,2,SKU0041,4,9000,0.0,36000.0
6658,1884,2024-10-01,32,2,SKU0023,3,12900,0.05,36765.0
6659,1884,2024-10-01,32,2,SKU0001,3,3800,0.0,11400.0
6660,1885,2025-09-11,23,1,SKU0009,2,3650,0.05,6935.0
6661,1885,2025-09-11,23,1,SKU0041,1,9700,0.0,9700.0
6662,1885,2025-09-11,23,1,SKU0001,2,4100,0.0,8200.0
6663,1885,2025-09-11,23,1,SKU0020,2,2500,0.0,5000.0
6664,1885,2025-09-11,23,1,SKU0022,2,2800,0.0,5600.0
6665,1885,2025-09-11,23,1,SKU0002,5,4650,0.0,23250.0
6666,1886,2024-08-19,50,2,SKU0032,3,3100,0.0,9300.0
6667,1886,2024-08-19,50,2,SKU0040,1,5400,0.15,4590.0
6668,1887,2026-05-27,47,1,SKU0010,2,10000,0.1,18000.0
6669,1888,2025-07-24,23,5,SKU0018,2,4300,0.0,8600.0
6670,1889,2026-02-02,23,2,SKU0017,4,15100,0.0,60400.0
6671,1889,2026-02-02,23,2,SKU0010,3,10000,0.0,30000.0
6672,1889,2026-02-02,23,2,SKU0036,1,23100,0.05,21945.0
6673,1889,2026-02-02,23,2,SKU0028,3,3350,0.0,10050.0
6674,1890,2025-02-15,15,5,SKU0036,3,21500,0.0,64500.0
6675,1890,2025-02-15,15,5,SKU0023,3,13950,0.0,41850.0
6676,1891,2025-07-07,17,4,SKU0039,1,14150,0.05,13442.5
6677,1892,2025-01-24,15,3,SKU0006,4,2500,0.1,9000.0
6678,1893,2024-10-21,20,3,SKU0021,1,3800,0.15,3230.0
6679,1893,2024-10-21,20,3,SKU0015,4,5000,0.0,20000.0
6680,1893,2024-10-21,20,3,SKU0030,4,3500,0.0,14000.0
6681,1894,2025-06-19,35,1,SKU0030,3,3800,0.0,11400.0
6682,1894,2025-06-19,35,1,SKU0013,1,4850,0.15,4122.5
6683,1894,2025-06-19,35,1,SKU0016,2,4000,0.15,6800.0
6684,1894,2025-06-19,35,1,SKU0029,1,6700,0.1,6030.0
6685,1895,2025-06-05,21,4,SKU0028,1,3150,0.0,3150.0
6686,1895,2025-06-05,21,4,SKU0011,4,4650,0.0,18600.0
6687,1895,2025-06-05,21,4,SKU0017,5,14050,0.0,70250.0
6688,1896,2024-04-26,34,1,SKU0042,5,10000,0.05,47500.0
6689,1896,2024-04-26,34,1,SKU0029,1,6200,0.0,6200.0
6690,1896,2024-04-26,34,1,SKU0026,5,5500,0.0,27500.0
6691,1896,2024-04-26,34,1,SKU0011,1,4300,0.05,4085.0
6692,1896,2024-04-26,34,1,SKU0001,4,3800,0.0,15200.0
6693,1897,2026-07-17,2,2,SKU0039,1,15200,0.0,15200.0
6694,1897,2026-07-17,2,2,SKU0022,3,3000,0.0,9000.0
6695,1897,2026-07-17,2,2,SKU0005,3,9050,0.1,24435.0
6696,1897,2026-07-17,2,2,SKU0028,5,3350,0.15,14237.5
6697,1897,2026-07-17,2,2,SKU0032,5,3600,0.05,17100.0
6698,1898,2025-05-11,10,2,SKU0027,3,9300,0.15,23715.0
6699,1898,2025-05-11,10,2,SKU0029,2,6700,0.15,11390.0
6700,1898,2025-05-11,10,2,SKU0015,5,5400,0.05,25650.0
6701,1898,2025-05-11,10,2,SKU0007,5,5400,0.0,27000.0
6702,1898,2025-05-11,10,2,SKU0012,3,2250,0.05,6412.5
6703,1898,2025-05-11,10,2,SKU0014,3,6150,0.15,15682.5
6704,1899,2026-03-29,6,3,SKU0010,3,10000,0.0,30000.0
6705,1899,2026-03-29,6,3,SKU0004,1,10450,0.15,8882.5
6706,1899,2026-03-29,6,3,SKU0042,2,11600,0.05,22040.0
6707,1899,2026-03-29,6,3,SKU0024,2,2650,0.15,4505.0
6708,1899,2026-03-29,6,3,SKU0016,2,4300,0.0,8600.0
6709,1899,2026-03-29,6,3,SKU0026,2,6400,0.0,12800.0
6710,1900,2026-05-27,9,4,SKU0024,4,2650,0.0,10600.0
6711,1900,2026-05-27,9,4,SKU0029,5,7200,0.05,34200.0
6712,1900,2026-05-27,9,4,SKU0025,1,8000,0.0,8000.0
6713,1901,2025-02-05,46,3,SKU0038,3,8950,0.0,26850.0
6714,1901,2025-02-05,46,3,SKU0002,1,4650,0.05,4417.5
6715,1901,2025-02-05,46,3,SKU0019,2,2800,0.1,5040.0
6716,1902,2025-03-20,20,2,SKU0040,1,5850,0.1,5265.0
6717,1902,2025-03-20,20,2,SKU0024,2,2500,0.1,4500.0
6718,1902,2025-03-20,20,2,SKU0015,5,5400,0.0,27000.0
6719,1902,2025-03-20,20,2,SKU0006,4,2500,0.0,10000.0
6720,1903,2025-08-02,44,1,SKU0002,5,4650,0.0,23250.0
6721,1903,2025-08-02,44,1,SKU0027,4,9300,0.05,35340.0
6722,1903,2025-08-02,44,1,SKU0010,2,9300,0.0,18600.0
6723,1904,2024-09-07,22,1,SKU0014,4,5700,0.0,22800.0
6724,1904,2024-09-07,22,1,SKU0011,5,4300,0.0,21500.0
6725,1904,2024-09-07,22,1,SKU0033,1,3100,0.1,2790.0
6726,1904,2024-09-07,22,1,SKU0008,5,3900,0.0,19500.0
6727,1905,2024-06-16,15,5,SKU0011,5,4300,0.05,20425.0
6728,1905,2024-06-16,15,5,SKU0007,2,5000,0.0,10000.0
6729,1906,2024-10-21,37,1,SKU0029,4,6200,0.15,21080.0
6730,1906,2024-10-21,37,1,SKU0014,4,5700,0.0,22800.0
6731,1906,2024-10-21,37,1,SKU0030,1,3500,0.0,3500.0
6732,1907,2026-06-11,9,5,SKU0029,3,7200,0.15,18360.0
6733,1907,2026-06-11,9,5,SKU0032,5,3600,0.1,16200.0
6734,1907,2026-06-11,9,5,SKU0001,5,4400,0.15,18700.0
6735,1907,2026-06-11,9,5,SKU0042,1,11600,0.0,11600.0
6736,1907,2026-06-11,9,5,SKU0019,2,3000,0.0,6000.0
6737,1908,2025-08-18,17,3,SKU0004,1,9700,0.0,9700.0
6738,1908,2025-08-18,17,3,SKU0001,4,4100,0.1,14760.0
6739,1908,2025-08-18,17,3,SKU0012,5,2250,0.0,11250.0
6740,1909,2025-03-23,36,4,SKU0040,3,5850,0.0,17550.0
6741,1909,2025-03-23,36,4,SKU0003,2,2400,0.05,4560.0
6742,1909,2025-03-23,36,4,SKU0014,3,6150,0.05,17527.5
6743,1909,2025-03-23,36,4,SKU0020,4,2500,0.0,10000.0
6744,1909,2025-03-23,36,4,SKU0041,4,9700,0.0,38800.0
6745,1910,2024-06-23,16,1,SKU0001,3,3800,0.0,11400.0
6746,1910,2024-06-23,16,1,SKU0039,4,13100,0.1,47160.0
6747,1910,2024-06-23,16,1,SKU0014,3,5700,0.0,17100.0
6748,1911,2024-12-26,41,1,SKU0010,1,8600,0.0,8600.0
6749,1911,2024-12-26,41,1,SKU0016,1,3700,0.0,3700.0
6750,1911,2024-12-26,41,1,SKU0028,5,2900,0.1,13050.0
6751,1911,2024-12-26,41,1,SKU0035,2,14900,0.0,29800.0
6752,1911,2024-12-26,41,1,SKU0033,2,3100,0.0,6200.0
6753,1912,2025-02-14,4,3,SKU0016,2,4000,0.0,8000.0
6754,1913,2026-03-23,25,1,SKU0035,3,17300,0.0,51900.0
6755,1914,2025-06-06,10,1,SKU0016,5,4000,0.1,18000.0
6756,1915,2025-10-27,36,2,SKU0016,5,4000,0.1,18000.0
6757,1915,2025-10-27,36,2,SKU0012,2,2250,0.1,4050.0
6758,1915,2025-10-27,36,2,SKU0003,1,2400,0.15,2040.0
6759,1916,2025-11-22,44,4,SKU0008,2,4200,0.05,7980.0
6760,1916,2025-11-22,44,4,SKU0041,5,9700,0.1,43650.0
6761,1916,2025-11-22,44,4,SKU0027,1,9300,0.1,8370.0
6762,1916,2025-11-22,44,4,SKU0015,4,5400,0.0,21600.0
6763,1916,2025-11-22,44,4,SKU0001,4,4100,0.05,15580.0
6764,1917,2024-10-17,1,4,SKU0033,2,3100,0.0,6200.0
6765,1917,2024-10-17,1,4,SKU0038,1,8300,0.0,8300.0
6766,1917,2024-10-17,1,4,SKU0020,3,2300,0.0,6900.0
6767,1917,2024-10-17,1,4,SKU0032,1,3100,0.0,3100.0
6768,1917,2024-10-17,1,4,SKU0028,1,2900,0.15,2465.0
6769,1917,2024-10-17,1,4,SKU0031,1,3200,0.0,3200.0
6770,1918,2026-03-14,1,4,SKU0028,2,3350,0.0,6700.0
6771,1919,2026-07-06,36,3,SKU0042,5,11600,0.15,49300.0
6772,1920,2025-10-15,39,3,SKU0012,2,2250,0.0,4500.0
6773,1921,2025-05-30,1,5,SKU0006,1,2500,0.05,2375.0
6774,1921,2025-05-30,1,5,SKU0008,3,4200,0.15,10710.0
6775,1921,2025-05-30,1,5,SKU0038,3,8950,0.0,26850.0
6776,1922,2024-07-10,17,3,SKU0039,4,13100,0.0,52400.0
6777,1922,2024-07-10,17,3,SKU0031,3,3200,0.0,9600.0
6778,1922,2024-07-10,17,3,SKU0010,1,8600,0.05,8170.0
6779,1922,2024-07-10,17,3,SKU0040,2,5400,0.0,10800.0
6780,1923,2026-02-19,28,4,SKU0016,4,4300,0.0,17200.0
6781,1924,2024-07-11,47,1,SKU0033,5,3100,0.0,15500.0
6782,1924,2024-07-11,47,1,SKU0042,4,10000,0.0,40000.0
6783,1924,2024-07-11,47,1,SKU0027,2,8600,0.1,15480.0
6784,1924,2024-07-11,47,1,SKU0010,4,8600,0.15,29240.0
6785,1924,2024-07-11,47,1,SKU0028,4,2900,0.15,9860.0
6786,1924,2024-07-11,47,1,SKU0016,4,3700,0.05,14060.0
6787,1925,2025-12-19,15,1,SKU0024,4,2500,0.0,10000.0
6788,1925,2025-12-19,15,1,SKU0032,2,3350,0.05,6365.0
6789,1925,2025-12-19,15,1,SKU0014,5,6150,0.0,30750.0
6790,1926,2025-05-28,48,3,SKU0011,2,4650,0.0,9300.0
6791,1927,2026-05-29,44,3,SKU0025,2,8000,0.0,16000.0
6792,1927,2026-05-29,44,3,SKU0005,4,9050,0.0,36200.0
6793,1927,2026-05-29,44,3,SKU0020,2,2650,0.0,5300.0
6794,1927,2026-05-29,44,3,SKU0040,3,6250,0.1,16875.0
6795,1927,2026-05-29,44,3,SKU0026,1,6400,0.0,6400.0
6796,1927,2026-05-29,44,3,SKU0042,4,11600,0.0,46400.0
6797,1928,2025-07-15,50,1,SKU0020,5,2500,0.0,12500.0
6798,1928,2025-07-15,50,1,SKU0012,1,2250,0.05,2137.5
6799,1928,2025-07-15,50,1,SKU0007,4,5400,0.05,20520.0
6800,1928,2025-07-15,50,1,SKU0024,4,2500,0.0,10000.0
6801,1928,2025-07-15,50,1,SKU0041,4,9700,0.0,38800.0
6802,1928,2025-07-15,50,1,SKU0019,4,2800,0.0,11200.0
6803,1929,2025-10-15,17,4,SKU0025,4,7450,0.05,28310.0
6804,1929,2025-10-15,17,4,SKU0035,5,16100,0.0,80500.0
6805,1929,2025-10-15,17,4,SKU0037,1,16500,0.0,16500.0
6806,1930,2024-03-11,25,5,SKU0015,2,5000,0.0,10000.0
6807,1930,2024-03-11,25,5,SKU0001,5,3800,0.1,17100.0
6808,1930,2024-03-11,25,5,SKU0002,2,4300,0.0,8600.0
6809,1930,2024-03-11,25,5,SKU0018,2,4000,0.1,7200.0
6810,1930,2024-03-11,25,5,SKU0035,1,14900,0.15,12665.0
6811,1931,2024-02-10,23,5,SKU0010,1,8600,0.1,7740.0
6812,1931,2024-02-10,23,5,SKU0039,2,13100,0.0,26200.0
6813,1932,2026-04-03,4,4,SKU0039,1,15200,0.0,15200.0
6814,1932,2026-04-03,4,4,SKU0015,3,5800,0.0,17400.0
6815,1932,2026-04-03,4,4,SKU0018,4,4650,0.1,16740.0
6816,1933,2026-06-19,44,2,SKU0007,2,5800,0.05,11020.0
6817,1933,2026-06-19,44,2,SKU0006,2,2650,0.0,5300.0
6818,1933,2026-06-19,44,2,SKU0035,4,17300,0.0,69200.0
6819,1933,2026-06-19,44,2,SKU0029,5,7200,0.0,36000.0
6820,1933,2026-06-19,44,2,SKU0011,1,5000,0.0,5000.0
6821,1934,2025-11-08,35,1,SKU0038,4,8950,0.0,35800.0
6822,1934,2025-11-08,35,1,SKU0026,4,5950,0.05,22610.0
6823,1934,2025-11-08,35,1,SKU0042,5,10800,0.1,48600.0
6824,1934,2025-11-08,35,1,SKU0004,5,9700,0.1,43650.0
6825,1935,2026-01-23,17,5,SKU0019,5,3000,0.05,14250.0
6826,1935,2026-01-23,17,5,SKU0038,1,9650,0.0,9650.0
6827,1935,2026-01-23,17,5,SKU0040,2,6250,0.15,10625.0
6828,1935,2026-01-23,17,5,SKU0029,2,7200,0.0,14400.0
6829,1936,2025-03-18,32,1,SKU0018,5,4300,0.15,18275.0
6830,1937,2026-03-31,27,3,SKU0023,5,14950,0.05,71012.5
6831,1937,2026-03-31,27,3,SKU0034,1,3500,0.0,3500.0
6832,1937,2026-03-31,27,3,SKU0007,4,5800,0.0,23200.0
6833,1937,2026-03-31,27,3,SKU0036,4,23100,0.0,92400.0
6834,1938,2024-09-18,41,3,SKU0016,1,3700,0.0,3700.0
6835,1938,2024-09-18,41,3,SKU0007,5,5000,0.0,25000.0
6836,1938,2024-09-18,41,3,SKU0027,3,8600,0.15,21930.0
6837,1938,2024-09-18,41,3,SKU0013,3,4500,0.0,13500.0
6838,1939,2025-12-09,12,4,SKU0027,5,9300,0.0,46500.0
6839,1940,2024-01-11,39,4,SKU0032,5,3100,0.0,15500.0
6840,1940,2024-01-11,39,4,SKU0036,1,19900,0.05,18905.0
6841,1941,2025-06-12,14,5,SKU0038,2,8950,0.1,16110.0
6842,1941,2025-06-12,14,5,SKU0042,1,10800,0.0,10800.0
6843,1941,2025-06-12,14,5,SKU0041,2,9700,0.1,17460.0
6844,1941,2025-06-12,14,5,SKU0004,1,9700,0.0,9700.0
6845,1941,2025-06-12,14,5,SKU0026,1,5950,0.0,5950.0
6846,1941,2025-06-12,14,5,SKU0034,4,3250,0.0,13000.0
6847,1942,2025-02-07,13,2,SKU0025,2,7450,0.15,12665.0
6848,1943,2025-09-23,45,2,SKU0008,5,4200,0.15,17850.0
6849,1943,2025-09-23,45,2,SKU0016,5,4000,0.0,20000.0
6850,1943,2025-09-23,45,2,SKU0005,3,8400,0.05,23940.0
6851,1943,2025-09-23,45,2,SKU0031,1,3450,0.15,2932.5
6852,1944,2025-11-06,3,3,SKU0039,3,14150,0.0,42450.0
6853,1944,2025-11-06,3,3,SKU0004,5,9700,0.15,41225.0
6854,1944,2025-11-06,3,3,SKU0016,3,4000,0.05,11400.0
6855,1944,2025-11-06,3,3,SKU0031,2,3450,0.0,6900.0
6856,1944,2025-11-06,3,3,SKU0011,4,4650,0.15,15810.0
6857,1944,2025-11-06,3,3,SKU0023,2,13950,0.1,25110.0
6858,1945,2025-09-22,39,5,SKU0008,5,4200,0.1,18900.0
6859,1945,2025-09-22,39,5,SKU0010,2,9300,0.0,18600.0
6860,1945,2025-09-22,39,5,SKU0031,3,3450,0.15,8797.5
6861,1945,2025-09-22,39,5,SKU0018,3,4300,0.0,12900.0
6862,1945,2025-09-22,39,5,SKU0014,4,6150,0.15,20910.0
6863,1946,2025-05-23,18,1,SKU0012,3,2250,0.15,5737.5
6864,1946,2025-05-23,18,1,SKU0021,4,4100,0.15,13940.0
6865,1946,2025-05-23,18,1,SKU0036,4,21500,0.0,86000.0
6866,1946,2025-05-23,18,1,SKU0005,1,8400,0.15,7140.0
6867,1946,2025-05-23,18,1,SKU0041,2,9700,0.1,17460.0
6868,1947,2025-05-27,13,4,SKU0008,5,4200,0.0,21000.0
6869,1948,2024-01-08,15,5,SKU0017,3,13000,0.0,39000.0
6870,1948,2024-01-08,15,5,SKU0023,2,12900,0.0,25800.0
6871,1948,2024-01-08,15,5,SKU0007,3,5000,0.0,15000.0
6872,1948,2024-01-08,15,5,SKU0014,2,5700,0.15,9690.0
6873,1948,2024-01-08,15,5,SKU0036,1,19900,0.05,18905.0
6874,1949,2025-07-23,16,1,SKU0039,5,14150,0.0,70750.0
6875,1949,2025-07-23,16,1,SKU0026,5,5950,0.0,29750.0
6876,1949,2025-07-23,16,1,SKU0034,3,3250,0.0,9750.0
6877,1949,2025-07-23,16,1,SKU0022,5,2800,0.05,13300.0
6878,1950,2024-01-15,30,2,SKU0018,4,4000,0.0,16000.0
6879,1950,2024-01-15,30,2,SKU0003,2,2200,0.0,4400.0
6880,1950,2024-01-15,30,2,SKU0036,1,19900,0.0,19900.0
6881,1950,2024-01-15,30,2,SKU0039,4,13100,0.05,49780.0
6882,1950,2024-01-15,30,2,SKU0012,1,2100,0.0,2100.0
6883,1950,2024-01-15,30,2,SKU0007,2,5000,0.0,10000.0
6884,1951,2025-07-03,40,4,SKU0028,1,3150,0.0,3150.0
6885,1951,2025-07-03,40,4,SKU0029,2,6700,0.0,13400.0
6886,1952,2024-11-04,31,2,SKU0019,2,2600,0.1,4680.0
6887,1952,2024-11-04,31,2,SKU0001,3,3800,0.0,11400.0
6888,1952,2024-11-04,31,2,SKU0012,5,2100,0.05,9975.0
6889,1952,2024-11-04,31,2,SKU0020,2,2300,0.15,3910.0
6890,1952,2024-11-04,31,2,SKU0009,1,3400,0.0,3400.0
6891,1952,2024-11-04,31,2,SKU0011,2,4300,0.0,8600.0
6892,1953,2026-07-14,47,2,SKU0021,5,4400,0.0,22000.0
6893,1953,2026-07-14,47,2,SKU0020,3,2650,0.0,7950.0
6894,1953,2026-07-14,47,2,SKU0001,3,4400,0.0,13200.0
6895,1953,2026-07-14,47,2,SKU0007,3,5800,0.15,14790.0
6896,1954,2024-01-21,36,3,SKU0002,3,4300,0.0,12900.0
6897,1954,2024-01-21,36,3,SKU0011,3,4300,0.0,12900.0
6898,1955,2026-03-07,45,5,SKU0029,1,7200,0.0,7200.0
6899,1955,2026-03-07,45,5,SKU0027,5,10000,0.0,50000.0
6900,1955,2026-03-07,45,5,SKU0023,1,14950,0.0,14950.0
6901,1956,2025-11-13,27,3,SKU0040,5,5850,0.0,29250.0
6902,1957,2026-03-01,7,3,SKU0023,5,14950,0.1,67275.0
6903,1957,2026-03-01,7,3,SKU0013,1,5200,0.0,5200.0
6904,1957,2026-03-01,7,3,SKU0040,4,6250,0.0,25000.0
6905,1957,2026-03-01,7,3,SKU0035,3,17300,0.0,51900.0
6906,1958,2026-05-23,41,2,SKU0021,5,4400,0.0,22000.0
6907,1958,2026-05-23,41,2,SKU0006,5,2650,0.15,11262.5
6908,1958,2026-05-23,41,2,SKU0041,2,10450,0.0,20900.0
6909,1959,2024-05-05,5,1,SKU0042,2,10000,0.0,20000.0
6910,1960,2024-04-23,25,3,SKU0018,2,4000,0.0,8000.0
6911,1960,2024-04-23,25,3,SKU0012,4,2100,0.0,8400.0
6912,1960,2024-04-23,25,3,SKU0037,4,15300,0.0,61200.0
6913,1960,2024-04-23,25,3,SKU0038,5,8300,0.1,37350.0
6914,1960,2024-04-23,25,3,SKU0003,4,2200,0.05,8360.0
6915,1961,2024-06-19,12,2,SKU0023,5,12900,0.0,64500.0
6916,1961,2024-06-19,12,2,SKU0015,1,5000,0.15,4250.0
6917,1961,2024-06-19,12,2,SKU0035,1,14900,0.1,13410.0
6918,1961,2024-06-19,12,2,SKU0025,5,6900,0.15,29325.0
6919,1961,2024-06-19,12,2,SKU0006,2,2300,0.05,4370.0
6920,1962,2024-08-05,44,1,SKU0015,2,5000,0.0,10000.0
6921,1962,2024-08-05,44,1,SKU0020,1,2300,0.0,2300.0
6922,1962,2024-08-05,44,1,SKU0009,4,3400,0.1,12240.0
6923,1962,2024-08-05,44,1,SKU0018,2,4000,0.05,7600.0
6924,1962,2024-08-05,44,1,SKU0042,2,10000,0.0,20000.0
6925,1963,2025-07-01,27,2,SKU0020,5,2500,0.05,11875.0
6926,1963,2025-07-01,27,2,SKU0034,2,3250,0.0,6500.0
6927,1964,2026-03-09,17,2,SKU0024,4,2650,0.05,10070.0
6928,1964,2026-03-09,17,2,SKU0007,3,5800,0.1,15660.0
6929,1964,2026-03-09,17,2,SKU0034,1,3500,0.05,3325.0
6930,1964,2026-03-09,17,2,SKU0025,4,8000,0.15,27200.0
6931,1965,2024-10-28,24,3,SKU0019,5,2600,0.0,13000.0
6932,1965,2024-10-28,24,3,SKU0016,4,3700,0.05,14060.0
6933,1966,2025-03-04,9,5,SKU0022,3,2800,0.0,8400.0
6934,1966,2025-03-04,9,5,SKU0002,3,4650,0.15,11857.5
6935,1966,2025-03-04,9,5,SKU0029,1,6700,0.05,6365.0
6936,1967,2025-02-07,23,2,SKU0041,3,9700,0.0,29100.0
6937,1967,2025-02-07,23,2,SKU0034,1,3250,0.0,3250.0
6938,1967,2025-02-07,23,2,SKU0040,5,5850,0.0,29250.0
6939,1967,2025-02-07,23,2,SKU0024,5,2500,0.15,10625.0
6940,1967,2025-02-07,23,2,SKU0039,4,14150,0.0,56600.0
6941,1968,2025-03-12,21,2,SKU0039,4,14150,0.0,56600.0
6942,1968,2025-03-12,21,2,SKU0007,1,5400,0.0,5400.0
6943,1968,2025-03-12,21,2,SKU0031,4,3450,0.0,13800.0
6944,1969,2025-08-05,36,5,SKU0001,5,4100,0.15,17425.0
6945,1969,2025-08-05,36,5,SKU0003,5,2400,0.0,12000.0
6946,1970,2026-07-24,18,2,SKU0033,5,3600,0.1,16200.0
6947,1970,2026-07-24,18,2,SKU0030,4,4050,0.1,14580.0
6948,1970,2026-07-24,18,2,SKU0014,4,6600,0.05,25080.0
6949,1970,2026-07-24,18,2,SKU0018,4,4650,0.0,18600.0
6950,1970,2026-07-24,18,2,SKU0019,4,3000,0.05,11400.0
6951,1971,2024-09-12,35,5,SKU0017,4,13000,0.1,46800.0
6952,1971,2024-09-12,35,5,SKU0030,1,3500,0.15,2975.0
6953,1971,2024-09-12,35,5,SKU0002,4,4300,0.05,16340.0
6954,1971,2024-09-12,35,5,SKU0027,1,8600,0.0,8600.0
6955,1971,2024-09-12,35,5,SKU0007,3,5000,0.05,14250.0
6956,1972,2025-11-21,29,1,SKU0002,2,4650,0.15,7905.0
6957,1973,2026-04-04,34,3,SKU0029,4,7200,0.0,28800.0
6958,1973,2026-04-04,34,3,SKU0007,3,5800,0.0,17400.0
6959,1973,2026-04-04,34,3,SKU0022,3,3000,0.0,9000.0
6960,1973,2026-04-04,34,3,SKU0026,5,6400,0.1,28800.0
6961,1973,2026-04-04,34,3,SKU0031,5,3700,0.0,18500.0
6962,1973,2026-04-04,34,3,SKU0023,1,14950,0.1,13455.0
6963,1974,2025-10-26,7,4,SKU0019,2,2800,0.0,5600.0
6964,1974,2025-10-26,7,4,SKU0017,2,14050,0.0,28100.0
6965,1974,2025-10-26,7,4,SKU0037,5,16500,0.1,74250.0
6966,1974,2025-10-26,7,4,SKU0012,4,2250,0.05,8550.0
6967,1975,2026-04-12,34,3,SKU0018,3,4650,0.15,11857.5
6968,1976,2026-01-19,2,3,SKU0027,3,10000,0.0,30000.0
6969,1976,2026-01-19,2,3,SKU0037,1,17750,0.0,17750.0
6970,1976,2026-01-19,2,3,SKU0015,3,5800,0.0,17400.0
6971,1976,2026-01-19,2,3,SKU0032,5,3600,0.0,18000.0
6972,1977,2024-04-20,5,4,SKU0035,3,14900,0.0,44700.0
6973,1977,2024-04-20,5,4,SKU0038,2,8300,0.0,16600.0
6974,1977,2024-04-20,5,4,SKU0011,1,4300,0.15,3655.0
6975,1977,2024-04-20,5,4,SKU0022,2,2600,0.05,4940.0
6976,1977,2024-04-20,5,4,SKU0029,3,6200,0.15,15810.0
6977,1977,2024-04-20,5,4,SKU0008,4,3900,0.0,15600.0
6978,1978,2025-02-13,48,2,SKU0020,4,2500,0.15,8500.0
6979,1978,2025-02-13,48,2,SKU0033,2,3350,0.05,6365.0
6980,1978,2025-02-13,48,2,SKU0005,3,8400,0.05,23940.0
6981,1978,2025-02-13,48,2,SKU0041,2,9700,0.15,16490.0
6982,1979,2025-07-24,48,4,SKU0004,3,9700,0.0,29100.0
6983,1979,2025-07-24,48,4,SKU0025,1,7450,0.1,6705.0
6984,1979,2025-07-24,48,4,SKU0013,1,4850,0.0,4850.0
6985,1979,2025-07-24,48,4,SKU0021,1,4100,0.15,3485.0
6986,1979,2025-07-24,48,4,SKU0033,2,3350,0.0,6700.0
6987,1980,2024-03-08,36,5,SKU0039,2,13100,0.0,26200.0
6988,1980,2024-03-08,36,5,SKU0022,3,2600,0.1,7020.0
6989,1980,2024-03-08,36,5,SKU0006,5,2300,0.15,9775.0
6990,1980,2024-03-08,36,5,SKU0040,3,5400,0.0,16200.0
6991,1981,2024-01-12,46,4,SKU0023,1,12900,0.0,12900.0
6992,1981,2024-01-12,46,4,SKU0034,4,3000,0.0,12000.0
6993,1981,2024-01-12,46,4,SKU0025,4,6900,0.0,27600.0
6994,1981,2024-01-12,46,4,SKU0031,1,3200,0.0,3200.0
6995,1982,2024-07-13,48,4,SKU0017,3,13000,0.0,39000.0
6996,1982,2024-07-13,48,4,SKU0020,5,2300,0.0,11500.0
6997,1983,2025-06-07,26,5,SKU0025,1,7450,0.1,6705.0
6998,1983,2025-06-07,26,5,SKU0016,2,4000,0.0,8000.0
6999,1983,2025-06-07,26,5,SKU0015,2,5400,0.0,10800.0
7000,1983,2025-06-07,26,5,SKU0007,4,5400,0.1,19440.0
7001,1983,2025-06-07,26,5,SKU0035,4,16100,0.0,64400.0
7002,1984,2025-04-08,31,1,SKU0015,3,5400,0.15,13770.0
7003,1984,2025-04-08,31,1,SKU0008,3,4200,0.0,12600.0
7004,1984,2025-04-08,31,1,SKU0029,4,6700,0.0,26800.0
7005,1984,2025-04-08,31,1,SKU0020,2,2500,0.1,4500.0
7006,1985,2026-02-10,27,2,SKU0016,3,4300,0.1,11610.0
7007,1985,2026-02-10,27,2,SKU0026,1,6400,0.05,6080.0
7008,1985,2026-02-10,27,2,SKU0029,5,7200,0.05,34200.0
7009,1985,2026-02-10,27,2,SKU0035,5,17300,0.0,86500.0
7010,1986,2025-08-05,32,3,SKU0024,2,2500,0.0,5000.0
7011,1986,2025-08-05,32,3,SKU0040,5,5850,0.1,26325.0
7012,1986,2025-08-05,32,3,SKU0018,3,4300,0.0,12900.0
7013,1986,2025-08-05,32,3,SKU0019,5,2800,0.0,14000.0
7014,1987,2026-04-12,13,4,SKU0030,4,4050,0.0,16200.0
7015,1987,2026-04-12,13,4,SKU0017,5,15100,0.0,75500.0
7016,1987,2026-04-12,13,4,SKU0002,3,5000,0.0,15000.0
7017,1987,2026-04-12,13,4,SKU0016,3,4300,0.15,10965.0
7018,1987,2026-04-12,13,4,SKU0031,2,3700,0.0,7400.0
7019,1987,2026-04-12,13,4,SKU0025,4,8000,0.0,32000.0
7020,1988,2024-04-22,30,3,SKU0020,5,2300,0.0,11500.0
7021,1989,2025-07-02,23,2,SKU0006,4,2500,0.15,8500.0
7022,1989,2025-07-02,23,2,SKU0005,2,8400,0.1,15120.0
7023,1989,2025-07-02,23,2,SKU0021,2,4100,0.0,8200.0
7024,1990,2024-02-21,40,5,SKU0003,1,2200,0.05,2090.0
7025,1991,2024-08-27,18,1,SKU0024,2,2300,0.0,4600.0
7026,1991,2024-08-27,18,1,SKU0026,3,5500,0.1,14850.0
7027,1991,2024-08-27,18,1,SKU0023,3,12900,0.0,38700.0
7028,1991,2024-08-27,18,1,SKU0033,2,3100,0.05,5890.0
7029,1992,2026-04-20,22,4,SKU0016,2,4300,0.15,7310.0
7030,1992,2026-04-20,22,4,SKU0022,2,3000,0.0,6000.0
7031,1992,2026-04-20,22,4,SKU0012,4,2450,0.0,9800.0
7032,1993,2026-05-06,41,1,SKU0017,4,15100,0.0,60400.0
7033,1994,2025-05-16,37,1,SKU0004,2,9700,0.15,16490.0
7034,1995,2024-02-26,20,5,SKU0024,5,2300,0.1,10350.0
7035,1995,2024-02-26,20,5,SKU0027,4,8600,0.15,29240.0
7036,1995,2024-02-26,20,5,SKU0005,3,7800,0.0,23400.0
7037,1995,2024-02-26,20,5,SKU0006,1,2300,0.05,2185.0
7038,1995,2024-02-26,20,5,SKU0033,1,3100,0.1,2790.0
7039,1995,2024-02-26,20,5,SKU0037,3,15300,0.05,43605.0
7040,1996,2024-03-29,14,4,SKU0026,3,5500,0.1,14850.0
7041,1996,2024-03-29,14,4,SKU0028,3,2900,0.0,8700.0
7042,1996,2024-03-29,14,4,SKU0005,4,7800,0.0,31200.0
7043,1997,2026-06-04,6,5,SKU0042,4,11600,0.1,41760.0
7044,1997,2026-06-04,6,5,SKU0027,5,10000,0.0,50000.0
7045,1997,2026-06-04,6,5,SKU0033,4,3600,0.1,12960.0
7046,1997,2026-06-04,6,5,SKU0032,4,3600,0.05,13680.0
7047,1997,2026-06-04,6,5,SKU0001,2,4400,0.1,7920.0
7048,1997,2026-06-04,6,5,SKU0018,5,4650,0.0,23250.0
7049,1998,2026-05-15,48,3,SKU0009,1,3950,0.05,3752.5
7050,1998,2026-05-15,48,3,SKU0024,5,2650,0.0,13250.0
7051,1998,2026-05-15,48,3,SKU0026,3,6400,0.1,17280.0
7052,1998,2026-05-15,48,3,SKU0022,2,3000,0.1,5400.0
7053,1998,2026-05-15,48,3,SKU0038,2,9650,0.1,17370.0
7054,1998,2026-05-15,48,3,SKU0041,2,10450,0.0,20900.0
7055,1999,2025-08-03,47,2,SKU0012,3,2250,0.0,6750.0
7056,1999,2025-08-03,47,2,SKU0032,4,3350,0.1,12060.0
7057,1999,2025-08-03,47,2,SKU0028,2,3150,0.05,5985.0
7058,1999,2025-08-03,47,2,SKU0019,5,2800,0.0,14000.0
7059,1999,2025-08-03,47,2,SKU0002,2,4650,0.0,9300.0
7060,2000,2024-02-09,5,3,SKU0023,1,12900,0.0,12900.0
7061,2001,2026-06-07,6,5,SKU0025,3,8000,0.0,24000.0
7062,2001,2026-06-07,6,5,SKU0003,2,2550,0.0,5100.0
7063,2001,2026-06-07,6,5,SKU0020,5,2650,0.05,12587.5
7064,2001,2026-06-07,6,5,SKU0032,1,3600,0.0,3600.0
7065,2002,2024-12-13,30,5,SKU0011,3,4300,0.15,10965.0
7066,2002,2024-12-13,30,5,SKU0017,3,13000,0.15,33150.0
7067,2002,2024-12-13,30,5,SKU0030,2,3500,0.0,7000.0
7068,2003,2026-07-02,13,3,SKU0017,2,15100,0.15,25670.0
7069,2003,2026-07-02,13,3,SKU0019,5,3000,0.0,15000.0
7070,2003,2026-07-02,13,3,SKU0007,2,5800,0.15,9860.0
7071,2003,2026-07-02,13,3,SKU0002,3,5000,0.0,15000.0
7072,2003,2026-07-02,13,3,SKU0011,5,5000,0.1,22500.0
7073,2004,2025-08-25,44,4,SKU0020,2,2500,0.0,5000.0
7074,2004,2025-08-25,44,4,SKU0032,2,3350,0.0,6700.0
7075,2004,2025-08-25,44,4,SKU0031,1,3450,0.05,3277.5
7076,2004,2025-08-25,44,4,SKU0007,2,5400,0.0,10800.0
7077,2005,2026-01-13,10,3,SKU0024,5,2650,0.15,11262.5
7078,2005,2026-01-13,10,3,SKU0013,1,5200,0.0,5200.0
7079,2005,2026-01-13,10,3,SKU0018,2,4650,0.05,8835.0
7080,2005,2026-01-13,10,3,SKU0027,5,10000,0.15,42500.0
7081,2005,2026-01-13,10,3,SKU0021,5,4400,0.0,22000.0
7082,2006,2025-12-13,41,2,SKU0008,5,4200,0.15,17850.0
7083,2006,2025-12-13,41,2,SKU0032,5,3350,0.0,16750.0
7084,2006,2025-12-13,41,2,SKU0036,5,21500,0.05,102125.0
7085,2006,2025-12-13,41,2,SKU0039,3,14150,0.1,38205.0
7086,2006,2025-12-13,41,2,SKU0021,1,4100,0.0,4100.0
7087,2006,2025-12-13,41,2,SKU0022,5,2800,0.0,14000.0
7088,2007,2025-03-05,22,3,SKU0008,2,4200,0.0,8400.0
7089,2007,2025-03-05,22,3,SKU0025,5,7450,0.0,37250.0
7090,2007,2025-03-05,22,3,SKU0030,1,3800,0.05,3610.0
7091,2007,2025-03-05,22,3,SKU0023,2,13950,0.0,27900.0
7092,2007,2025-03-05,22,3,SKU0040,5,5850,0.15,24862.5
7093,2008,2024-04-01,37,1,SKU0003,3,2200,0.15,5610.0
7094,2008,2024-04-01,37,1,SKU0004,4,9000,0.0,36000.0
7095,2008,2024-04-01,37,1,SKU0013,3,4500,0.0,13500.0
7096,2008,2024-04-01,37,1,SKU0035,5,14900,0.15,63325.0
7097,2008,2024-04-01,37,1,SKU0005,2,7800,0.0,15600.0
7098,2009,2024-07-04,11,1,SKU0039,5,13100,0.1,58950.0
7099,2009,2024-07-04,11,1,SKU0024,1,2300,0.0,2300.0
7100,2009,2024-07-04,11,1,SKU0037,1,15300,0.05,14535.0
7101,2009,2024-07-04,11,1,SKU0030,3,3500,0.0,10500.0
7102,2009,2024-07-04,11,1,SKU0016,4,3700,0.0,14800.0
7103,2009,2024-07-04,11,1,SKU0004,3,9000,0.0,27000.0
7104,2010,2024-09-29,6,3,SKU0026,3,5500,0.0,16500.0
7105,2010,2024-09-29,6,3,SKU0006,2,2300,0.15,3910.0
7106,2010,2024-09-29,6,3,SKU0013,1,4500,0.0,4500.0
7107,2010,2024-09-29,6,3,SKU0016,3,3700,0.0,11100.0
7108,2010,2024-09-29,6,3,SKU0041,1,9000,0.0,9000.0
7109,2010,2024-09-29,6,3,SKU0022,1,2600,0.15,2210.0
7110,2011,2026-03-24,20,3,SKU0029,4,7200,0.05,27360.0
7111,2012,2025-02-24,6,1,SKU0040,4,5850,0.0,23400.0
7112,2013,2026-05-13,40,5,SKU0021,4,4400,0.0,17600.0
7113,2013,2026-05-13,40,5,SKU0030,3,4050,0.0,12150.0
7114,2013,2026-05-13,40,5,SKU0027,3,10000,0.0,30000.0
7115,2014,2024-12-28,36,2,SKU0038,5,8300,0.0,41500.0
7116,2014,2024-12-28,36,2,SKU0007,3,5000,0.0,15000.0
7117,2014,2024-12-28,36,2,SKU0010,1,8600,0.0,8600.0
7118,2014,2024-12-28,36,2,SKU0027,3,8600,0.1,23220.0
7119,2014,2024-12-28,36,2,SKU0040,1,5400,0.05,5130.0
7120,2015,2026-01-16,47,1,SKU0027,1,10000,0.1,9000.0
7121,2016,2024-06-09,48,4,SKU0025,2,6900,0.0,13800.0
7122,2016,2024-06-09,48,4,SKU0040,3,5400,0.0,16200.0
7123,2016,2024-06-09,48,4,SKU0006,1,2300,0.0,2300.0
7124,2016,2024-06-09,48,4,SKU0002,5,4300,0.0,21500.0
7125,2016,2024-06-09,48,4,SKU0004,4,9000,0.15,30600.0
7126,2016,2024-06-09,48,4,SKU0034,5,3000,0.0,15000.0
7127,2017,2026-07-23,10,1,SKU0032,4,3600,0.0,14400.0
7128,2017,2026-07-23,10,1,SKU0023,1,14950,0.05,14202.5
7129,2017,2026-07-23,10,1,SKU0026,2,6400,0.1,11520.0
7130,2017,2026-07-23,10,1,SKU0011,3,5000,0.0,15000.0
7131,2017,2026-07-23,10,1,SKU0025,5,8000,0.15,34000.0
7132,2017,2026-07-23,10,1,SKU0037,1,17750,0.1,15975.0
7133,2018,2025-12-22,1,1,SKU0037,3,16500,0.0,49500.0
7134,2018,2025-12-22,1,1,SKU0015,2,5400,0.15,9180.0
7135,2018,2025-12-22,1,1,SKU0009,2,3650,0.05,6935.0
7136,2019,2025-06-08,41,4,SKU0013,2,4850,0.0,9700.0
7137,2020,2026-07-12,2,1,SKU0030,3,4050,0.15,10327.5
7138,2020,2026-07-12,2,1,SKU0018,2,4650,0.05,8835.0
7139,2020,2026-07-12,2,1,SKU0036,4,23100,0.0,92400.0
7140,2020,2026-07-12,2,1,SKU0022,2,3000,0.05,5700.0
7141,2020,2026-07-12,2,1,SKU0032,3,3600,0.0,10800.0
7142,2020,2026-07-12,2,1,SKU0009,3,3950,0.0,11850.0
7143,2021,2024-03-06,12,1,SKU0033,2,3100,0.1,5580.0
7144,2021,2024-03-06,12,1,SKU0042,5,10000,0.0,50000.0
7145,2021,2024-03-06,12,1,SKU0002,1,4300,0.15,3655.0
7146,2022,2025-04-11,25,1,SKU0036,2,21500,0.0,43000.0
7147,2022,2025-04-11,25,1,SKU0002,1,4650,0.0,4650.0
7148,2022,2025-04-11,25,1,SKU0012,3,2250,0.15,5737.5
7149,2023,2026-03-28,20,4,SKU0029,3,7200,0.0,21600.0
7150,2023,2026-03-28,20,4,SKU0026,5,6400,0.0,32000.0
7151,2023,2026-03-28,20,4,SKU0039,3,15200,0.15,38760.0
7152,2024,2025-01-05,6,5,SKU0038,2,8950,0.0,17900.0
7153,2024,2025-01-05,6,5,SKU0033,1,3350,0.0,3350.0
7154,2024,2025-01-05,6,5,SKU0022,3,2800,0.1,7560.0
7155,2024,2025-01-05,6,5,SKU0028,3,3150,0.0,9450.0
7156,2024,2025-01-05,6,5,SKU0026,2,5950,0.0,11900.0
7157,2024,2025-01-05,6,5,SKU0017,5,14050,0.05,66737.5
7158,2025,2026-01-27,32,5,SKU0033,5,3600,0.05,17100.0
7159,2025,2026-01-27,32,5,SKU0029,2,7200,0.0,14400.0
7160,2025,2026-01-27,32,5,SKU0025,2,8000,0.0,16000.0
7161,2025,2026-01-27,32,5,SKU0023,1,14950,0.0,14950.0
7162,2025,2026-01-27,32,5,SKU0028,2,3350,0.0,6700.0
7163,2026,2026-06-27,38,1,SKU0007,2,5800,0.05,11020.0
7164,2027,2025-03-03,25,1,SKU0031,4,3450,0.0,13800.0
7165,2027,2025-03-03,25,1,SKU0038,5,8950,0.05,42512.5
7166,2027,2025-03-03,25,1,SKU0018,1,4300,0.0,4300.0
7167,2028,2026-01-31,33,1,SKU0022,3,3000,0.15,7650.0
7168,2028,2026-01-31,33,1,SKU0008,5,4500,0.05,21375.0
7169,2029,2024-02-05,49,3,SKU0016,1,3700,0.05,3515.0
7170,2029,2024-02-05,49,3,SKU0036,1,19900,0.0,19900.0
7171,2029,2024-02-05,49,3,SKU0011,4,4300,0.15,14620.0
7172,2029,2024-02-05,49,3,SKU0037,5,15300,0.1,68850.0
7173,2029,2024-02-05,49,3,SKU0019,1,2600,0.0,2600.0
7174,2029,2024-02-05,49,3,SKU0020,2,2300,0.0,4600.0
7175,2030,2024-11-03,29,2,SKU0016,4,3700,0.0,14800.0
7176,2030,2024-11-03,29,2,SKU0038,1,8300,0.15,7055.0
7177,2030,2024-11-03,29,2,SKU0023,5,12900,0.0,64500.0
7178,2030,2024-11-03,29,2,SKU0006,2,2300,0.0,4600.0
7179,2030,2024-11-03,29,2,SKU0027,4,8600,0.0,34400.0
7180,2031,2026-07-26,1,5,SKU0033,5,3600,0.1,16200.0
7181,2031,2026-07-26,1,5,SKU0034,4,3500,0.15,11900.0
7182,2031,2026-07-26,1,5,SKU0026,3,6400,0.0,19200.0
7183,2032,2025-05-30,45,2,SKU0011,2,4650,0.1,8370.0
7184,2032,2025-05-30,45,2,SKU0024,5,2500,0.0,12500.0
7185,2032,2025-05-30,45,2,SKU0035,1,16100,0.05,15295.0
7186,2032,2025-05-30,45,2,SKU0012,2,2250,0.0,4500.0
7187,2032,2025-05-30,45,2,SKU0034,2,3250,0.0,6500.0
7188,2033,2025-01-21,14,1,SKU0033,3,3350,0.1,9045.0
7189,2033,2025-01-21,14,1,SKU0022,4,2800,0.0,11200.0
7190,2033,2025-01-21,14,1,SKU0028,4,3150,0.1,11340.0
7191,2033,2025-01-21,14,1,SKU0035,4,16100,0.05,61180.0
7192,2034,2026-06-16,2,5,SKU0018,4,4650,0.0,18600.0
7193,2034,2026-06-16,2,5,SKU0021,3,4400,0.05,12540.0
7194,2034,2026-06-16,2,5,SKU0036,3,23100,0.15,58905.0
7195,2034,2026-06-16,2,5,SKU0015,5,5800,0.0,29000.0
7196,2035,2025-04-06,22,2,SKU0015,3,5400,0.1,14580.0
7197,2036,2025-11-18,13,1,SKU0021,2,4100,0.05,7790.0
7198,2036,2025-11-18,13,1,SKU0023,5,13950,0.0,69750.0
7199,2036,2025-11-18,13,1,SKU0022,3,2800,0.05,7980.0
7200,2036,2025-11-18,13,1,SKU0039,4,14150,0.0,56600.0
7201,2037,2025-11-01,6,1,SKU0041,4,9700,0.0,38800.0
7202,2037,2025-11-01,6,1,SKU0019,1,2800,0.15,2380.0
7203,2037,2025-11-01,6,1,SKU0034,1,3250,0.15,2762.5
7204,2037,2025-11-01,6,1,SKU0025,5,7450,0.05,35387.5
7205,2037,2025-11-01,6,1,SKU0011,4,4650,0.0,18600.0
7206,2037,2025-11-01,6,1,SKU0028,3,3150,0.0,9450.0
7207,2038,2024-04-11,15,3,SKU0027,4,8600,0.0,34400.0
7208,2038,2024-04-11,15,3,SKU0023,1,12900,0.05,12255.0
7209,2038,2024-04-11,15,3,SKU0021,4,3800,0.0,15200.0
7210,2038,2024-04-11,15,3,SKU0005,5,7800,0.05,37050.0
7211,2038,2024-04-11,15,3,SKU0042,4,10000,0.0,40000.0
7212,2039,2025-09-24,47,1,SKU0037,2,16500,0.0,33000.0
7213,2040,2026-02-22,48,5,SKU0004,4,10450,0.15,35530.0
7214,2040,2026-02-22,48,5,SKU0008,2,4500,0.15,7650.0
7215,2041,2025-12-14,3,1,SKU0021,2,4100,0.0,8200.0
7216,2041,2025-12-14,3,1,SKU0037,5,16500,0.0,82500.0
7217,2041,2025-12-14,3,1,SKU0031,5,3450,0.15,14662.5
7218,2041,2025-12-14,3,1,SKU0010,2,9300,0.0,18600.0
7219,2041,2025-12-14,3,1,SKU0012,5,2250,0.0,11250.0
7220,2041,2025-12-14,3,1,SKU0018,4,4300,0.0,17200.0
7221,2042,2024-04-07,27,5,SKU0037,5,15300,0.15,65025.0
7222,2043,2024-06-25,17,4,SKU0004,2,9000,0.0,18000.0
7223,2043,2024-06-25,17,4,SKU0006,3,2300,0.05,6555.0
7224,2043,2024-06-25,17,4,SKU0033,1,3100,0.0,3100.0
7225,2043,2024-06-25,17,4,SKU0003,3,2200,0.15,5610.0
7226,2043,2024-06-25,17,4,SKU0018,2,4000,0.0,8000.0
7227,2043,2024-06-25,17,4,SKU0001,2,3800,0.0,7600.0
7228,2044,2025-12-13,34,4,SKU0032,3,3350,0.0,10050.0
7229,2044,2025-12-13,34,4,SKU0007,4,5400,0.0,21600.0
7230,2044,2025-12-13,34,4,SKU0023,3,13950,0.0,41850.0
7231,2044,2025-12-13,34,4,SKU0021,5,4100,0.0,20500.0
7232,2045,2025-10-08,26,1,SKU0028,2,3150,0.0,6300.0
7233,2045,2025-10-08,26,1,SKU0032,2,3350,0.0,6700.0
7234,2045,2025-10-08,26,1,SKU0018,3,4300,0.1,11610.0
7235,2045,2025-10-08,26,1,SKU0026,2,5950,0.0,11900.0
7236,2045,2025-10-08,26,1,SKU0041,3,9700,0.05,27645.0
7237,2046,2026-01-02,37,1,SKU0039,2,15200,0.1,27360.0
7238,2047,2024-12-15,34,3,SKU0029,3,6200,0.1,16740.0
7239,2047,2024-12-15,34,3,SKU0041,1,9000,0.0,9000.0
7240,2047,2024-12-15,34,3,SKU0010,1,8600,0.0,8600.0
7241,2047,2024-12-15,34,3,SKU0033,3,3100,0.1,8370.0
7242,2048,2024-05-04,42,2,SKU0016,3,3700,0.05,10545.0
7243,2048,2024-05-04,42,2,SKU0002,2,4300,0.0,8600.0
7244,2048,2024-05-04,42,2,SKU0032,2,3100,0.0,6200.0
7245,2048,2024-05-04,42,2,SKU0030,2,3500,0.0,7000.0
7246,2048,2024-05-04,42,2,SKU0022,3,2600,0.0,7800.0
7247,2049,2024-01-07,39,3,SKU0031,3,3200,0.1,8640.0
7248,2049,2024-01-07,39,3,SKU0042,4,10000,0.0,40000.0
7249,2049,2024-01-07,39,3,SKU0033,4,3100,0.05,11780.0
7250,2049,2024-01-07,39,3,SKU0018,5,4000,0.15,17000.0
7251,2050,2024-12-08,2,4,SKU0006,5,2300,0.05,10925.0
7252,2050,2024-12-08,2,4,SKU0037,1,15300,0.0,15300.0
7253,2050,2024-12-08,2,4,SKU0007,4,5000,0.0,20000.0
7254,2051,2025-01-25,24,1,SKU0037,3,16500,0.0,49500.0
7255,2051,2025-01-25,24,1,SKU0018,3,4300,0.05,12255.0
7256,2052,2024-10-30,50,2,SKU0014,3,5700,0.05,16245.0
7257,2052,2024-10-30,50,2,SKU0007,5,5000,0.0,25000.0
7258,2052,2024-10-30,50,2,SKU0028,5,2900,0.15,12325.0
7259,2053,2024-06-01,44,2,SKU0042,4,10000,0.0,40000.0
7260,2053,2024-06-01,44,2,SKU0022,4,2600,0.0,10400.0
7261,2053,2024-06-01,44,2,SKU0037,4,15300,0.15,52020.0
7262,2053,2024-06-01,44,2,SKU0031,3,3200,0.05,9120.0
7263,2053,2024-06-01,44,2,SKU0018,1,4000,0.0,4000.0
7264,2054,2024-07-31,2,3,SKU0020,2,2300,0.1,4140.0
7265,2054,2024-07-31,2,3,SKU0040,3,5400,0.0,16200.0
7266,2054,2024-07-31,2,3,SKU0017,4,13000,0.05,49400.0
7267,2055,2025-04-22,31,4,SKU0022,4,2800,0.15,9520.0
7268,2056,2025-07-26,37,2,SKU0001,3,4100,0.15,10455.0
7269,2056,2025-07-26,37,2,SKU0038,5,8950,0.15,38037.5
7270,2057,2025-03-14,4,4,SKU0016,2,4000,0.0,8000.0
7271,2057,2025-03-14,4,4,SKU0020,5,2500,0.0,12500.0
7272,2057,2025-03-14,4,4,SKU0008,4,4200,0.0,16800.0
7273,2057,2025-03-14,4,4,SKU0023,1,13950,0.1,12555.0
7274,2058,2024-02-01,4,1,SKU0022,3,2600,0.0,7800.0
7275,2059,2025-01-19,30,2,SKU0040,1,5850,0.15,4972.5
7276,2059,2025-01-19,30,2,SKU0017,3,14050,0.1,37935.0
7277,2059,2025-01-19,30,2,SKU0016,5,4000,0.0,20000.0
7278,2060,2024-04-19,9,2,SKU0024,3,2300,0.0,6900.0
7279,2060,2024-04-19,9,2,SKU0030,3,3500,0.0,10500.0
7280,2060,2024-04-19,9,2,SKU0033,2,3100,0.0,6200.0
7281,2061,2025-09-05,18,4,SKU0007,3,5400,0.1,14580.0
7282,2061,2025-09-05,18,4,SKU0026,3,5950,0.0,17850.0
7283,2061,2025-09-05,18,4,SKU0035,2,16100,0.05,30590.0
7284,2062,2024-12-22,43,3,SKU0016,5,3700,0.0,18500.0
7285,2062,2024-12-22,43,3,SKU0010,3,8600,0.0,25800.0
7286,2063,2025-02-20,36,1,SKU0038,3,8950,0.05,25507.5
7287,2063,2025-02-20,36,1,SKU0023,1,13950,0.1,12555.0
7288,2063,2025-02-20,36,1,SKU0032,4,3350,0.0,13400.0
7289,2063,2025-02-20,36,1,SKU0039,1,14150,0.0,14150.0
7290,2063,2025-02-20,36,1,SKU0020,5,2500,0.15,10625.0
7291,2063,2025-02-20,36,1,SKU0040,3,5850,0.1,15795.0
7292,2064,2024-11-22,41,1,SKU0027,2,8600,0.0,17200.0
7293,2064,2024-11-22,41,1,SKU0011,3,4300,0.0,12900.0
7294,2065,2025-02-22,1,3,SKU0030,1,3800,0.0,3800.0
7295,2066,2024-04-10,26,5,SKU0041,5,9000,0.0,45000.0
7296,2066,2024-04-10,26,5,SKU0007,2,5000,0.0,10000.0
7297,2066,2024-04-10,26,5,SKU0017,1,13000,0.05,12350.0
7298,2066,2024-04-10,26,5,SKU0032,3,3100,0.1,8370.0
7299,2067,2026-05-16,21,5,SKU0003,4,2550,0.0,10200.0
7300,2067,2026-05-16,21,5,SKU0034,3,3500,0.1,9450.0
7301,2067,2026-05-16,21,5,SKU0014,4,6600,0.0,26400.0
7302,2068,2026-05-19,8,4,SKU0013,5,5200,0.15,22100.0
7303,2069,2026-07-15,25,1,SKU0005,4,9050,0.0,36200.0
7304,2070,2025-08-11,40,1,SKU0003,5,2400,0.15,10200.0
7305,2070,2025-08-11,40,1,SKU0007,3,5400,0.05,15390.0
7306,2070,2025-08-11,40,1,SKU0029,1,6700,0.0,6700.0
7307,2070,2025-08-11,40,1,SKU0042,5,10800,0.0,54000.0
7308,2070,2025-08-11,40,1,SKU0025,5,7450,0.0,37250.0
7309,2070,2025-08-11,40,1,SKU0030,5,3800,0.0,19000.0
7310,2071,2024-07-11,21,1,SKU0010,2,8600,0.1,15480.0
7311,2071,2024-07-11,21,1,SKU0008,5,3900,0.15,16575.0
7312,2071,2024-07-11,21,1,SKU0024,5,2300,0.0,11500.0
7313,2071,2024-07-11,21,1,SKU0038,4,8300,0.0,33200.0
7314,2072,2025-02-15,44,2,SKU0013,2,4850,0.0,9700.0
7315,2072,2025-02-15,44,2,SKU0028,3,3150,0.1,8505.0
7316,2072,2025-02-15,44,2,SKU0032,5,3350,0.05,15912.5
7317,2073,2024-06-08,27,1,SKU0004,5,9000,0.0,45000.0
7318,2073,2024-06-08,27,1,SKU0030,3,3500,0.15,8925.0
7319,2073,2024-06-08,27,1,SKU0009,1,3400,0.0,3400.0
7320,2073,2024-06-08,27,1,SKU0035,2,14900,0.15,25330.0
7321,2074,2024-12-01,23,1,SKU0040,1,5400,0.0,5400.0
7322,2074,2024-12-01,23,1,SKU0001,2,3800,0.0,7600.0
7323,2075,2025-06-01,39,4,SKU0011,3,4650,0.05,13252.5
7324,2075,2025-06-01,39,4,SKU0032,2,3350,0.0,6700.0
7325,2075,2025-06-01,39,4,SKU0041,4,9700,0.15,32980.0
7326,2076,2024-03-17,44,2,SKU0031,4,3200,0.15,10880.0
7327,2076,2024-03-17,44,2,SKU0037,1,15300,0.1,13770.0
7328,2076,2024-03-17,44,2,SKU0027,3,8600,0.05,24510.0
7329,2077,2025-04-08,2,2,SKU0001,3,4100,0.05,11685.0
7330,2077,2025-04-08,2,2,SKU0004,2,9700,0.0,19400.0
7331,2077,2025-04-08,2,2,SKU0030,1,3800,0.05,3610.0
7332,2077,2025-04-08,2,2,SKU0015,2,5400,0.15,9180.0
7333,2077,2025-04-08,2,2,SKU0024,3,2500,0.0,7500.0
7334,2077,2025-04-08,2,2,SKU0028,4,3150,0.0,12600.0
7335,2078,2025-03-26,47,4,SKU0017,4,14050,0.0,56200.0
7336,2078,2025-03-26,47,4,SKU0005,5,8400,0.0,42000.0
7337,2078,2025-03-26,47,4,SKU0010,1,9300,0.15,7905.0
7338,2078,2025-03-26,47,4,SKU0033,2,3350,0.1,6030.0
7339,2078,2025-03-26,47,4,SKU0034,2,3250,0.0,6500.0
7340,2079,2025-05-24,11,1,SKU0041,2,9700,0.15,16490.0
7341,2079,2025-05-24,11,1,SKU0011,4,4650,0.0,18600.0
7342,2079,2025-05-24,11,1,SKU0021,1,4100,0.05,3895.0
7343,2080,2024-04-01,32,5,SKU0010,3,8600,0.0,25800.0
7344,2080,2024-04-01,32,5,SKU0022,3,2600,0.1,7020.0
7345,2080,2024-04-01,32,5,SKU0040,3,5400,0.0,16200.0
7346,2080,2024-04-01,32,5,SKU0020,3,2300,0.1,6210.0
7347,2080,2024-04-01,32,5,SKU0026,2,5500,0.0,11000.0
7348,2081,2024-10-11,24,3,SKU0019,5,2600,0.0,13000.0
7349,2081,2024-10-11,24,3,SKU0005,5,7800,0.1,35100.0
7350,2081,2024-10-11,24,3,SKU0008,3,3900,0.0,11700.0
7351,2082,2024-10-05,14,4,SKU0013,2,4500,0.0,9000.0
7352,2082,2024-10-05,14,4,SKU0033,2,3100,0.05,5890.0
7353,2082,2024-10-05,14,4,SKU0002,5,4300,0.0,21500.0
7354,2082,2024-10-05,14,4,SKU0022,5,2600,0.0,13000.0
7355,2083,2025-09-30,29,4,SKU0020,1,2500,0.0,2500.0
7356,2083,2025-09-30,29,4,SKU0007,4,5400,0.1,19440.0
7357,2083,2025-09-30,29,4,SKU0035,2,16100,0.0,32200.0
7358,2083,2025-09-30,29,4,SKU0018,1,4300,0.0,4300.0
7359,2083,2025-09-30,29,4,SKU0032,3,3350,0.1,9045.0
7360,2084,2025-09-01,34,2,SKU0016,3,4000,0.0,12000.0
7361,2084,2025-09-01,34,2,SKU0021,1,4100,0.0,4100.0
7362,2085,2024-08-09,12,4,SKU0035,4,14900,0.0,59600.0
7363,2085,2024-08-09,12,4,SKU0014,2,5700,0.0,11400.0
7364,2086,2024-05-05,33,4,SKU0019,5,2600,0.0,13000.0
7365,2086,2024-05-05,33,4,SKU0030,4,3500,0.1,12600.0
7366,2086,2024-05-05,33,4,SKU0031,4,3200,0.0,12800.0
7367,2086,2024-05-05,33,4,SKU0003,1,2200,0.05,2090.0
7368,2087,2024-12-04,16,4,SKU0010,4,8600,0.0,34400.0
7369,2087,2024-12-04,16,4,SKU0039,4,13100,0.1,47160.0
7370,2087,2024-12-04,16,4,SKU0024,1,2300,0.1,2070.0
7371,2087,2024-12-04,16,4,SKU0001,4,3800,0.0,15200.0
7372,2088,2026-06-22,7,4,SKU0003,5,2550,0.05,12112.5
7373,2088,2026-06-22,7,4,SKU0019,5,3000,0.0,15000.0
7374,2089,2024-12-28,36,1,SKU0020,1,2300,0.0,2300.0
7375,2089,2024-12-28,36,1,SKU0007,2,5000,0.0,10000.0
7376,2089,2024-12-28,36,1,SKU0033,3,3100,0.1,8370.0
7377,2089,2024-12-28,36,1,SKU0025,3,6900,0.15,17595.0
7378,2089,2024-12-28,36,1,SKU0037,4,15300,0.0,61200.0
7379,2089,2024-12-28,36,1,SKU0015,5,5000,0.0,25000.0
7380,2090,2025-09-26,30,3,SKU0038,5,8950,0.0,44750.0
7381,2091,2026-02-28,26,1,SKU0015,4,5800,0.15,19720.0
7382,2091,2026-02-28,26,1,SKU0039,3,15200,0.15,38760.0
7383,2091,2026-02-28,26,1,SKU0002,5,5000,0.0,25000.0
7384,2092,2024-12-26,37,4,SKU0001,5,3800,0.0,19000.0
7385,2092,2024-12-26,37,4,SKU0015,1,5000,0.0,5000.0
7386,2092,2024-12-26,37,4,SKU0020,5,2300,0.0,11500.0
7387,2092,2024-12-26,37,4,SKU0009,3,3400,0.05,9690.0
7388,2092,2024-12-26,37,4,SKU0022,5,2600,0.0,13000.0
7389,2092,2024-12-26,37,4,SKU0008,2,3900,0.0,7800.0
7390,2093,2024-12-31,35,2,SKU0026,1,5500,0.0,5500.0
7391,2093,2024-12-31,35,2,SKU0030,2,3500,0.0,7000.0
7392,2093,2024-12-31,35,2,SKU0001,5,3800,0.0,19000.0
7393,2093,2024-12-31,35,2,SKU0018,4,4000,0.1,14400.0
7394,2093,2024-12-31,35,2,SKU0012,2,2100,0.15,3570.0
7395,2094,2026-03-09,22,2,SKU0001,4,4400,0.05,16720.0
7396,2094,2026-03-09,22,2,SKU0009,1,3950,0.05,3752.5
7397,2094,2026-03-09,22,2,SKU0012,5,2450,0.0,12250.0
7398,2094,2026-03-09,22,2,SKU0008,3,4500,0.15,11475.0
7399,2095,2026-04-13,18,5,SKU0010,5,10000,0.0,50000.0
7400,2096,2026-07-12,13,3,SKU0015,1,5800,0.0,5800.0
7401,2096,2026-07-12,13,3,SKU0033,4,3600,0.0,14400.0
7402,2096,2026-07-12,13,3,SKU0020,4,2650,0.0,10600.0
7403,2096,2026-07-12,13,3,SKU0013,3,5200,0.15,13260.0
7404,2096,2026-07-12,13,3,SKU0040,1,6250,0.0,6250.0
7405,2097,2024-06-05,20,3,SKU0025,3,6900,0.0,20700.0
7406,2097,2024-06-05,20,3,SKU0037,1,15300,0.0,15300.0
7407,2097,2024-06-05,20,3,SKU0014,1,5700,0.0,5700.0
7408,2098,2024-12-18,4,1,SKU0035,2,14900,0.0,29800.0
7409,2098,2024-12-18,4,1,SKU0016,5,3700,0.0,18500.0
7410,2099,2026-06-21,24,5,SKU0038,3,9650,0.15,24607.5
7411,2099,2026-06-21,24,5,SKU0031,5,3700,0.0,18500.0
7412,2099,2026-06-21,24,5,SKU0037,1,17750,0.0,17750.0
7413,2099,2026-06-21,24,5,SKU0042,4,11600,0.0,46400.0
7414,2099,2026-06-21,24,5,SKU0001,4,4400,0.1,15840.0
7415,2099,2026-06-21,24,5,SKU0015,1,5800,0.0,5800.0
7416,2100,2024-08-15,3,3,SKU0033,3,3100,0.0,9300.0
7417,2100,2024-08-15,3,3,SKU0029,2,6200,0.0,12400.0
7418,2100,2024-08-15,3,3,SKU0004,4,9000,0.0,36000.0
7419,2100,2024-08-15,3,3,SKU0037,3,15300,0.0,45900.0
7420,2101,2024-12-13,26,3,SKU0015,2,5000,0.0,10000.0
7421,2101,2024-12-13,26,3,SKU0041,4,9000,0.0,36000.0
7422,2101,2024-12-13,26,3,SKU0036,5,19900,0.0,99500.0
7423,2101,2024-12-13,26,3,SKU0038,1,8300,0.15,7055.0
7424,2101,2024-12-13,26,3,SKU0021,5,3800,0.0,19000.0
7425,2102,2026-07-04,49,4,SKU0030,4,4050,0.0,16200.0
7426,2102,2026-07-04,49,4,SKU0028,2,3350,0.0,6700.0
7427,2102,2026-07-04,49,4,SKU0004,3,10450,0.1,28215.0
7428,2102,2026-07-04,49,4,SKU0001,5,4400,0.15,18700.0
7429,2103,2026-07-07,46,4,SKU0041,2,10450,0.0,20900.0
7430,2103,2026-07-07,46,4,SKU0015,2,5800,0.0,11600.0
7431,2103,2026-07-07,46,4,SKU0006,5,2650,0.15,11262.5
7432,2103,2026-07-07,46,4,SKU0031,4,3700,0.1,13320.0
7433,2103,2026-07-07,46,4,SKU0016,4,4300,0.0,17200.0
7434,2103,2026-07-07,46,4,SKU0003,4,2550,0.0,10200.0
7435,2104,2024-11-22,22,1,SKU0020,5,2300,0.0,11500.0
7436,2105,2025-12-01,35,1,SKU0020,1,2500,0.0,2500.0
7437,2105,2025-12-01,35,1,SKU0029,4,6700,0.0,26800.0
7438,2105,2025-12-01,35,1,SKU0014,3,6150,0.15,15682.5
7439,2105,2025-12-01,35,1,SKU0008,3,4200,0.0,12600.0
7440,2105,2025-12-01,35,1,SKU0035,4,16100,0.0,64400.0
7441,2106,2025-05-30,30,5,SKU0024,1,2500,0.0,2500.0
7442,2106,2025-05-30,30,5,SKU0038,1,8950,0.0,8950.0
7443,2106,2025-05-30,30,5,SKU0020,4,2500,0.05,9500.0
7444,2106,2025-05-30,30,5,SKU0031,4,3450,0.0,13800.0
7445,2106,2025-05-30,30,5,SKU0027,3,9300,0.0,27900.0
7446,2107,2025-08-15,24,3,SKU0023,5,13950,0.15,59287.5
7447,2107,2025-08-15,24,3,SKU0027,4,9300,0.0,37200.0
7448,2107,2025-08-15,24,3,SKU0022,2,2800,0.0,5600.0
7449,2107,2025-08-15,24,3,SKU0030,5,3800,0.0,19000.0
7450,2107,2025-08-15,24,3,SKU0010,3,9300,0.05,26505.0
7451,2107,2025-08-15,24,3,SKU0033,3,3350,0.0,10050.0
7452,2108,2024-10-01,44,1,SKU0038,5,8300,0.05,39425.0
7453,2108,2024-10-01,44,1,SKU0001,3,3800,0.1,10260.0
7454,2109,2025-02-10,25,5,SKU0027,4,9300,0.1,33480.0
7455,2109,2025-02-10,25,5,SKU0001,5,4100,0.1,18450.0
7456,2109,2025-02-10,25,5,SKU0028,5,3150,0.0,15750.0
7457,2110,2026-03-10,42,4,SKU0014,5,6600,0.0,33000.0
7458,2111,2025-02-28,27,5,SKU0003,4,2400,0.05,9120.0
7459,2111,2025-02-28,27,5,SKU0040,3,5850,0.0,17550.0
7460,2111,2025-02-28,27,5,SKU0029,1,6700,0.15,5695.0
7461,2111,2025-02-28,27,5,SKU0030,2,3800,0.05,7220.0
7462,2112,2024-05-12,37,4,SKU0025,4,6900,0.0,27600.0
7463,2112,2024-05-12,37,4,SKU0015,5,5000,0.0,25000.0
7464,2113,2025-08-04,48,4,SKU0006,1,2500,0.0,2500.0
7465,2114,2025-08-30,49,2,SKU0008,5,4200,0.0,21000.0
7466,2114,2025-08-30,49,2,SKU0009,2,3650,0.0,7300.0
7467,2114,2025-08-30,49,2,SKU0036,1,21500,0.0,21500.0
7468,2115,2025-07-18,35,2,SKU0013,2,4850,0.1,8730.0
7469,2115,2025-07-18,35,2,SKU0011,2,4650,0.0,9300.0
7470,2115,2025-07-18,35,2,SKU0015,2,5400,0.0,10800.0
7471,2116,2025-11-19,40,5,SKU0017,4,14050,0.0,56200.0
7472,2116,2025-11-19,40,5,SKU0018,4,4300,0.15,14620.0
7473,2117,2025-07-22,46,1,SKU0037,4,16500,0.05,62700.0
7474,2117,2025-07-22,46,1,SKU0017,3,14050,0.1,37935.0
7475,2117,2025-07-22,46,1,SKU0015,2,5400,0.0,10800.0
7476,2117,2025-07-22,46,1,SKU0001,3,4100,0.0,12300.0
7477,2118,2026-06-25,35,4,SKU0009,1,3950,0.0,3950.0
7478,2118,2026-06-25,35,4,SKU0039,5,15200,0.0,76000.0
7479,2118,2026-06-25,35,4,SKU0020,2,2650,0.0,5300.0
7480,2119,2025-05-04,46,1,SKU0025,3,7450,0.0,22350.0
7481,2120,2025-12-10,34,5,SKU0019,3,2800,0.0,8400.0
7482,2120,2025-12-10,34,5,SKU0035,1,16100,0.0,16100.0
7483,2120,2025-12-10,34,5,SKU0031,5,3450,0.1,15525.0
7484,2121,2025-04-12,49,5,SKU0017,2,14050,0.0,28100.0
7485,2122,2024-11-22,23,3,SKU0034,3,3000,0.0,9000.0
7486,2122,2024-11-22,23,3,SKU0001,4,3800,0.0,15200.0
7487,2123,2025-11-29,49,3,SKU0024,1,2500,0.0,2500.0
7488,2123,2025-11-29,49,3,SKU0022,5,2800,0.15,11900.0
7489,2124,2026-03-12,28,5,SKU0041,2,10450,0.0,20900.0
7490,2124,2026-03-12,28,5,SKU0029,2,7200,0.1,12960.0
7491,2124,2026-03-12,28,5,SKU0035,5,17300,0.0,86500.0
7492,2124,2026-03-12,28,5,SKU0026,2,6400,0.0,12800.0
7493,2124,2026-03-12,28,5,SKU0002,2,5000,0.0,10000.0
7494,2125,2026-02-20,31,1,SKU0040,3,6250,0.05,17812.5
7495,2126,2025-03-15,26,4,SKU0038,2,8950,0.05,17005.0
7496,2126,2025-03-15,26,4,SKU0037,4,16500,0.05,62700.0
7497,2127,2025-06-06,34,4,SKU0034,2,3250,0.15,5525.0
7498,2127,2025-06-06,34,4,SKU0032,1,3350,0.0,3350.0
7499,2128,2025-10-08,11,3,SKU0024,4,2500,0.1,9000.0
7500,2128,2025-10-08,11,3,SKU0027,5,9300,0.0,46500.0
7501,2128,2025-10-08,11,3,SKU0012,3,2250,0.0,6750.0
7502,2128,2025-10-08,11,3,SKU0037,1,16500,0.0,16500.0
7503,2128,2025-10-08,11,3,SKU0008,1,4200,0.0,4200.0
7504,2129,2024-09-30,13,2,SKU0036,3,19900,0.0,59700.0
7505,2129,2024-09-30,13,2,SKU0033,1,3100,0.0,3100.0
7506,2129,2024-09-30,13,2,SKU0001,5,3800,0.0,19000.0
7507,2129,2024-09-30,13,2,SKU0031,3,3200,0.0,9600.0
7508,2129,2024-09-30,13,2,SKU0002,1,4300,0.0,4300.0
7509,2130,2025-10-30,2,2,SKU0011,3,4650,0.0,13950.0
7510,2130,2025-10-30,2,2,SKU0001,1,4100,0.0,4100.0
7511,2130,2025-10-30,2,2,SKU0006,3,2500,0.05,7125.0
7512,2130,2025-10-30,2,2,SKU0032,4,3350,0.05,12730.0
7513,2130,2025-10-30,2,2,SKU0024,2,2500,0.1,4500.0
7514,2130,2025-10-30,2,2,SKU0020,1,2500,0.0,2500.0
7515,2131,2025-12-15,18,4,SKU0009,1,3650,0.15,3102.5
7516,2131,2025-12-15,18,4,SKU0030,1,3800,0.0,3800.0
7517,2131,2025-12-15,18,4,SKU0021,2,4100,0.0,8200.0
7518,2131,2025-12-15,18,4,SKU0042,5,10800,0.0,54000.0
7519,2132,2026-02-14,17,3,SKU0004,4,10450,0.0,41800.0
7520,2132,2026-02-14,17,3,SKU0015,4,5800,0.05,22040.0
7521,2133,2024-03-29,50,3,SKU0035,5,14900,0.0,74500.0
7522,2133,2024-03-29,50,3,SKU0013,5,4500,0.0,22500.0
7523,2133,2024-03-29,50,3,SKU0001,2,3800,0.0,7600.0
7524,2134,2026-07-24,45,5,SKU0026,1,6400,0.0,6400.0
7525,2134,2026-07-24,45,5,SKU0035,1,17300,0.15,14705.0
7526,2135,2025-05-19,6,3,SKU0029,2,6700,0.0,13400.0
7527,2135,2025-05-19,6,3,SKU0039,4,14150,0.0,56600.0
7528,2135,2025-05-19,6,3,SKU0010,1,9300,0.0,9300.0
7529,2136,2025-03-07,48,5,SKU0033,4,3350,0.0,13400.0
7530,2136,2025-03-07,48,5,SKU0007,1,5400,0.0,5400.0
7531,2136,2025-03-07,48,5,SKU0040,1,5850,0.1,5265.0
7532,2137,2025-06-13,7,5,SKU0032,1,3350,0.05,3182.5
7533,2137,2025-06-13,7,5,SKU0039,2,14150,0.0,28300.0
7534,2137,2025-06-13,7,5,SKU0031,1,3450,0.05,3277.5
7535,2137,2025-06-13,7,5,SKU0009,2,3650,0.0,7300.0
7536,2138,2026-05-31,8,5,SKU0036,2,23100,0.0,46200.0
7537,2138,2026-05-31,8,5,SKU0023,2,14950,0.1,26910.0
7538,2139,2025-11-28,10,5,SKU0001,2,4100,0.15,6970.0
7539,2139,2025-11-28,10,5,SKU0018,4,4300,0.05,16340.0
7540,2139,2025-11-28,10,5,SKU0037,3,16500,0.05,47025.0
7541,2139,2025-11-28,10,5,SKU0042,2,10800,0.05,20520.0
7542,2140,2025-07-16,7,3,SKU0041,4,9700,0.15,32980.0
7543,2140,2025-07-16,7,3,SKU0024,2,2500,0.15,4250.0
7544,2140,2025-07-16,7,3,SKU0021,5,4100,0.1,18450.0
7545,2140,2025-07-16,7,3,SKU0008,4,4200,0.0,16800.0
7546,2140,2025-07-16,7,3,SKU0005,3,8400,0.05,23940.0
7547,2141,2026-02-16,11,1,SKU0022,3,3000,0.0,9000.0
7548,2141,2026-02-16,11,1,SKU0030,3,4050,0.05,11542.5
7549,2141,2026-02-16,11,1,SKU0020,4,2650,0.15,9010.0
7550,2141,2026-02-16,11,1,SKU0008,2,4500,0.05,8550.0
7551,2142,2025-01-24,27,2,SKU0009,5,3650,0.05,17337.5
7552,2142,2025-01-24,27,2,SKU0023,2,13950,0.1,25110.0
7553,2142,2025-01-24,27,2,SKU0039,1,14150,0.0,14150.0
7554,2142,2025-01-24,27,2,SKU0006,3,2500,0.1,6750.0
7555,2143,2026-05-12,37,4,SKU0029,3,7200,0.0,21600.0
7556,2143,2026-05-12,37,4,SKU0016,2,4300,0.1,7740.0
7557,2143,2026-05-12,37,4,SKU0028,3,3350,0.0,10050.0
7558,2143,2026-05-12,37,4,SKU0030,3,4050,0.15,10327.5
7559,2143,2026-05-12,37,4,SKU0031,3,3700,0.05,10545.0
7560,2143,2026-05-12,37,4,SKU0011,4,5000,0.05,19000.0
7561,2144,2025-07-10,32,2,SKU0025,4,7450,0.15,25330.0
7562,2144,2025-07-10,32,2,SKU0024,3,2500,0.0,7500.0
7563,2144,2025-07-10,32,2,SKU0031,5,3450,0.15,14662.5
7564,2144,2025-07-10,32,2,SKU0008,1,4200,0.15,3570.0
7565,2144,2025-07-10,32,2,SKU0022,2,2800,0.05,5320.0
7566,2145,2025-10-12,37,1,SKU0018,1,4300,0.1,3870.0
7567,2145,2025-10-12,37,1,SKU0035,3,16100,0.0,48300.0
7568,2146,2024-04-10,19,4,SKU0027,3,8600,0.0,25800.0
7569,2146,2024-04-10,19,4,SKU0004,5,9000,0.0,45000.0
7570,2146,2024-04-10,19,4,SKU0041,4,9000,0.1,32400.0
7571,2146,2024-04-10,19,4,SKU0002,3,4300,0.0,12900.0
7572,2146,2024-04-10,19,4,SKU0037,2,15300,0.0,30600.0
7573,2147,2026-01-27,27,2,SKU0011,2,5000,0.0,10000.0
7574,2147,2026-01-27,27,2,SKU0026,3,6400,0.0,19200.0
7575,2147,2026-01-27,27,2,SKU0025,5,8000,0.0,40000.0
7576,2148,2025-10-30,3,2,SKU0039,3,14150,0.15,36082.5
7577,2148,2025-10-30,3,2,SKU0015,1,5400,0.0,5400.0
7578,2148,2025-10-30,3,2,SKU0004,3,9700,0.0,29100.0
7579,2148,2025-10-30,3,2,SKU0006,4,2500,0.0,10000.0
7580,2149,2025-01-20,7,1,SKU0012,3,2250,0.0,6750.0
7581,2149,2025-01-20,7,1,SKU0026,3,5950,0.0,17850.0
7582,2149,2025-01-20,7,1,SKU0020,5,2500,0.15,10625.0
7583,2149,2025-01-20,7,1,SKU0005,1,8400,0.0,8400.0
7584,2150,2025-10-20,41,1,SKU0018,3,4300,0.05,12255.0
7585,2150,2025-10-20,41,1,SKU0009,5,3650,0.1,16425.0
7586,2150,2025-10-20,41,1,SKU0040,3,5850,0.0,17550.0
7587,2150,2025-10-20,41,1,SKU0015,3,5400,0.0,16200.0
7588,2150,2025-10-20,41,1,SKU0014,2,6150,0.05,11685.0
7589,2151,2024-02-23,35,2,SKU0021,1,3800,0.0,3800.0
7590,2151,2024-02-23,35,2,SKU0040,2,5400,0.15,9180.0
7591,2151,2024-02-23,35,2,SKU0027,5,8600,0.0,43000.0
7592,2151,2024-02-23,35,2,SKU0041,2,9000,0.0,18000.0
7593,2151,2024-02-23,35,2,SKU0031,4,3200,0.15,10880.0
7594,2151,2024-02-23,35,2,SKU0038,2,8300,0.1,14940.0
7595,2152,2026-07-19,20,4,SKU0016,2,4300,0.05,8170.0
7596,2152,2026-07-19,20,4,SKU0026,5,6400,0.0,32000.0
7597,2152,2026-07-19,20,4,SKU0021,5,4400,0.0,22000.0
7598,2152,2026-07-19,20,4,SKU0001,1,4400,0.0,4400.0
7599,2152,2026-07-19,20,4,SKU0003,3,2550,0.15,6502.5
7600,2152,2026-07-19,20,4,SKU0013,4,5200,0.0,20800.0
7601,2153,2025-11-16,5,3,SKU0010,4,9300,0.0,37200.0
7602,2153,2025-11-16,5,3,SKU0029,3,6700,0.0,20100.0
7603,2153,2025-11-16,5,3,SKU0033,3,3350,0.1,9045.0
7604,2154,2025-03-06,4,3,SKU0042,1,10800,0.0,10800.0
7605,2154,2025-03-06,4,3,SKU0016,5,4000,0.0,20000.0
7606,2155,2026-01-13,39,2,SKU0004,2,10450,0.05,19855.0
7607,2155,2026-01-13,39,2,SKU0028,2,3350,0.0,6700.0
7608,2155,2026-01-13,39,2,SKU0029,2,7200,0.1,12960.0
7609,2155,2026-01-13,39,2,SKU0024,5,2650,0.0,13250.0
7610,2155,2026-01-13,39,2,SKU0018,5,4650,0.0,23250.0
7611,2155,2026-01-13,39,2,SKU0037,3,17750,0.0,53250.0
7612,2156,2026-07-05,14,5,SKU0023,5,14950,0.0,74750.0
7613,2156,2026-07-05,14,5,SKU0012,5,2450,0.1,11025.0
7614,2157,2025-04-04,15,3,SKU0013,2,4850,0.0,9700.0
7615,2157,2025-04-04,15,3,SKU0016,1,4000,0.0,4000.0
7616,2157,2025-04-04,15,3,SKU0033,2,3350,0.0,6700.0
7617,2157,2025-04-04,15,3,SKU0007,3,5400,0.0,16200.0
7618,2158,2024-01-13,41,2,SKU0012,2,2100,0.0,4200.0
7619,2159,2024-10-18,20,1,SKU0010,4,8600,0.0,34400.0
7620,2159,2024-10-18,20,1,SKU0019,1,2600,0.1,2340.0
7621,2160,2025-06-17,37,5,SKU0013,1,4850,0.0,4850.0
7622,2160,2025-06-17,37,5,SKU0030,2,3800,0.0,7600.0
7623,2160,2025-06-17,37,5,SKU0011,1,4650,0.0,4650.0
7624,2161,2025-06-24,5,4,SKU0009,2,3650,0.15,6205.0
7625,2162,2025-08-19,9,3,SKU0002,4,4650,0.1,16740.0
7626,2163,2025-08-14,6,3,SKU0021,1,4100,0.15,3485.0
7627,2163,2025-08-14,6,3,SKU0035,5,16100,0.0,80500.0
7628,2163,2025-08-14,6,3,SKU0032,1,3350,0.0,3350.0
7629,2164,2025-04-19,10,2,SKU0020,5,2500,0.05,11875.0
7630,2164,2025-04-19,10,2,SKU0022,2,2800,0.0,5600.0
7631,2164,2025-04-19,10,2,SKU0026,3,5950,0.15,15172.5
7632,2164,2025-04-19,10,2,SKU0042,1,10800,0.0,10800.0
7633,2164,2025-04-19,10,2,SKU0005,3,8400,0.0,25200.0
7634,2164,2025-04-19,10,2,SKU0006,5,2500,0.15,10625.0
7635,2165,2025-02-26,3,4,SKU0005,1,8400,0.0,8400.0
7636,2165,2025-02-26,3,4,SKU0038,2,8950,0.1,16110.0
7637,2165,2025-02-26,3,4,SKU0006,3,2500,0.05,7125.0
7638,2165,2025-02-26,3,4,SKU0016,3,4000,0.15,10200.0
7639,2165,2025-02-26,3,4,SKU0023,1,13950,0.05,13252.5
7640,2166,2026-01-30,46,4,SKU0022,4,3000,0.15,10200.0
7641,2167,2025-08-27,49,3,SKU0032,4,3350,0.15,11390.0
7642,2167,2025-08-27,49,3,SKU0008,2,4200,0.0,8400.0
7643,2167,2025-08-27,49,3,SKU0026,5,5950,0.1,26775.0
7644,2168,2025-06-07,42,2,SKU0027,4,9300,0.0,37200.0
7645,2168,2025-06-07,42,2,SKU0016,4,4000,0.0,16000.0
7646,2168,2025-06-07,42,2,SKU0002,1,4650,0.1,4185.0
7647,2169,2025-01-10,43,5,SKU0024,1,2500,0.0,2500.0
7648,2169,2025-01-10,43,5,SKU0028,4,3150,0.0,12600.0
7649,2169,2025-01-10,43,5,SKU0016,3,4000,0.0,12000.0
7650,2169,2025-01-10,43,5,SKU0021,3,4100,0.0,12300.0
7651,2169,2025-01-10,43,5,SKU0009,1,3650,0.0,3650.0
7652,2169,2025-01-10,43,5,SKU0001,5,4100,0.05,19475.0
7653,2170,2024-01-30,43,4,SKU0023,4,12900,0.0,51600.0
7654,2170,2024-01-30,43,4,SKU0042,3,10000,0.0,30000.0
7655,2170,2024-01-30,43,4,SKU0027,2,8600,0.1,15480.0
7656,2170,2024-01-30,43,4,SKU0039,4,13100,0.0,52400.0
7657,2170,2024-01-30,43,4,SKU0029,5,6200,0.0,31000.0
7658,2171,2024-05-02,48,5,SKU0007,1,5000,0.0,5000.0
7659,2172,2025-03-22,19,4,SKU0007,5,5400,0.05,25650.0
7660,2172,2025-03-22,19,4,SKU0004,5,9700,0.05,46075.0
7661,2172,2025-03-22,19,4,SKU0014,1,6150,0.05,5842.5
7662,2172,2025-03-22,19,4,SKU0039,5,14150,0.0,70750.0
7663,2172,2025-03-22,19,4,SKU0010,1,9300,0.0,9300.0
7664,2172,2025-03-22,19,4,SKU0032,4,3350,0.1,12060.0
7665,2173,2026-07-02,8,4,SKU0036,1,23100,0.0,23100.0
7666,2173,2026-07-02,8,4,SKU0034,5,3500,0.0,17500.0
7667,2174,2024-05-15,46,5,SKU0023,3,12900,0.1,34830.0
7668,2174,2024-05-15,46,5,SKU0006,1,2300,0.1,2070.0
7669,2174,2024-05-15,46,5,SKU0034,5,3000,0.0,15000.0
7670,2174,2024-05-15,46,5,SKU0042,3,10000,0.0,30000.0
7671,2174,2024-05-15,46,5,SKU0027,5,8600,0.05,40850.0
7672,2174,2024-05-15,46,5,SKU0003,2,2200,0.0,4400.0
7673,2175,2026-06-16,31,2,SKU0003,2,2550,0.15,4335.0
7674,2175,2026-06-16,31,2,SKU0001,1,4400,0.1,3960.0
7675,2175,2026-06-16,31,2,SKU0031,5,3700,0.0,18500.0
7676,2175,2026-06-16,31,2,SKU0010,3,10000,0.0,30000.0
7677,2175,2026-06-16,31,2,SKU0032,2,3600,0.1,6480.0
7678,2176,2024-06-11,13,4,SKU0023,3,12900,0.0,38700.0
7679,2176,2024-06-11,13,4,SKU0027,4,8600,0.05,32680.0
7680,2177,2024-12-11,15,1,SKU0015,5,5000,0.15,21250.0
7681,2177,2024-12-11,15,1,SKU0004,5,9000,0.05,42750.0
7682,2177,2024-12-11,15,1,SKU0026,5,5500,0.0,27500.0
7683,2177,2024-12-11,15,1,SKU0039,1,13100,0.1,11790.0
7684,2177,2024-12-11,15,1,SKU0029,3,6200,0.0,18600.0
7685,2178,2025-04-28,19,5,SKU0014,4,6150,0.0,24600.0
7686,2178,2025-04-28,19,5,SKU0027,3,9300,0.05,26505.0
7687,2178,2025-04-28,19,5,SKU0030,1,3800,0.0,3800.0
7688,2178,2025-04-28,19,5,SKU0006,4,2500,0.05,9500.0
7689,2178,2025-04-28,19,5,SKU0017,5,14050,0.1,63225.0
7690,2179,2024-08-22,27,4,SKU0005,4,7800,0.0,31200.0
7691,2179,2024-08-22,27,4,SKU0036,1,19900,0.0,19900.0
7692,2179,2024-08-22,27,4,SKU0022,3,2600,0.0,7800.0
7693,2180,2025-05-23,28,1,SKU0039,2,14150,0.0,28300.0
7694,2180,2025-05-23,28,1,SKU0024,2,2500,0.15,4250.0
7695,2180,2025-05-23,28,1,SKU0026,1,5950,0.05,5652.5
7696,2181,2025-05-17,4,4,SKU0038,1,8950,0.1,8055.0
7697,2181,2025-05-17,4,4,SKU0010,1,9300,0.0,9300.0
7698,2182,2025-04-12,23,5,SKU0028,2,3150,0.15,5355.0
7699,2182,2025-04-12,23,5,SKU0022,4,2800,0.1,10080.0
7700,2182,2025-04-12,23,5,SKU0014,4,6150,0.0,24600.0
7701,2183,2025-12-02,16,1,SKU0013,1,4850,0.05,4607.5
7702,2183,2025-12-02,16,1,SKU0007,2,5400,0.15,9180.0
7703,2183,2025-12-02,16,1,SKU0025,4,7450,0.0,29800.0
7704,2183,2025-12-02,16,1,SKU0032,3,3350,0.0,10050.0
7705,2183,2025-12-02,16,1,SKU0036,5,21500,0.0,107500.0
7706,2183,2025-12-02,16,1,SKU0031,2,3450,0.0,6900.0
7707,2184,2024-12-17,7,2,SKU0004,3,9000,0.0,27000.0
7708,2184,2024-12-17,7,2,SKU0009,3,3400,0.0,10200.0
7709,2184,2024-12-17,7,2,SKU0024,1,2300,0.0,2300.0
7710,2185,2024-12-01,19,5,SKU0033,1,3100,0.1,2790.0
7711,2186,2026-03-05,37,5,SKU0014,4,6600,0.0,26400.0
7712,2186,2026-03-05,37,5,SKU0037,5,17750,0.05,84312.5
7713,2186,2026-03-05,37,5,SKU0032,4,3600,0.0,14400.0
7714,2186,2026-03-05,37,5,SKU0026,3,6400,0.0,19200.0
7715,2186,2026-03-05,37,5,SKU0041,1,10450,0.0,10450.0
7716,2187,2024-05-14,14,1,SKU0019,5,2600,0.0,13000.0
7717,2187,2024-05-14,14,1,SKU0016,1,3700,0.0,3700.0
7718,2188,2026-04-05,2,5,SKU0019,2,3000,0.0,6000.0
7719,2189,2025-10-21,11,5,SKU0040,4,5850,0.1,21060.0
7720,2189,2025-10-21,11,5,SKU0015,3,5400,0.0,16200.0
7721,2189,2025-10-21,11,5,SKU0002,4,4650,0.05,17670.0
7722,2190,2025-11-15,37,4,SKU0018,2,4300,0.05,8170.0
7723,2190,2025-11-15,37,4,SKU0027,5,9300,0.0,46500.0
7724,2190,2025-11-15,37,4,SKU0025,2,7450,0.0,14900.0
7725,2191,2024-07-06,7,5,SKU0025,3,6900,0.1,18630.0
7726,2191,2024-07-06,7,5,SKU0011,4,4300,0.0,17200.0
7727,2191,2024-07-06,7,5,SKU0010,1,8600,0.0,8600.0
7728,2191,2024-07-06,7,5,SKU0022,2,2600,0.0,5200.0
7729,2191,2024-07-06,7,5,SKU0029,1,6200,0.0,6200.0
7730,2192,2026-07-19,15,3,SKU0024,4,2650,0.1,9540.0
7731,2193,2024-10-02,30,4,SKU0012,3,2100,0.0,6300.0
7732,2194,2024-07-17,43,3,SKU0037,2,15300,0.15,26010.0
7733,2194,2024-07-17,43,3,SKU0003,5,2200,0.0,11000.0
7734,2194,2024-07-17,43,3,SKU0017,3,13000,0.0,39000.0
7735,2194,2024-07-17,43,3,SKU0007,4,5000,0.0,20000.0
7736,2194,2024-07-17,43,3,SKU0034,4,3000,0.0,12000.0
7737,2195,2024-07-01,46,5,SKU0012,2,2100,0.05,3990.0
7738,2196,2025-07-31,9,4,SKU0036,5,21500,0.0,107500.0
7739,2196,2025-07-31,9,4,SKU0019,5,2800,0.05,13300.0
7740,2196,2025-07-31,9,4,SKU0018,4,4300,0.15,14620.0
7741,2196,2025-07-31,9,4,SKU0032,2,3350,0.0,6700.0
7742,2196,2025-07-31,9,4,SKU0041,1,9700,0.0,9700.0
7743,2197,2026-06-30,9,4,SKU0040,3,6250,0.0,18750.0
7744,2197,2026-06-30,9,4,SKU0021,2,4400,0.0,8800.0
7745,2197,2026-06-30,9,4,SKU0036,2,23100,0.0,46200.0
7746,2197,2026-06-30,9,4,SKU0019,3,3000,0.1,8100.0
7747,2198,2024-09-19,36,2,SKU0035,1,14900,0.0,14900.0
7748,2198,2024-09-19,36,2,SKU0026,4,5500,0.0,22000.0
7749,2198,2024-09-19,36,2,SKU0013,4,4500,0.0,18000.0
7750,2199,2025-03-11,20,3,SKU0015,1,5400,0.15,4590.0
7751,2200,2024-07-27,8,5,SKU0010,4,8600,0.1,30960.0
7752,2201,2025-10-14,25,5,SKU0017,1,14050,0.05,13347.5
7753,2202,2025-04-06,49,2,SKU0037,3,16500,0.0,49500.0
7754,2202,2025-04-06,49,2,SKU0027,1,9300,0.15,7905.0
7755,2202,2025-04-06,49,2,SKU0001,5,4100,0.05,19475.0
7756,2202,2025-04-06,49,2,SKU0025,1,7450,0.15,6332.5
7757,2202,2025-04-06,49,2,SKU0006,1,2500,0.15,2125.0
7758,2202,2025-04-06,49,2,SKU0002,5,4650,0.15,19762.5
7759,2203,2024-02-04,40,2,SKU0021,4,3800,0.05,14440.0
7760,2203,2024-02-04,40,2,SKU0025,5,6900,0.1,31050.0
7761,2203,2024-02-04,40,2,SKU0039,2,13100,0.0,26200.0
7762,2203,2024-02-04,40,2,SKU0010,1,8600,0.0,8600.0
7763,2203,2024-02-04,40,2,SKU0020,2,2300,0.0,4600.0
7764,2203,2024-02-04,40,2,SKU0032,1,3100,0.0,3100.0
7765,2204,2025-09-20,6,2,SKU0034,1,3250,0.0,3250.0
7766,2205,2024-08-11,36,1,SKU0001,2,3800,0.0,7600.0
7767,2205,2024-08-11,36,1,SKU0022,3,2600,0.1,7020.0
7768,2205,2024-08-11,36,1,SKU0006,1,2300,0.0,2300.0
7769,2206,2025-08-30,38,1,SKU0020,5,2500,0.0,12500.0
7770,2206,2025-08-30,38,1,SKU0029,4,6700,0.0,26800.0
7771,2206,2025-08-30,38,1,SKU0003,5,2400,0.1,10800.0
7772,2207,2025-02-24,18,1,SKU0030,4,3800,0.05,14440.0
7773,2207,2025-02-24,18,1,SKU0007,2,5400,0.0,10800.0
7774,2207,2025-02-24,18,1,SKU0019,1,2800,0.0,2800.0
7775,2207,2025-02-24,18,1,SKU0033,1,3350,0.0,3350.0
7776,2208,2025-12-08,23,4,SKU0021,2,4100,0.0,8200.0
7777,2208,2025-12-08,23,4,SKU0031,3,3450,0.1,9315.0
7778,2208,2025-12-08,23,4,SKU0009,4,3650,0.05,13870.0
7779,2209,2024-08-20,18,1,SKU0018,4,4000,0.0,16000.0
7780,2209,2024-08-20,18,1,SKU0002,3,4300,0.05,12255.0
7781,2209,2024-08-20,18,1,SKU0015,5,5000,0.05,23750.0
7782,2209,2024-08-20,18,1,SKU0014,5,5700,0.0,28500.0
7783,2210,2026-01-13,1,5,SKU0016,1,4300,0.1,3870.0
7784,2210,2026-01-13,1,5,SKU0039,2,15200,0.0,30400.0
7785,2211,2026-03-03,48,5,SKU0006,4,2650,0.0,10600.0
7786,2211,2026-03-03,48,5,SKU0012,1,2450,0.0,2450.0
7787,2211,2026-03-03,48,5,SKU0041,4,10450,0.0,41800.0
7788,2212,2024-03-16,15,2,SKU0029,5,6200,0.0,31000.0
7789,2212,2024-03-16,15,2,SKU0023,3,12900,0.0,38700.0
7790,2212,2024-03-16,15,2,SKU0015,4,5000,0.0,20000.0
7791,2212,2024-03-16,15,2,SKU0005,1,7800,0.1,7020.0
7792,2213,2024-04-29,3,1,SKU0035,5,14900,0.0,74500.0
7793,2214,2026-04-24,42,3,SKU0027,3,10000,0.0,30000.0
7794,2214,2026-04-24,42,3,SKU0007,4,5800,0.0,23200.0
7795,2214,2026-04-24,42,3,SKU0011,4,5000,0.0,20000.0
7796,2215,2024-07-30,2,1,SKU0029,4,6200,0.0,24800.0
7797,2215,2024-07-30,2,1,SKU0019,5,2600,0.0,13000.0
7798,2215,2024-07-30,2,1,SKU0034,5,3000,0.0,15000.0
7799,2216,2024-12-23,50,5,SKU0038,1,8300,0.0,8300.0
7800,2216,2024-12-23,50,5,SKU0018,1,4000,0.1,3600.0
7801,2216,2024-12-23,50,5,SKU0033,2,3100,0.0,6200.0
7802,2216,2024-12-23,50,5,SKU0017,1,13000,0.0,13000.0
7803,2216,2024-12-23,50,5,SKU0034,1,3000,0.0,3000.0
7804,2217,2025-04-30,30,1,SKU0029,4,6700,0.15,22780.0
7805,2218,2024-10-22,15,4,SKU0037,2,15300,0.15,26010.0
7806,2218,2024-10-22,15,4,SKU0020,2,2300,0.15,3910.0
7807,2218,2024-10-22,15,4,SKU0039,1,13100,0.0,13100.0
7808,2219,2026-04-16,34,1,SKU0005,4,9050,0.0,36200.0
7809,2220,2025-07-02,37,4,SKU0003,3,2400,0.05,6840.0
7810,2221,2025-10-13,2,2,SKU0018,3,4300,0.0,12900.0
7811,2222,2025-09-04,6,3,SKU0038,3,8950,0.0,26850.0
7812,2222,2025-09-04,6,3,SKU0028,2,3150,0.0,6300.0
7813,2222,2025-09-04,6,3,SKU0029,5,6700,0.0,33500.0
7814,2223,2025-09-17,43,5,SKU0027,1,9300,0.0,9300.0
7815,2223,2025-09-17,43,5,SKU0022,1,2800,0.15,2380.0
7816,2223,2025-09-17,43,5,SKU0024,2,2500,0.1,4500.0
7817,2223,2025-09-17,43,5,SKU0011,2,4650,0.0,9300.0
7818,2223,2025-09-17,43,5,SKU0015,2,5400,0.0,10800.0
7819,2223,2025-09-17,43,5,SKU0037,1,16500,0.0,16500.0
7820,2224,2025-08-25,40,5,SKU0012,2,2250,0.1,4050.0
7821,2224,2025-08-25,40,5,SKU0025,4,7450,0.1,26820.0
7822,2224,2025-08-25,40,5,SKU0041,1,9700,0.1,8730.0
7823,2224,2025-08-25,40,5,SKU0026,5,5950,0.0,29750.0
7824,2224,2025-08-25,40,5,SKU0023,4,13950,0.0,55800.0
7825,2225,2025-01-13,7,4,SKU0037,4,16500,0.1,59400.0
7826,2225,2025-01-13,7,4,SKU0020,2,2500,0.0,5000.0
7827,2226,2026-04-02,33,4,SKU0010,3,10000,0.1,27000.0
7828,2226,2026-04-02,33,4,SKU0013,2,5200,0.15,8840.0
7829,2226,2026-04-02,33,4,SKU0036,5,23100,0.0,115500.0
7830,2226,2026-04-02,33,4,SKU0023,4,14950,0.1,53820.0
7831,2226,2026-04-02,33,4,SKU0034,4,3500,0.05,13300.0
7832,2226,2026-04-02,33,4,SKU0025,4,8000,0.1,28800.0
7833,2227,2025-09-23,6,3,SKU0006,4,2500,0.05,9500.0
7834,2227,2025-09-23,6,3,SKU0016,4,4000,0.0,16000.0
7835,2227,2025-09-23,6,3,SKU0018,1,4300,0.0,4300.0
7836,2227,2025-09-23,6,3,SKU0037,1,16500,0.0,16500.0
7837,2227,2025-09-23,6,3,SKU0013,3,4850,0.05,13822.5
7838,2227,2025-09-23,6,3,SKU0008,1,4200,0.0,4200.0
7839,2228,2026-03-07,15,3,SKU0039,2,15200,0.0,30400.0
7840,2228,2026-03-07,15,3,SKU0009,1,3950,0.0,3950.0
7841,2228,2026-03-07,15,3,SKU0008,5,4500,0.05,21375.0
7842,2228,2026-03-07,15,3,SKU0025,5,8000,0.0,40000.0
7843,2229,2025-12-09,24,3,SKU0020,5,2500,0.1,11250.0
7844,2229,2025-12-09,24,3,SKU0026,5,5950,0.0,29750.0
7845,2229,2025-12-09,24,3,SKU0014,1,6150,0.0,6150.0
7846,2229,2025-12-09,24,3,SKU0038,3,8950,0.1,24165.0
7847,2230,2024-11-28,41,3,SKU0032,5,3100,0.1,13950.0
7848,2230,2024-11-28,41,3,SKU0001,2,3800,0.0,7600.0
7849,2230,2024-11-28,41,3,SKU0015,2,5000,0.0,10000.0
7850,2231,2025-09-20,45,1,SKU0035,3,16100,0.0,48300.0
7851,2231,2025-09-20,45,1,SKU0026,5,5950,0.15,25287.5
7852,2231,2025-09-20,45,1,SKU0041,1,9700,0.0,9700.0
7853,2231,2025-09-20,45,1,SKU0038,1,8950,0.05,8502.5
7854,2231,2025-09-20,45,1,SKU0010,2,9300,0.0,18600.0
7855,2231,2025-09-20,45,1,SKU0024,1,2500,0.0,2500.0
7856,2232,2024-04-10,4,1,SKU0004,1,9000,0.15,7650.0
7857,2233,2024-06-03,21,4,SKU0027,1,8600,0.15,7310.0
7858,2234,2024-05-17,38,4,SKU0036,3,19900,0.15,50745.0
7859,2234,2024-05-17,38,4,SKU0017,5,13000,0.1,58500.0
7860,2235,2024-12-05,33,1,SKU0006,1,2300,0.0,2300.0
7861,2235,2024-12-05,33,1,SKU0015,5,5000,0.05,23750.0
7862,2236,2024-07-26,9,2,SKU0020,5,2300,0.15,9775.0
7863,2236,2024-07-26,9,2,SKU0025,4,6900,0.0,27600.0
7864,2236,2024-07-26,9,2,SKU0037,2,15300,0.0,30600.0
7865,2236,2024-07-26,9,2,SKU0040,2,5400,0.0,10800.0
7866,2236,2024-07-26,9,2,SKU0004,1,9000,0.0,9000.0
7867,2237,2025-11-29,43,3,SKU0008,4,4200,0.15,14280.0
7868,2237,2025-11-29,43,3,SKU0032,3,3350,0.0,10050.0
7869,2237,2025-11-29,43,3,SKU0030,4,3800,0.0,15200.0
7870,2237,2025-11-29,43,3,SKU0041,5,9700,0.0,48500.0
7871,2237,2025-11-29,43,3,SKU0016,2,4000,0.0,8000.0
7872,2238,2025-06-17,50,5,SKU0009,5,3650,0.1,16425.0
7873,2238,2025-06-17,50,5,SKU0002,4,4650,0.15,15810.0
7874,2238,2025-06-17,50,5,SKU0027,3,9300,0.0,27900.0
7875,2238,2025-06-17,50,5,SKU0014,4,6150,0.0,24600.0
7876,2238,2025-06-17,50,5,SKU0006,1,2500,0.1,2250.0
7877,2239,2025-03-24,41,2,SKU0010,2,9300,0.0,18600.0
7878,2240,2024-06-07,17,1,SKU0041,2,9000,0.0,18000.0
7879,2240,2024-06-07,17,1,SKU0028,5,2900,0.05,13775.0
7880,2240,2024-06-07,17,1,SKU0039,1,13100,0.0,13100.0
7881,2240,2024-06-07,17,1,SKU0016,4,3700,0.0,14800.0
7882,2240,2024-06-07,17,1,SKU0042,3,10000,0.0,30000.0
7883,2240,2024-06-07,17,1,SKU0033,2,3100,0.0,6200.0
7884,2241,2025-02-18,15,5,SKU0005,5,8400,0.0,42000.0
7885,2241,2025-02-18,15,5,SKU0037,4,16500,0.15,56100.0
7886,2241,2025-02-18,15,5,SKU0015,4,5400,0.0,21600.0
7887,2241,2025-02-18,15,5,SKU0012,2,2250,0.0,4500.0
7888,2241,2025-02-18,15,5,SKU0022,5,2800,0.0,14000.0
7889,2241,2025-02-18,15,5,SKU0009,4,3650,0.05,13870.0
7890,2242,2024-07-29,17,5,SKU0037,4,15300,0.15,52020.0
7891,2242,2024-07-29,17,5,SKU0021,3,3800,0.0,11400.0
7892,2242,2024-07-29,17,5,SKU0011,3,4300,0.1,11610.0
7893,2242,2024-07-29,17,5,SKU0012,5,2100,0.0,10500.0
7894,2242,2024-07-29,17,5,SKU0040,2,5400,0.15,9180.0
7895,2243,2025-10-10,48,4,SKU0035,3,16100,0.15,41055.0
7896,2243,2025-10-10,48,4,SKU0028,2,3150,0.0,6300.0
7897,2243,2025-10-10,48,4,SKU0033,1,3350,0.0,3350.0
7898,2243,2025-10-10,48,4,SKU0008,3,4200,0.0,12600.0
7899,2243,2025-10-10,48,4,SKU0039,5,14150,0.1,63675.0
7900,2243,2025-10-10,48,4,SKU0005,5,8400,0.0,42000.0
7901,2244,2025-11-29,21,5,SKU0031,3,3450,0.05,9832.5
7902,2244,2025-11-29,21,5,SKU0006,1,2500,0.15,2125.0
7903,2244,2025-11-29,21,5,SKU0022,4,2800,0.1,10080.0
7904,2244,2025-11-29,21,5,SKU0021,2,4100,0.15,6970.0
7905,2245,2025-10-18,31,5,SKU0040,5,5850,0.0,29250.0
7906,2245,2025-10-18,31,5,SKU0004,2,9700,0.0,19400.0
7907,2245,2025-10-18,31,5,SKU0011,3,4650,0.0,13950.0
7908,2245,2025-10-18,31,5,SKU0023,2,13950,0.0,27900.0
7909,2246,2026-07-31,11,1,SKU0012,2,2450,0.0,4900.0
7910,2246,2026-07-31,11,1,SKU0026,3,6400,0.05,18240.0
7911,2246,2026-07-31,11,1,SKU0002,3,5000,0.0,15000.0
7912,2246,2026-07-31,11,1,SKU0014,5,6600,0.15,28050.0
7913,2247,2025-07-26,1,2,SKU0021,4,4100,0.0,16400.0
7914,2247,2025-07-26,1,2,SKU0023,2,13950,0.1,25110.0
7915,2247,2025-07-26,1,2,SKU0040,4,5850,0.15,19890.0
7916,2247,2025-07-26,1,2,SKU0038,5,8950,0.0,44750.0
7917,2247,2025-07-26,1,2,SKU0037,5,16500,0.15,70125.0
7918,2248,2025-05-29,23,4,SKU0021,2,4100,0.0,8200.0
7919,2248,2025-05-29,23,4,SKU0023,4,13950,0.0,55800.0
7920,2248,2025-05-29,23,4,SKU0005,1,8400,0.0,8400.0
7921,2248,2025-05-29,23,4,SKU0037,1,16500,0.0,16500.0
7922,2248,2025-05-29,23,4,SKU0042,2,10800,0.0,21600.0
7923,2249,2024-06-10,30,1,SKU0034,2,3000,0.0,6000.0
7924,2249,2024-06-10,30,1,SKU0028,4,2900,0.1,10440.0
7925,2250,2024-12-13,30,4,SKU0007,2,5000,0.0,10000.0
7926,2251,2025-04-24,36,3,SKU0011,1,4650,0.0,4650.0
7927,2251,2025-04-24,36,3,SKU0014,4,6150,0.0,24600.0
7928,2251,2025-04-24,36,3,SKU0041,1,9700,0.1,8730.0
7929,2251,2025-04-24,36,3,SKU0002,5,4650,0.1,20925.0
7930,2251,2025-04-24,36,3,SKU0001,2,4100,0.05,7790.0
7931,2251,2025-04-24,36,3,SKU0035,2,16100,0.1,28980.0
7932,2252,2024-03-06,17,5,SKU0033,2,3100,0.15,5270.0
7933,2252,2024-03-06,17,5,SKU0030,2,3500,0.15,5950.0
7934,2253,2025-01-24,8,1,SKU0034,4,3250,0.0,13000.0
7935,2253,2025-01-24,8,1,SKU0013,4,4850,0.0,19400.0
7936,2253,2025-01-24,8,1,SKU0006,3,2500,0.05,7125.0
7937,2253,2025-01-24,8,1,SKU0011,3,4650,0.0,13950.0
7938,2254,2024-01-12,12,1,SKU0009,4,3400,0.15,11560.0
7939,2254,2024-01-12,12,1,SKU0001,1,3800,0.05,3610.0
7940,2254,2024-01-12,12,1,SKU0005,3,7800,0.0,23400.0
7941,2254,2024-01-12,12,1,SKU0040,5,5400,0.0,27000.0
7942,2255,2024-06-06,17,1,SKU0011,2,4300,0.1,7740.0
7943,2255,2024-06-06,17,1,SKU0032,4,3100,0.0,12400.0
7944,2255,2024-06-06,17,1,SKU0040,1,5400,0.0,5400.0
7945,2255,2024-06-06,17,1,SKU0028,5,2900,0.1,13050.0
7946,2256,2026-03-09,47,3,SKU0022,1,3000,0.0,3000.0
7947,2256,2026-03-09,47,3,SKU0006,1,2650,0.0,2650.0
7948,2256,2026-03-09,47,3,SKU0002,5,5000,0.0,25000.0
7949,2257,2026-07-04,40,3,SKU0035,2,17300,0.1,31140.0
7950,2257,2026-07-04,40,3,SKU0017,1,15100,0.0,15100.0
7951,2257,2026-07-04,40,3,SKU0009,2,3950,0.0,7900.0
7952,2257,2026-07-04,40,3,SKU0040,1,6250,0.0,6250.0
7953,2257,2026-07-04,40,3,SKU0028,2,3350,0.0,6700.0
7954,2257,2026-07-04,40,3,SKU0012,2,2450,0.0,4900.0
7955,2258,2025-06-12,3,2,SKU0042,2,10800,0.15,18360.0
7956,2258,2025-06-12,3,2,SKU0034,3,3250,0.0,9750.0
7957,2258,2025-06-12,3,2,SKU0015,4,5400,0.0,21600.0
7958,2258,2025-06-12,3,2,SKU0001,2,4100,0.05,7790.0
7959,2258,2025-06-12,3,2,SKU0013,1,4850,0.0,4850.0
7960,2258,2025-06-12,3,2,SKU0018,5,4300,0.0,21500.0
7961,2259,2025-06-02,36,1,SKU0008,4,4200,0.05,15960.0
7962,2259,2025-06-02,36,1,SKU0027,4,9300,0.15,31620.0
7963,2259,2025-06-02,36,1,SKU0026,5,5950,0.0,29750.0
7964,2259,2025-06-02,36,1,SKU0015,3,5400,0.0,16200.0
7965,2259,2025-06-02,36,1,SKU0028,2,3150,0.0,6300.0
7966,2260,2025-11-22,1,3,SKU0018,1,4300,0.0,4300.0
7967,2260,2025-11-22,1,3,SKU0017,1,14050,0.0,14050.0
7968,2260,2025-11-22,1,3,SKU0005,4,8400,0.0,33600.0
7969,2261,2025-03-21,38,4,SKU0002,5,4650,0.0,23250.0
7970,2262,2026-03-29,19,3,SKU0002,4,5000,0.0,20000.0
7971,2262,2026-03-29,19,3,SKU0007,2,5800,0.05,11020.0
7972,2262,2026-03-29,19,3,SKU0022,4,3000,0.15,10200.0
7973,2262,2026-03-29,19,3,SKU0042,2,11600,0.05,22040.0
7974,2262,2026-03-29,19,3,SKU0032,1,3600,0.05,3420.0
7975,2263,2025-05-28,9,3,SKU0008,3,4200,0.0,12600.0
7976,2264,2024-04-08,21,1,SKU0040,2,5400,0.0,10800.0
7977,2264,2024-04-08,21,1,SKU0027,3,8600,0.15,21930.0
7978,2264,2024-04-08,21,1,SKU0042,2,10000,0.1,18000.0
7979,2264,2024-04-08,21,1,SKU0037,3,15300,0.0,45900.0
7980,2264,2024-04-08,21,1,SKU0041,2,9000,0.1,16200.0
7981,2264,2024-04-08,21,1,SKU0007,2,5000,0.1,9000.0
7982,2265,2024-02-07,11,2,SKU0036,4,19900,0.1,71640.0
7983,2265,2024-02-07,11,2,SKU0004,4,9000,0.1,32400.0
7984,2265,2024-02-07,11,2,SKU0021,3,3800,0.0,11400.0
7985,2265,2024-02-07,11,2,SKU0033,3,3100,0.0,9300.0
7986,2265,2024-02-07,11,2,SKU0042,1,10000,0.1,9000.0
7987,2265,2024-02-07,11,2,SKU0013,3,4500,0.0,13500.0
7988,2266,2026-01-21,26,2,SKU0013,1,5200,0.15,4420.0
7989,2266,2026-01-21,26,2,SKU0039,1,15200,0.0,15200.0
7990,2266,2026-01-21,26,2,SKU0024,1,2650,0.0,2650.0
7991,2267,2024-11-22,50,2,SKU0021,2,3800,0.0,7600.0
7992,2267,2024-11-22,50,2,SKU0033,4,3100,0.1,11160.0
7993,2267,2024-11-22,50,2,SKU0028,5,2900,0.05,13775.0
7994,2268,2024-11-05,35,2,SKU0003,3,2200,0.05,6270.0
7995,2268,2024-11-05,35,2,SKU0015,5,5000,0.0,25000.0
7996,2268,2024-11-05,35,2,SKU0006,2,2300,0.0,4600.0
7997,2268,2024-11-05,35,2,SKU0029,3,6200,0.0,18600.0
7998,2269,2025-07-11,35,5,SKU0038,4,8950,0.0,35800.0
7999,2270,2024-07-10,35,4,SKU0020,2,2300,0.0,4600.0
8000,2271,2025-04-30,39,2,SKU0022,5,2800,0.0,14000.0
8001,2271,2025-04-30,39,2,SKU0019,1,2800,0.0,2800.0
8002,2271,2025-04-30,39,2,SKU0024,3,2500,0.05,7125.0
8003,2272,2026-01-05,27,4,SKU0029,5,7200,0.15,30600.0
8004,2272,2026-01-05,27,4,SKU0032,1,3600,0.0,3600.0
8005,2272,2026-01-05,27,4,SKU0039,2,15200,0.15,25840.0
8006,2273,2026-01-25,29,5,SKU0015,4,5800,0.0,23200.0
8007,2273,2026-01-25,29,5,SKU0002,4,5000,0.15,17000.0
8008,2273,2026-01-25,29,5,SKU0020,3,2650,0.0,7950.0
8009,2273,2026-01-25,29,5,SKU0022,1,3000,0.0,3000.0
8010,2273,2026-01-25,29,5,SKU0030,4,4050,0.0,16200.0
8011,2274,2025-07-22,36,5,SKU0034,1,3250,0.15,2762.5
8012,2274,2025-07-22,36,5,SKU0037,1,16500,0.0,16500.0
8013,2274,2025-07-22,36,5,SKU0030,2,3800,0.0,7600.0
8014,2275,2024-05-12,8,2,SKU0025,5,6900,0.15,29325.0
8015,2275,2024-05-12,8,2,SKU0034,4,3000,0.0,12000.0
8016,2276,2024-05-13,1,5,SKU0018,4,4000,0.1,14400.0
8017,2276,2024-05-13,1,5,SKU0030,1,3500,0.0,3500.0
8018,2277,2026-02-02,43,5,SKU0037,3,17750,0.0,53250.0
8019,2277,2026-02-02,43,5,SKU0034,1,3500,0.1,3150.0
8020,2277,2026-02-02,43,5,SKU0038,1,9650,0.1,8685.0
8021,2277,2026-02-02,43,5,SKU0015,2,5800,0.1,10440.0
8022,2277,2026-02-02,43,5,SKU0001,5,4400,0.05,20900.0
8023,2277,2026-02-02,43,5,SKU0032,4,3600,0.05,13680.0
8024,2278,2026-03-15,39,2,SKU0007,1,5800,0.15,4930.0
8025,2278,2026-03-15,39,2,SKU0041,2,10450,0.0,20900.0
8026,2278,2026-03-15,39,2,SKU0022,5,3000,0.1,13500.0
8027,2278,2026-03-15,39,2,SKU0026,4,6400,0.1,23040.0
8028,2279,2025-01-31,35,5,SKU0023,4,13950,0.05,53010.0
8029,2279,2025-01-31,35,5,SKU0010,1,9300,0.05,8835.0
8030,2279,2025-01-31,35,5,SKU0033,3,3350,0.15,8542.5
8031,2279,2025-01-31,35,5,SKU0024,2,2500,0.05,4750.0
8032,2279,2025-01-31,35,5,SKU0036,4,21500,0.0,86000.0
8033,2279,2025-01-31,35,5,SKU0040,2,5850,0.0,11700.0
8034,2280,2026-03-15,46,5,SKU0042,1,11600,0.0,11600.0
8035,2281,2024-02-20,16,4,SKU0019,3,2600,0.0,7800.0
8036,2281,2024-02-20,16,4,SKU0040,4,5400,0.1,19440.0
8037,2281,2024-02-20,16,4,SKU0038,3,8300,0.15,21165.0
8038,2281,2024-02-20,16,4,SKU0042,3,10000,0.0,30000.0
8039,2281,2024-02-20,16,4,SKU0020,1,2300,0.15,1955.0
8040,2282,2025-12-18,3,4,SKU0038,4,8950,0.1,32220.0
8041,2282,2025-12-18,3,4,SKU0011,3,4650,0.0,13950.0
8042,2282,2025-12-18,3,4,SKU0028,2,3150,0.0,6300.0
8043,2282,2025-12-18,3,4,SKU0009,4,3650,0.15,12410.0
8044,2283,2025-07-19,23,5,SKU0026,1,5950,0.15,5057.5
8045,2284,2026-07-24,47,3,SKU0022,5,3000,0.0,15000.0
8046,2284,2026-07-24,47,3,SKU0038,5,9650,0.05,45837.5
8047,2285,2024-04-30,22,5,SKU0004,5,9000,0.15,38250.0
8048,2285,2024-04-30,22,5,SKU0030,3,3500,0.0,10500.0
8049,2285,2024-04-30,22,5,SKU0039,5,13100,0.15,55675.0
8050,2285,2024-04-30,22,5,SKU0037,2,15300,0.1,27540.0
8051,2285,2024-04-30,22,5,SKU0028,4,2900,0.0,11600.0
8052,2285,2024-04-30,22,5,SKU0024,4,2300,0.1,8280.0
8053,2286,2026-03-21,36,1,SKU0031,3,3700,0.1,9990.0
8054,2286,2026-03-21,36,1,SKU0034,1,3500,0.0,3500.0
8055,2286,2026-03-21,36,1,SKU0020,2,2650,0.0,5300.0
8056,2286,2026-03-21,36,1,SKU0014,4,6600,0.1,23760.0
8057,2287,2026-01-12,43,1,SKU0030,1,4050,0.1,3645.0
8058,2287,2026-01-12,43,1,SKU0042,1,11600,0.0,11600.0
8059,2287,2026-01-12,43,1,SKU0025,5,8000,0.05,38000.0
8060,2287,2026-01-12,43,1,SKU0007,2,5800,0.0,11600.0
8061,2287,2026-01-12,43,1,SKU0013,5,5200,0.0,26000.0
8062,2287,2026-01-12,43,1,SKU0021,2,4400,0.0,8800.0
8063,2288,2024-11-28,13,5,SKU0019,2,2600,0.0,5200.0
8064,2288,2024-11-28,13,5,SKU0001,5,3800,0.05,18050.0
8065,2288,2024-11-28,13,5,SKU0016,5,3700,0.0,18500.0
8066,2289,2026-07-31,9,5,SKU0003,1,2550,0.15,2167.5
8067,2289,2026-07-31,9,5,SKU0012,2,2450,0.15,4165.0
8068,2289,2026-07-31,9,5,SKU0015,4,5800,0.0,23200.0
8069,2290,2025-04-22,13,2,SKU0016,3,4000,0.05,11400.0
8070,2290,2025-04-22,13,2,SKU0021,4,4100,0.0,16400.0
8071,2290,2025-04-22,13,2,SKU0022,3,2800,0.05,7980.0
8072,2290,2025-04-22,13,2,SKU0008,1,4200,0.0,4200.0
8073,2291,2025-01-13,9,2,SKU0018,4,4300,0.0,17200.0
8074,2291,2025-01-13,9,2,SKU0031,3,3450,0.0,10350.0
8075,2292,2026-03-10,40,3,SKU0038,2,9650,0.1,17370.0
8076,2293,2025-04-12,23,3,SKU0023,2,13950,0.0,27900.0
8077,2293,2025-04-12,23,3,SKU0029,1,6700,0.0,6700.0
8078,2293,2025-04-12,23,3,SKU0003,1,2400,0.0,2400.0
8079,2294,2026-07-27,17,1,SKU0027,3,10000,0.15,25500.0
8080,2294,2026-07-27,17,1,SKU0020,3,2650,0.05,7552.5
8081,2295,2026-02-02,18,4,SKU0008,5,4500,0.0,22500.0
8082,2295,2026-02-02,18,4,SKU0011,5,5000,0.0,25000.0
8083,2295,2026-02-02,18,4,SKU0007,2,5800,0.0,11600.0
8084,2295,2026-02-02,18,4,SKU0036,1,23100,0.15,19635.0
8085,2296,2024-09-25,27,3,SKU0029,4,6200,0.0,24800.0
8086,2297,2026-03-05,10,2,SKU0035,2,17300,0.1,31140.0
8087,2297,2026-03-05,10,2,SKU0042,1,11600,0.0,11600.0
8088,2298,2025-08-26,25,3,SKU0027,2,9300,0.1,16740.0
8089,2298,2025-08-26,25,3,SKU0036,1,21500,0.0,21500.0
8090,2298,2025-08-26,25,3,SKU0023,3,13950,0.0,41850.0
8091,2299,2025-01-15,21,3,SKU0022,3,2800,0.0,8400.0
8092,2299,2025-01-15,21,3,SKU0004,1,9700,0.0,9700.0
8093,2299,2025-01-15,21,3,SKU0009,4,3650,0.0,14600.0
8094,2299,2025-01-15,21,3,SKU0027,5,9300,0.05,44175.0
8095,2299,2025-01-15,21,3,SKU0014,3,6150,0.15,15682.5
8096,2300,2025-12-12,14,2,SKU0009,3,3650,0.1,9855.0
8097,2300,2025-12-12,14,2,SKU0032,4,3350,0.0,13400.0
8098,2300,2025-12-12,14,2,SKU0027,1,9300,0.05,8835.0
8099,2300,2025-12-12,14,2,SKU0013,2,4850,0.1,8730.0
8100,2300,2025-12-12,14,2,SKU0037,2,16500,0.0,33000.0
8101,2300,2025-12-12,14,2,SKU0004,5,9700,0.0,48500.0
8102,2301,2025-10-07,47,2,SKU0037,1,16500,0.05,15675.0
8103,2301,2025-10-07,47,2,SKU0002,4,4650,0.0,18600.0
8104,2301,2025-10-07,47,2,SKU0012,3,2250,0.1,6075.0
8105,2301,2025-10-07,47,2,SKU0010,1,9300,0.0,9300.0
8106,2302,2024-07-07,7,4,SKU0003,1,2200,0.0,2200.0
8107,2302,2024-07-07,7,4,SKU0028,1,2900,0.0,2900.0
8108,2302,2024-07-07,7,4,SKU0042,1,10000,0.0,10000.0
8109,2302,2024-07-07,7,4,SKU0030,2,3500,0.05,6650.0
8110,2302,2024-07-07,7,4,SKU0002,2,4300,0.0,8600.0
8111,2303,2024-06-09,20,5,SKU0030,4,3500,0.05,13300.0
8112,2304,2024-08-21,31,2,SKU0025,2,6900,0.1,12420.0
8113,2305,2024-08-22,5,5,SKU0013,5,4500,0.0,22500.0
8114,2305,2024-08-22,5,5,SKU0016,5,3700,0.0,18500.0
8115,2305,2024-08-22,5,5,SKU0015,1,5000,0.0,5000.0
8116,2305,2024-08-22,5,5,SKU0038,3,8300,0.0,24900.0
8117,2305,2024-08-22,5,5,SKU0005,1,7800,0.0,7800.0
8118,2305,2024-08-22,5,5,SKU0011,1,4300,0.0,4300.0
8119,2306,2024-03-12,12,4,SKU0004,5,9000,0.0,45000.0
8120,2307,2025-01-16,10,5,SKU0042,4,10800,0.1,38880.0
8121,2307,2025-01-16,10,5,SKU0030,3,3800,0.0,11400.0
8122,2308,2024-11-11,30,1,SKU0019,3,2600,0.0,7800.0
8123,2308,2024-11-11,30,1,SKU0040,5,5400,0.05,25650.0
8124,2308,2024-11-11,30,1,SKU0036,4,19900,0.15,67660.0
8125,2309,2025-07-12,11,5,SKU0004,2,9700,0.0,19400.0
8126,2309,2025-07-12,11,5,SKU0026,2,5950,0.1,10710.0
8127,2310,2024-12-21,43,5,SKU0002,1,4300,0.0,4300.0
8128,2310,2024-12-21,43,5,SKU0006,3,2300,0.0,6900.0
8129,2310,2024-12-21,43,5,SKU0011,4,4300,0.0,17200.0
8130,2310,2024-12-21,43,5,SKU0027,5,8600,0.05,40850.0
8131,2310,2024-12-21,43,5,SKU0037,3,15300,0.0,45900.0
8132,2310,2024-12-21,43,5,SKU0036,3,19900,0.0,59700.0
8133,2311,2025-12-07,27,1,SKU0027,4,9300,0.0,37200.0
8134,2311,2025-12-07,27,1,SKU0002,3,4650,0.15,11857.5
8135,2311,2025-12-07,27,1,SKU0042,3,10800,0.0,32400.0
8136,2311,2025-12-07,27,1,SKU0028,3,3150,0.0,9450.0
8137,2311,2025-12-07,27,1,SKU0017,2,14050,0.0,28100.0
8138,2312,2024-11-19,36,4,SKU0017,1,13000,0.0,13000.0
8139,2312,2024-11-19,36,4,SKU0031,1,3200,0.15,2720.0
8140,2312,2024-11-19,36,4,SKU0032,5,3100,0.0,15500.0
8141,2312,2024-11-19,36,4,SKU0036,4,19900,0.0,79600.0
8142,2312,2024-11-19,36,4,SKU0035,4,14900,0.0,59600.0
8143,2312,2024-11-19,36,4,SKU0042,4,10000,0.15,34000.0
8144,2313,2024-10-28,4,4,SKU0010,5,8600,0.05,40850.0
8145,2314,2026-04-12,33,5,SKU0010,5,10000,0.0,50000.0
8146,2314,2026-04-12,33,5,SKU0035,5,17300,0.0,86500.0
8147,2314,2026-04-12,33,5,SKU0020,5,2650,0.15,11262.5
8148,2314,2026-04-12,33,5,SKU0026,2,6400,0.0,12800.0
8149,2315,2026-07-20,44,1,SKU0042,1,11600,0.0,11600.0
8150,2315,2026-07-20,44,1,SKU0025,2,8000,0.15,13600.0
8151,2315,2026-07-20,44,1,SKU0017,4,15100,0.0,60400.0
8152,2315,2026-07-20,44,1,SKU0008,5,4500,0.0,22500.0
8153,2315,2026-07-20,44,1,SKU0029,1,7200,0.0,7200.0
8154,2315,2026-07-20,44,1,SKU0002,4,5000,0.1,18000.0
8155,2316,2025-11-17,46,4,SKU0033,4,3350,0.0,13400.0
8156,2316,2025-11-17,46,4,SKU0001,3,4100,0.0,12300.0
8157,2316,2025-11-17,46,4,SKU0013,5,4850,0.15,20612.5
8158,2316,2025-11-17,46,4,SKU0005,3,8400,0.1,22680.0
8159,2316,2025-11-17,46,4,SKU0042,1,10800,0.0,10800.0
8160,2317,2024-04-22,30,5,SKU0013,5,4500,0.1,20250.0
8161,2317,2024-04-22,30,5,SKU0008,3,3900,0.0,11700.0
8162,2317,2024-04-22,30,5,SKU0012,3,2100,0.1,5670.0
8163,2317,2024-04-22,30,5,SKU0017,3,13000,0.0,39000.0
8164,2317,2024-04-22,30,5,SKU0009,4,3400,0.15,11560.0
8165,2318,2026-07-03,2,1,SKU0039,5,15200,0.0,76000.0
8166,2318,2026-07-03,2,1,SKU0006,5,2650,0.0,13250.0
8167,2318,2026-07-03,2,1,SKU0040,1,6250,0.1,5625.0
8168,2318,2026-07-03,2,1,SKU0036,1,23100,0.0,23100.0
8169,2318,2026-07-03,2,1,SKU0017,1,15100,0.1,13590.0
8170,2319,2026-02-11,33,4,SKU0007,4,5800,0.0,23200.0
8171,2319,2026-02-11,33,4,SKU0024,1,2650,0.1,2385.0
8172,2319,2026-02-11,33,4,SKU0011,1,5000,0.0,5000.0
8173,2319,2026-02-11,33,4,SKU0003,3,2550,0.0,7650.0
8174,2320,2026-05-30,19,2,SKU0028,5,3350,0.0,16750.0
8175,2320,2026-05-30,19,2,SKU0036,4,23100,0.05,87780.0
8176,2321,2026-07-26,25,4,SKU0010,1,10000,0.0,10000.0
8177,2321,2026-07-26,25,4,SKU0019,1,3000,0.15,2550.0
8178,2321,2026-07-26,25,4,SKU0027,5,10000,0.0,50000.0
8179,2321,2026-07-26,25,4,SKU0006,1,2650,0.1,2385.0
8180,2321,2026-07-26,25,4,SKU0004,4,10450,0.0,41800.0
8181,2321,2026-07-26,25,4,SKU0021,1,4400,0.0,4400.0
8182,2322,2026-04-20,36,3,SKU0012,1,2450,0.0,2450.0
8183,2323,2024-05-26,4,2,SKU0019,2,2600,0.1,4680.0
8184,2323,2024-05-26,4,2,SKU0037,2,15300,0.1,27540.0
8185,2323,2024-05-26,4,2,SKU0031,5,3200,0.0,16000.0
8186,2324,2026-04-19,3,1,SKU0012,5,2450,0.0,12250.0
8187,2325,2024-10-09,24,5,SKU0031,2,3200,0.15,5440.0
8188,2325,2024-10-09,24,5,SKU0018,5,4000,0.0,20000.0
8189,2325,2024-10-09,24,5,SKU0042,3,10000,0.05,28500.0
8190,2325,2024-10-09,24,5,SKU0030,4,3500,0.1,12600.0
8191,2325,2024-10-09,24,5,SKU0022,3,2600,0.0,7800.0
8192,2326,2025-12-13,49,2,SKU0010,3,9300,0.1,25110.0
8193,2326,2025-12-13,49,2,SKU0025,2,7450,0.0,14900.0
8194,2326,2025-12-13,49,2,SKU0040,3,5850,0.0,17550.0
8195,2327,2026-03-19,26,3,SKU0023,2,14950,0.0,29900.0
8196,2328,2026-01-21,19,1,SKU0024,4,2650,0.15,9010.0
8197,2328,2026-01-21,19,1,SKU0006,4,2650,0.15,9010.0
8198,2328,2026-01-21,19,1,SKU0013,4,5200,0.1,18720.0
8199,2328,2026-01-21,19,1,SKU0016,5,4300,0.15,18275.0
8200,2328,2026-01-21,19,1,SKU0030,5,4050,0.0,20250.0
8201,2328,2026-01-21,19,1,SKU0015,4,5800,0.05,22040.0
8202,2329,2025-11-15,8,4,SKU0034,3,3250,0.0,9750.0
8203,2330,2025-05-29,32,1,SKU0020,5,2500,0.0,12500.0
8204,2330,2025-05-29,32,1,SKU0039,5,14150,0.1,63675.0
8205,2330,2025-05-29,32,1,SKU0003,4,2400,0.05,9120.0
8206,2330,2025-05-29,32,1,SKU0024,5,2500,0.0,12500.0
8207,2331,2025-08-16,18,3,SKU0040,3,5850,0.05,16672.5
8208,2331,2025-08-16,18,3,SKU0003,4,2400,0.0,9600.0
8209,2331,2025-08-16,18,3,SKU0033,3,3350,0.1,9045.0
8210,2331,2025-08-16,18,3,SKU0004,1,9700,0.1,8730.0
8211,2331,2025-08-16,18,3,SKU0014,3,6150,0.0,18450.0
8212,2332,2024-10-29,17,3,SKU0002,5,4300,0.05,20425.0
8213,2332,2024-10-29,17,3,SKU0037,4,15300,0.0,61200.0
8214,2332,2024-10-29,17,3,SKU0040,2,5400,0.0,10800.0
8215,2333,2025-03-20,24,2,SKU0010,1,9300,0.0,9300.0
8216,2333,2025-03-20,24,2,SKU0029,1,6700,0.0,6700.0
8217,2333,2025-03-20,24,2,SKU0038,1,8950,0.1,8055.0
8218,2334,2025-04-25,34,3,SKU0005,5,8400,0.05,39900.0
8219,2334,2025-04-25,34,3,SKU0035,3,16100,0.05,45885.0
8220,2334,2025-04-25,34,3,SKU0017,2,14050,0.15,23885.0
8221,2334,2025-04-25,34,3,SKU0027,2,9300,0.0,18600.0
8222,2334,2025-04-25,34,3,SKU0028,2,3150,0.0,6300.0
8223,2334,2025-04-25,34,3,SKU0033,5,3350,0.0,16750.0
8224,2335,2025-10-08,8,5,SKU0014,1,6150,0.15,5227.5
8225,2335,2025-10-08,8,5,SKU0004,1,9700,0.0,9700.0
8226,2335,2025-10-08,8,5,SKU0030,2,3800,0.1,6840.0
8227,2335,2025-10-08,8,5,SKU0013,4,4850,0.0,19400.0
8228,2335,2025-10-08,8,5,SKU0018,2,4300,0.0,8600.0
8229,2335,2025-10-08,8,5,SKU0035,5,16100,0.0,80500.0
8230,2336,2026-04-30,43,2,SKU0022,3,3000,0.0,9000.0
8231,2337,2024-04-19,35,2,SKU0034,2,3000,0.0,6000.0
8232,2337,2024-04-19,35,2,SKU0031,3,3200,0.0,9600.0
8233,2337,2024-04-19,35,2,SKU0036,3,19900,0.05,56715.0
8234,2337,2024-04-19,35,2,SKU0007,5,5000,0.0,25000.0
8235,2337,2024-04-19,35,2,SKU0040,4,5400,0.0,21600.0
8236,2338,2025-06-21,25,1,SKU0012,4,2250,0.0,9000.0
8237,2338,2025-06-21,25,1,SKU0038,4,8950,0.1,32220.0
8238,2338,2025-06-21,25,1,SKU0016,5,4000,0.0,20000.0
8239,2339,2024-11-08,44,4,SKU0006,4,2300,0.0,9200.0
8240,2339,2024-11-08,44,4,SKU0017,4,13000,0.0,52000.0
8241,2340,2026-06-12,32,3,SKU0004,2,10450,0.0,20900.0
8242,2340,2026-06-12,32,3,SKU0018,4,4650,0.15,15810.0
8243,2340,2026-06-12,32,3,SKU0023,4,14950,0.05,56810.0
8244,2340,2026-06-12,32,3,SKU0010,5,10000,0.05,47500.0
8245,2340,2026-06-12,32,3,SKU0040,5,6250,0.0,31250.0
8246,2341,2025-02-03,38,5,SKU0030,3,3800,0.05,10830.0
8247,2341,2025-02-03,38,5,SKU0031,3,3450,0.0,10350.0
8248,2341,2025-02-03,38,5,SKU0022,3,2800,0.0,8400.0
8249,2341,2025-02-03,38,5,SKU0019,2,2800,0.0,5600.0
8250,2341,2025-02-03,38,5,SKU0018,1,4300,0.0,4300.0
8251,2342,2026-06-23,40,2,SKU0038,2,9650,0.1,17370.0
8252,2342,2026-06-23,40,2,SKU0014,4,6600,0.0,26400.0
8253,2342,2026-06-23,40,2,SKU0027,1,10000,0.1,9000.0
8254,2342,2026-06-23,40,2,SKU0001,5,4400,0.0,22000.0
8255,2342,2026-06-23,40,2,SKU0022,3,3000,0.0,9000.0
8256,2342,2026-06-23,40,2,SKU0028,2,3350,0.05,6365.0
8257,2343,2024-12-24,39,1,SKU0010,3,8600,0.15,21930.0
8258,2344,2024-01-03,34,3,SKU0031,4,3200,0.1,11520.0
8259,2344,2024-01-03,34,3,SKU0039,3,13100,0.0,39300.0
8260,2344,2024-01-03,34,3,SKU0016,1,3700,0.0,3700.0
8261,2345,2026-02-01,24,4,SKU0026,1,6400,0.1,5760.0
8262,2345,2026-02-01,24,4,SKU0009,4,3950,0.0,15800.0
8263,2345,2026-02-01,24,4,SKU0016,5,4300,0.0,21500.0
8264,2345,2026-02-01,24,4,SKU0004,5,10450,0.0,52250.0
8265,2345,2026-02-01,24,4,SKU0030,3,4050,0.0,12150.0
8266,2346,2025-12-28,7,4,SKU0009,2,3650,0.0,7300.0
8267,2347,2025-12-27,41,3,SKU0016,2,4000,0.15,6800.0
8268,2347,2025-12-27,41,3,SKU0004,4,9700,0.1,34920.0
8269,2348,2025-05-01,12,4,SKU0035,4,16100,0.1,57960.0
8270,2349,2025-11-04,42,2,SKU0020,4,2500,0.0,10000.0
8271,2349,2025-11-04,42,2,SKU0030,1,3800,0.15,3230.0
8272,2349,2025-11-04,42,2,SKU0023,1,13950,0.0,13950.0
8273,2350,2025-01-23,41,1,SKU0035,4,16100,0.05,61180.0
8274,2350,2025-01-23,41,1,SKU0001,2,4100,0.05,7790.0
8275,2351,2024-03-17,32,5,SKU0026,4,5500,0.0,22000.0
8276,2352,2025-07-08,21,3,SKU0040,5,5850,0.0,29250.0
8277,2352,2025-07-08,21,3,SKU0033,4,3350,0.0,13400.0
8278,2352,2025-07-08,21,3,SKU0022,3,2800,0.0,8400.0
8279,2353,2024-09-03,21,3,SKU0034,1,3000,0.0,3000.0
8280,2354,2025-04-04,41,5,SKU0034,5,3250,0.1,14625.0
8281,2354,2025-04-04,41,5,SKU0012,5,2250,0.0,11250.0
8282,2354,2025-04-04,41,5,SKU0022,4,2800,0.05,10640.0
8283,2354,2025-04-04,41,5,SKU0009,1,3650,0.0,3650.0
8284,2354,2025-04-04,41,5,SKU0005,5,8400,0.0,42000.0
8285,2354,2025-04-04,41,5,SKU0011,4,4650,0.05,17670.0
8286,2355,2024-08-27,46,5,SKU0020,5,2300,0.0,11500.0
8287,2355,2024-08-27,46,5,SKU0012,4,2100,0.0,8400.0
8288,2355,2024-08-27,46,5,SKU0035,3,14900,0.0,44700.0
8289,2355,2024-08-27,46,5,SKU0033,1,3100,0.0,3100.0
8290,2355,2024-08-27,46,5,SKU0011,1,4300,0.1,3870.0
8291,2356,2024-10-29,15,2,SKU0035,2,14900,0.1,26820.0
8292,2356,2024-10-29,15,2,SKU0036,2,19900,0.0,39800.0
8293,2356,2024-10-29,15,2,SKU0030,2,3500,0.15,5950.0
8294,2356,2024-10-29,15,2,SKU0006,4,2300,0.0,9200.0
8295,2356,2024-10-29,15,2,SKU0011,5,4300,0.0,21500.0
8296,2357,2026-03-19,19,2,SKU0031,4,3700,0.05,14060.0
8297,2357,2026-03-19,19,2,SKU0035,3,17300,0.0,51900.0
8298,2357,2026-03-19,19,2,SKU0025,4,8000,0.0,32000.0
8299,2357,2026-03-19,19,2,SKU0009,5,3950,0.0,19750.0
8300,2358,2025-01-03,48,4,SKU0016,2,4000,0.0,8000.0
8301,2359,2025-08-17,33,4,SKU0036,1,21500,0.1,19350.0
8302,2359,2025-08-17,33,4,SKU0015,1,5400,0.0,5400.0
8303,2359,2025-08-17,33,4,SKU0018,2,4300,0.1,7740.0
8304,2359,2025-08-17,33,4,SKU0029,5,6700,0.0,33500.0
8305,2360,2025-08-06,15,3,SKU0041,4,9700,0.0,38800.0
8306,2360,2025-08-06,15,3,SKU0023,2,13950,0.1,25110.0
8307,2360,2025-08-06,15,3,SKU0024,2,2500,0.15,4250.0
8308,2360,2025-08-06,15,3,SKU0031,4,3450,0.0,13800.0
8309,2360,2025-08-06,15,3,SKU0016,1,4000,0.0,4000.0
8310,2360,2025-08-06,15,3,SKU0022,3,2800,0.0,8400.0
8311,2361,2025-05-25,14,3,SKU0023,2,13950,0.15,23715.0
8312,2361,2025-05-25,14,3,SKU0038,4,8950,0.0,35800.0
8313,2361,2025-05-25,14,3,SKU0031,2,3450,0.0,6900.0
8314,2361,2025-05-25,14,3,SKU0014,5,6150,0.0,30750.0
8315,2361,2025-05-25,14,3,SKU0004,4,9700,0.0,38800.0
8316,2362,2025-01-09,20,2,SKU0003,3,2400,0.0,7200.0
8317,2362,2025-01-09,20,2,SKU0010,3,9300,0.0,27900.0
8318,2362,2025-01-09,20,2,SKU0022,5,2800,0.05,13300.0
8319,2363,2025-11-20,47,2,SKU0029,1,6700,0.0,6700.0
8320,2363,2025-11-20,47,2,SKU0030,4,3800,0.0,15200.0
8321,2363,2025-11-20,47,2,SKU0042,5,10800,0.05,51300.0
8322,2363,2025-11-20,47,2,SKU0003,1,2400,0.0,2400.0
8323,2363,2025-11-20,47,2,SKU0019,5,2800,0.0,14000.0
8324,2364,2024-02-29,41,3,SKU0042,4,10000,0.15,34000.0
8325,2364,2024-02-29,41,3,SKU0030,3,3500,0.0,10500.0
8326,2364,2024-02-29,41,3,SKU0015,5,5000,0.0,25000.0
8327,2364,2024-02-29,41,3,SKU0034,3,3000,0.0,9000.0
8328,2365,2024-04-27,33,3,SKU0028,5,2900,0.15,12325.0
8329,2365,2024-04-27,33,3,SKU0032,1,3100,0.1,2790.0
8330,2365,2024-04-27,33,3,SKU0015,2,5000,0.0,10000.0
8331,2365,2024-04-27,33,3,SKU0014,5,5700,0.05,27075.0
8332,2365,2024-04-27,33,3,SKU0012,3,2100,0.0,6300.0
8333,2365,2024-04-27,33,3,SKU0038,5,8300,0.0,41500.0
8334,2366,2026-02-09,45,4,SKU0001,4,4400,0.0,17600.0
8335,2367,2025-05-02,16,5,SKU0021,2,4100,0.0,8200.0
8336,2367,2025-05-02,16,5,SKU0038,3,8950,0.0,26850.0
8337,2367,2025-05-02,16,5,SKU0018,4,4300,0.0,17200.0
8338,2368,2024-05-23,2,5,SKU0021,1,3800,0.0,3800.0
8339,2368,2024-05-23,2,5,SKU0014,2,5700,0.05,10830.0
8340,2368,2024-05-23,2,5,SKU0004,5,9000,0.0,45000.0
8341,2368,2024-05-23,2,5,SKU0006,1,2300,0.0,2300.0
8342,2368,2024-05-23,2,5,SKU0009,5,3400,0.0,17000.0
8343,2369,2026-04-12,6,4,SKU0035,2,17300,0.0,34600.0
8344,2369,2026-04-12,6,4,SKU0015,4,5800,0.05,22040.0
8345,2370,2025-04-14,40,1,SKU0036,5,21500,0.1,96750.0
8346,2370,2025-04-14,40,1,SKU0005,1,8400,0.0,8400.0
8347,2370,2025-04-14,40,1,SKU0003,3,2400,0.15,6120.0
8348,2371,2024-01-01,14,2,SKU0018,4,4000,0.0,16000.0
8349,2371,2024-01-01,14,2,SKU0013,2,4500,0.1,8100.0
8350,2371,2024-01-01,14,2,SKU0021,4,3800,0.0,15200.0
8351,2371,2024-01-01,14,2,SKU0026,2,5500,0.05,10450.0
8352,2372,2026-06-29,50,4,SKU0021,4,4400,0.0,17600.0
8353,2373,2024-08-16,39,4,SKU0040,4,5400,0.0,21600.0
8354,2373,2024-08-16,39,4,SKU0024,5,2300,0.0,11500.0
8355,2373,2024-08-16,39,4,SKU0030,5,3500,0.05,16625.0
8356,2373,2024-08-16,39,4,SKU0038,3,8300,0.0,24900.0
8357,2373,2024-08-16,39,4,SKU0019,1,2600,0.0,2600.0
8358,2373,2024-08-16,39,4,SKU0023,3,12900,0.1,34830.0
8359,2374,2025-11-25,16,4,SKU0037,1,16500,0.0,16500.0
8360,2374,2025-11-25,16,4,SKU0041,1,9700,0.0,9700.0
8361,2375,2024-06-01,33,3,SKU0005,5,7800,0.0,39000.0
8362,2375,2024-06-01,33,3,SKU0036,2,19900,0.1,35820.0
8363,2375,2024-06-01,33,3,SKU0015,3,5000,0.0,15000.0
8364,2376,2025-10-23,48,3,SKU0004,5,9700,0.1,43650.0
8365,2376,2025-10-23,48,3,SKU0030,5,3800,0.0,19000.0
8366,2377,2024-06-30,50,1,SKU0042,5,10000,0.1,45000.0
8367,2377,2024-06-30,50,1,SKU0021,2,3800,0.0,7600.0
8368,2377,2024-06-30,50,1,SKU0007,3,5000,0.15,12750.0
8369,2377,2024-06-30,50,1,SKU0005,3,7800,0.0,23400.0
8370,2378,2026-06-10,19,3,SKU0010,1,10000,0.15,8500.0
8371,2378,2026-06-10,19,3,SKU0004,2,10450,0.0,20900.0
8372,2378,2026-06-10,19,3,SKU0014,4,6600,0.15,22440.0
8373,2379,2024-11-04,40,3,SKU0013,2,4500,0.0,9000.0
8374,2379,2024-11-04,40,3,SKU0002,1,4300,0.0,4300.0
8375,2379,2024-11-04,40,3,SKU0033,3,3100,0.1,8370.0
8376,2379,2024-11-04,40,3,SKU0036,2,19900,0.0,39800.0
8377,2380,2025-10-27,47,1,SKU0019,2,2800,0.05,5320.0
8378,2380,2025-10-27,47,1,SKU0001,2,4100,0.15,6970.0
8379,2381,2024-10-09,28,2,SKU0042,3,10000,0.0,30000.0
8380,2381,2024-10-09,28,2,SKU0002,2,4300,0.15,7310.0
8381,2381,2024-10-09,28,2,SKU0037,1,15300,0.15,13005.0
8382,2382,2025-02-06,36,1,SKU0011,5,4650,0.0,23250.0
8383,2382,2025-02-06,36,1,SKU0023,5,13950,0.05,66262.5
8384,2382,2025-02-06,36,1,SKU0031,1,3450,0.1,3105.0
8385,2383,2026-05-18,2,3,SKU0039,2,15200,0.0,30400.0
8386,2383,2026-05-18,2,3,SKU0017,3,15100,0.0,45300.0
8387,2383,2026-05-18,2,3,SKU0006,4,2650,0.0,10600.0
8388,2383,2026-05-18,2,3,SKU0009,1,3950,0.05,3752.5
8389,2384,2024-07-07,39,1,SKU0014,3,5700,0.1,15390.0
8390,2385,2025-03-03,47,2,SKU0033,1,3350,0.0,3350.0
8391,2385,2025-03-03,47,2,SKU0024,2,2500,0.05,4750.0
8392,2385,2025-03-03,47,2,SKU0031,5,3450,0.0,17250.0
8393,2386,2024-12-05,45,2,SKU0028,2,2900,0.0,5800.0
8394,2386,2024-12-05,45,2,SKU0035,2,14900,0.0,29800.0
8395,2386,2024-12-05,45,2,SKU0027,2,8600,0.0,17200.0
8396,2386,2024-12-05,45,2,SKU0006,1,2300,0.0,2300.0
8397,2387,2025-12-04,2,2,SKU0006,1,2500,0.0,2500.0
8398,2387,2025-12-04,2,2,SKU0014,5,6150,0.15,26137.5
8399,2387,2025-12-04,2,2,SKU0033,3,3350,0.05,9547.5
8400,2387,2025-12-04,2,2,SKU0015,1,5400,0.0,5400.0
8401,2387,2025-12-04,2,2,SKU0003,5,2400,0.05,11400.0
8402,2388,2024-09-21,39,1,SKU0035,4,14900,0.1,53640.0
8403,2388,2024-09-21,39,1,SKU0042,4,10000,0.0,40000.0
8404,2388,2024-09-21,39,1,SKU0034,3,3000,0.0,9000.0
8405,2388,2024-09-21,39,1,SKU0005,2,7800,0.0,15600.0
8406,2388,2024-09-21,39,1,SKU0038,5,8300,0.0,41500.0
8407,2389,2025-10-28,44,5,SKU0003,2,2400,0.0,4800.0
8408,2389,2025-10-28,44,5,SKU0033,4,3350,0.05,12730.0
8409,2389,2025-10-28,44,5,SKU0010,2,9300,0.0,18600.0
8410,2389,2025-10-28,44,5,SKU0005,4,8400,0.0,33600.0
8411,2389,2025-10-28,44,5,SKU0014,2,6150,0.15,10455.0
8412,2390,2025-12-07,28,4,SKU0004,1,9700,0.0,9700.0
8413,2390,2025-12-07,28,4,SKU0020,2,2500,0.1,4500.0
8414,2390,2025-12-07,28,4,SKU0005,5,8400,0.05,39900.0
8415,2390,2025-12-07,28,4,SKU0031,1,3450,0.05,3277.5
8416,2391,2024-01-02,8,5,SKU0019,1,2600,0.0,2600.0
8417,2391,2024-01-02,8,5,SKU0003,2,2200,0.15,3740.0
8418,2391,2024-01-02,8,5,SKU0021,2,3800,0.0,7600.0
8419,2391,2024-01-02,8,5,SKU0002,2,4300,0.0,8600.0
8420,2392,2025-05-17,17,5,SKU0028,1,3150,0.0,3150.0
8421,2392,2025-05-17,17,5,SKU0002,5,4650,0.0,23250.0
8422,2392,2025-05-17,17,5,SKU0032,4,3350,0.0,13400.0
8423,2393,2024-06-02,4,4,SKU0023,2,12900,0.0,25800.0
8424,2393,2024-06-02,4,4,SKU0010,1,8600,0.15,7310.0
8425,2393,2024-06-02,4,4,SKU0042,4,10000,0.15,34000.0
8426,2393,2024-06-02,4,4,SKU0030,2,3500,0.0,7000.0
8427,2394,2024-09-12,26,1,SKU0032,5,3100,0.1,13950.0
8428,2394,2024-09-12,26,1,SKU0042,1,10000,0.0,10000.0
8429,2395,2025-11-18,42,1,SKU0029,5,6700,0.05,31825.0
8430,2395,2025-11-18,42,1,SKU0002,4,4650,0.15,15810.0
8431,2395,2025-11-18,42,1,SKU0013,2,4850,0.0,9700.0
8432,2396,2024-01-12,28,4,SKU0002,5,4300,0.0,21500.0
8433,2396,2024-01-12,28,4,SKU0001,4,3800,0.05,14440.0
8434,2396,2024-01-12,28,4,SKU0023,4,12900,0.0,51600.0
8435,2396,2024-01-12,28,4,SKU0039,5,13100,0.0,65500.0
8436,2397,2025-12-01,46,2,SKU0014,1,6150,0.0,6150.0
8437,2397,2025-12-01,46,2,SKU0030,4,3800,0.0,15200.0
8438,2398,2026-03-10,48,3,SKU0001,3,4400,0.1,11880.0
8439,2398,2026-03-10,48,3,SKU0002,1,5000,0.05,4750.0
8440,2398,2026-03-10,48,3,SKU0038,4,9650,0.0,38600.0
8441,2398,2026-03-10,48,3,SKU0032,2,3600,0.0,7200.0
8442,2398,2026-03-10,48,3,SKU0005,2,9050,0.0,18100.0
8443,2399,2026-07-22,14,1,SKU0022,3,3000,0.1,8100.0
8444,2399,2026-07-22,14,1,SKU0035,5,17300,0.1,77850.0
8445,2399,2026-07-22,14,1,SKU0032,5,3600,0.05,17100.0
8446,2399,2026-07-22,14,1,SKU0019,2,3000,0.05,5700.0
8447,2400,2025-03-28,42,2,SKU0030,5,3800,0.1,17100.0
8448,2400,2025-03-28,42,2,SKU0022,1,2800,0.15,2380.0
8449,2401,2024-06-01,37,4,SKU0010,3,8600,0.05,24510.0
8450,2401,2024-06-01,37,4,SKU0034,2,3000,0.1,5400.0
8451,2402,2024-03-25,24,5,SKU0018,1,4000,0.0,4000.0
8452,2402,2024-03-25,24,5,SKU0023,5,12900,0.15,54825.0
8453,2402,2024-03-25,24,5,SKU0021,1,3800,0.05,3610.0
8454,2403,2025-02-17,27,1,SKU0020,2,2500,0.15,4250.0
8455,2403,2025-02-17,27,1,SKU0034,2,3250,0.0,6500.0
8456,2404,2025-12-27,32,5,SKU0014,5,6150,0.15,26137.5
8457,2404,2025-12-27,32,5,SKU0036,2,21500,0.0,43000.0
8458,2404,2025-12-27,32,5,SKU0032,2,3350,0.05,6365.0
8459,2404,2025-12-27,32,5,SKU0013,1,4850,0.0,4850.0
8460,2404,2025-12-27,32,5,SKU0026,3,5950,0.1,16065.0
8461,2405,2024-04-30,16,4,SKU0029,3,6200,0.0,18600.0
8462,2405,2024-04-30,16,4,SKU0024,4,2300,0.15,7820.0
8463,2405,2024-04-30,16,4,SKU0034,3,3000,0.05,8550.0
8464,2406,2024-12-12,28,4,SKU0018,2,4000,0.0,8000.0
8465,2406,2024-12-12,28,4,SKU0007,4,5000,0.0,20000.0
8466,2406,2024-12-12,28,4,SKU0026,1,5500,0.0,5500.0
8467,2406,2024-12-12,28,4,SKU0015,3,5000,0.0,15000.0
8468,2406,2024-12-12,28,4,SKU0032,2,3100,0.05,5890.0
8469,2406,2024-12-12,28,4,SKU0006,4,2300,0.0,9200.0
8470,2407,2026-05-01,26,1,SKU0017,3,15100,0.05,43035.0
8471,2408,2024-06-06,20,1,SKU0007,3,5000,0.0,15000.0
8472,2408,2024-06-06,20,1,SKU0008,2,3900,0.05,7410.0
8473,2408,2024-06-06,20,1,SKU0018,1,4000,0.1,3600.0
8474,2408,2024-06-06,20,1,SKU0017,3,13000,0.1,35100.0
8475,2408,2024-06-06,20,1,SKU0006,2,2300,0.1,4140.0
8476,2409,2026-01-31,25,1,SKU0027,5,10000,0.0,50000.0
8477,2410,2026-01-14,8,1,SKU0025,4,8000,0.0,32000.0
8478,2410,2026-01-14,8,1,SKU0002,1,5000,0.05,4750.0
8479,2410,2026-01-14,8,1,SKU0013,5,5200,0.0,26000.0
8480,2411,2024-06-02,26,1,SKU0022,4,2600,0.0,10400.0
8481,2411,2024-06-02,26,1,SKU0041,3,9000,0.0,27000.0
8482,2411,2024-06-02,26,1,SKU0018,4,4000,0.05,15200.0
8483,2412,2026-07-26,16,4,SKU0017,3,15100,0.15,38505.0
8484,2412,2026-07-26,16,4,SKU0015,1,5800,0.0,5800.0
8485,2412,2026-07-26,16,4,SKU0032,3,3600,0.15,9180.0
8486,2412,2026-07-26,16,4,SKU0029,3,7200,0.1,19440.0
8487,2412,2026-07-26,16,4,SKU0006,3,2650,0.0,7950.0
8488,2413,2024-06-13,22,5,SKU0027,1,8600,0.0,8600.0
8489,2413,2024-06-13,22,5,SKU0028,1,2900,0.15,2465.0
8490,2413,2024-06-13,22,5,SKU0002,1,4300,0.0,4300.0
8491,2414,2025-07-04,39,4,SKU0009,4,3650,0.15,12410.0
8492,2414,2025-07-04,39,4,SKU0010,5,9300,0.0,46500.0
8493,2414,2025-07-04,39,4,SKU0032,3,3350,0.1,9045.0
8494,2414,2025-07-04,39,4,SKU0041,2,9700,0.1,17460.0
8495,2414,2025-07-04,39,4,SKU0015,1,5400,0.1,4860.0
8496,2414,2025-07-04,39,4,SKU0034,4,3250,0.1,11700.0
8497,2415,2024-01-11,14,4,SKU0015,3,5000,0.15,12750.0
8498,2415,2024-01-11,14,4,SKU0035,4,14900,0.0,59600.0
8499,2415,2024-01-11,14,4,SKU0024,5,2300,0.0,11500.0
8500,2415,2024-01-11,14,4,SKU0004,3,9000,0.0,27000.0
8501,2415,2024-01-11,14,4,SKU0038,5,8300,0.05,39425.0
8502,2416,2025-10-23,6,4,SKU0024,4,2500,0.15,8500.0
8503,2416,2025-10-23,6,4,SKU0003,3,2400,0.15,6120.0
8504,2416,2025-10-23,6,4,SKU0035,1,16100,0.0,16100.0
8505,2416,2025-10-23,6,4,SKU0008,3,4200,0.15,10710.0
8506,2416,2025-10-23,6,4,SKU0005,5,8400,0.1,37800.0
8507,2416,2025-10-23,6,4,SKU0013,3,4850,0.05,13822.5
8508,2417,2025-04-13,18,2,SKU0031,4,3450,0.05,13110.0
8509,2417,2025-04-13,18,2,SKU0030,3,3800,0.1,10260.0
8510,2417,2025-04-13,18,2,SKU0003,5,2400,0.0,12000.0
8511,2417,2025-04-13,18,2,SKU0001,1,4100,0.0,4100.0
8512,2417,2025-04-13,18,2,SKU0027,2,9300,0.05,17670.0
8513,2417,2025-04-13,18,2,SKU0012,3,2250,0.0,6750.0
8514,2418,2025-12-21,19,5,SKU0025,1,7450,0.1,6705.0
8515,2418,2025-12-21,19,5,SKU0028,4,3150,0.15,10710.0
8516,2418,2025-12-21,19,5,SKU0037,3,16500,0.15,42075.0
8517,2418,2025-12-21,19,5,SKU0022,4,2800,0.0,11200.0
8518,2418,2025-12-21,19,5,SKU0019,4,2800,0.0,11200.0
8519,2418,2025-12-21,19,5,SKU0009,2,3650,0.05,6935.0
8520,2419,2025-10-03,1,1,SKU0027,1,9300,0.1,8370.0
8521,2420,2024-06-22,29,2,SKU0020,3,2300,0.1,6210.0
8522,2420,2024-06-22,29,2,SKU0030,3,3500,0.05,9975.0
8523,2420,2024-06-22,29,2,SKU0038,2,8300,0.0,16600.0
8524,2421,2025-03-18,21,1,SKU0014,4,6150,0.0,24600.0
8525,2421,2025-03-18,21,1,SKU0036,5,21500,0.05,102125.0
8526,2421,2025-03-18,21,1,SKU0015,4,5400,0.1,19440.0
8527,2421,2025-03-18,21,1,SKU0011,1,4650,0.1,4185.0
8528,2422,2025-11-23,44,1,SKU0006,4,2500,0.0,10000.0
8529,2423,2026-04-14,30,5,SKU0009,5,3950,0.0,19750.0
8530,2424,2024-04-12,41,3,SKU0026,3,5500,0.15,14025.0
8531,2424,2024-04-12,41,3,SKU0005,5,7800,0.0,39000.0
8532,2424,2024-04-12,41,3,SKU0016,5,3700,0.0,18500.0
8533,2424,2024-04-12,41,3,SKU0003,1,2200,0.1,1980.0
8534,2425,2024-04-28,19,2,SKU0041,2,9000,0.1,16200.0
8535,2425,2024-04-28,19,2,SKU0016,2,3700,0.0,7400.0
8536,2425,2024-04-28,19,2,SKU0021,2,3800,0.1,6840.0
8537,2425,2024-04-28,19,2,SKU0023,5,12900,0.15,54825.0
8538,2425,2024-04-28,19,2,SKU0010,4,8600,0.1,30960.0
8539,2425,2024-04-28,19,2,SKU0035,3,14900,0.15,37995.0
8540,2426,2026-01-13,26,4,SKU0036,4,23100,0.0,92400.0
8541,2426,2026-01-13,26,4,SKU0008,4,4500,0.0,18000.0
8542,2426,2026-01-13,26,4,SKU0014,4,6600,0.1,23760.0
8543,2426,2026-01-13,26,4,SKU0004,4,10450,0.0,41800.0
8544,2426,2026-01-13,26,4,SKU0009,1,3950,0.0,3950.0
8545,2427,2025-08-28,34,5,SKU0005,4,8400,0.0,33600.0
8546,2427,2025-08-28,34,5,SKU0034,5,3250,0.15,13812.5
8547,2428,2025-02-18,39,3,SKU0001,4,4100,0.1,14760.0
8548,2429,2026-07-03,37,1,SKU0027,1,10000,0.0,10000.0
8549,2430,2024-12-13,20,4,SKU0017,1,13000,0.0,13000.0
8550,2430,2024-12-13,20,4,SKU0025,5,6900,0.15,29325.0
8551,2430,2024-12-13,20,4,SKU0042,5,10000,0.0,50000.0
8552,2431,2024-06-09,4,5,SKU0024,2,2300,0.1,4140.0
8553,2431,2024-06-09,4,5,SKU0020,5,2300,0.05,10925.0
8554,2431,2024-06-09,4,5,SKU0012,3,2100,0.1,5670.0
8555,2431,2024-06-09,4,5,SKU0032,2,3100,0.0,6200.0
8556,2432,2024-11-07,32,4,SKU0036,1,19900,0.0,19900.0
8557,2432,2024-11-07,32,4,SKU0032,4,3100,0.05,11780.0
8558,2432,2024-11-07,32,4,SKU0030,5,3500,0.0,17500.0
8559,2433,2024-04-09,41,2,SKU0016,1,3700,0.0,3700.0
8560,2433,2024-04-09,41,2,SKU0012,1,2100,0.15,1785.0
8561,2433,2024-04-09,41,2,SKU0022,5,2600,0.15,11050.0
8562,2434,2025-07-25,2,5,SKU0011,4,4650,0.05,17670.0
8563,2434,2025-07-25,2,5,SKU0026,5,5950,0.0,29750.0
8564,2435,2025-09-07,40,4,SKU0026,3,5950,0.1,16065.0
8565,2435,2025-09-07,40,4,SKU0027,2,9300,0.05,17670.0
8566,2435,2025-09-07,40,4,SKU0002,2,4650,0.15,7905.0
8567,2435,2025-09-07,40,4,SKU0010,5,9300,0.1,41850.0
8568,2435,2025-09-07,40,4,SKU0035,3,16100,0.0,48300.0
8569,2435,2025-09-07,40,4,SKU0028,1,3150,0.0,3150.0
8570,2436,2025-09-14,20,4,SKU0034,4,3250,0.0,13000.0
8571,2436,2025-09-14,20,4,SKU0009,5,3650,0.15,15512.5
8572,2436,2025-09-14,20,4,SKU0007,1,5400,0.0,5400.0
8573,2436,2025-09-14,20,4,SKU0001,1,4100,0.15,3485.0
8574,2436,2025-09-14,20,4,SKU0039,2,14150,0.0,28300.0
8575,2436,2025-09-14,20,4,SKU0013,5,4850,0.15,20612.5
8576,2437,2026-02-05,4,5,SKU0033,1,3600,0.0,3600.0
8577,2437,2026-02-05,4,5,SKU0027,1,10000,0.05,9500.0
8578,2437,2026-02-05,4,5,SKU0028,5,3350,0.0,16750.0
8579,2437,2026-02-05,4,5,SKU0038,3,9650,0.05,27502.5
8580,2437,2026-02-05,4,5,SKU0015,3,5800,0.05,16530.0
8581,2437,2026-02-05,4,5,SKU0011,2,5000,0.1,9000.0
8582,2438,2025-11-27,45,4,SKU0020,2,2500,0.05,4750.0
8583,2438,2025-11-27,45,4,SKU0035,4,16100,0.0,64400.0
8584,2438,2025-11-27,45,4,SKU0029,1,6700,0.15,5695.0
8585,2438,2025-11-27,45,4,SKU0027,4,9300,0.15,31620.0
8586,2439,2026-04-04,19,3,SKU0026,2,6400,0.0,12800.0
8587,2439,2026-04-04,19,3,SKU0021,4,4400,0.0,17600.0
8588,2439,2026-04-04,19,3,SKU0029,3,7200,0.1,19440.0
8589,2440,2025-10-30,18,1,SKU0033,3,3350,0.0,10050.0
8590,2440,2025-10-30,18,1,SKU0011,4,4650,0.05,17670.0
8591,2440,2025-10-30,18,1,SKU0007,3,5400,0.0,16200.0
8592,2440,2025-10-30,18,1,SKU0029,1,6700,0.0,6700.0
8593,2440,2025-10-30,18,1,SKU0038,3,8950,0.0,26850.0
8594,2441,2024-12-02,49,2,SKU0004,4,9000,0.0,36000.0
8595,2441,2024-12-02,49,2,SKU0012,4,2100,0.05,7980.0
8596,2442,2025-06-23,15,1,SKU0009,3,3650,0.0,10950.0
8597,2442,2025-06-23,15,1,SKU0025,2,7450,0.0,14900.0
8598,2443,2025-06-16,29,2,SKU0001,1,4100,0.0,4100.0
8599,2443,2025-06-16,29,2,SKU0040,3,5850,0.15,14917.5
8600,2444,2026-01-09,49,1,SKU0025,3,8000,0.0,24000.0
8601,2444,2026-01-09,49,1,SKU0015,2,5800,0.0,11600.0
8602,2444,2026-01-09,49,1,SKU0022,4,3000,0.0,12000.0
8603,2444,2026-01-09,49,1,SKU0006,4,2650,0.0,10600.0
8604,2444,2026-01-09,49,1,SKU0028,1,3350,0.0,3350.0
8605,2444,2026-01-09,49,1,SKU0033,3,3600,0.1,9720.0
8606,2445,2024-11-26,36,2,SKU0041,1,9000,0.1,8100.0
8607,2445,2024-11-26,36,2,SKU0037,3,15300,0.15,39015.0
8608,2445,2024-11-26,36,2,SKU0038,2,8300,0.0,16600.0
8609,2445,2024-11-26,36,2,SKU0002,4,4300,0.05,16340.0
8610,2446,2024-03-07,14,2,SKU0032,2,3100,0.0,6200.0
8611,2446,2024-03-07,14,2,SKU0028,3,2900,0.0,8700.0
8612,2447,2026-05-14,10,5,SKU0026,2,6400,0.0,12800.0
8613,2447,2026-05-14,10,5,SKU0011,2,5000,0.15,8500.0
8614,2447,2026-05-14,10,5,SKU0034,2,3500,0.0,7000.0
8615,2448,2026-06-27,44,2,SKU0022,2,3000,0.0,6000.0
8616,2448,2026-06-27,44,2,SKU0038,1,9650,0.0,9650.0
8617,2449,2025-06-02,15,4,SKU0004,2,9700,0.0,19400.0
8618,2449,2025-06-02,15,4,SKU0001,1,4100,0.0,4100.0
8619,2449,2025-06-02,15,4,SKU0035,4,16100,0.0,64400.0
8620,2449,2025-06-02,15,4,SKU0038,3,8950,0.0,26850.0
8621,2449,2025-06-02,15,4,SKU0020,2,2500,0.0,5000.0
8622,2449,2025-06-02,15,4,SKU0010,2,9300,0.1,16740.0
8623,2450,2024-05-11,8,5,SKU0014,1,5700,0.0,5700.0
8624,2450,2024-05-11,8,5,SKU0035,3,14900,0.1,40230.0
8625,2450,2024-05-11,8,5,SKU0018,4,4000,0.05,15200.0
8626,2450,2024-05-11,8,5,SKU0024,1,2300,0.0,2300.0
8627,2450,2024-05-11,8,5,SKU0026,4,5500,0.0,22000.0
8628,2451,2025-06-07,29,1,SKU0034,4,3250,0.0,13000.0
8629,2451,2025-06-07,29,1,SKU0042,5,10800,0.1,48600.0
8630,2451,2025-06-07,29,1,SKU0041,4,9700,0.05,36860.0
8631,2451,2025-06-07,29,1,SKU0024,1,2500,0.1,2250.0
8632,2451,2025-06-07,29,1,SKU0008,4,4200,0.0,16800.0
8633,2452,2025-09-01,24,3,SKU0020,3,2500,0.0,7500.0
8634,2452,2025-09-01,24,3,SKU0010,5,9300,0.15,39525.0
8635,2452,2025-09-01,24,3,SKU0007,2,5400,0.0,10800.0
8636,2453,2025-07-02,40,2,SKU0019,2,2800,0.1,5040.0
8637,2453,2025-07-02,40,2,SKU0002,4,4650,0.0,18600.0
8638,2453,2025-07-02,40,2,SKU0021,5,4100,0.0,20500.0
8639,2453,2025-07-02,40,2,SKU0014,5,6150,0.05,29212.5
8640,2454,2026-07-14,24,5,SKU0017,5,15100,0.05,71725.0
8641,2454,2026-07-14,24,5,SKU0009,2,3950,0.1,7110.0
8642,2455,2026-07-21,37,1,SKU0039,5,15200,0.05,72200.0
8643,2455,2026-07-21,37,1,SKU0030,4,4050,0.1,14580.0
8644,2456,2026-06-11,44,5,SKU0014,3,6600,0.0,19800.0
8645,2456,2026-06-11,44,5,SKU0006,2,2650,0.0,5300.0
8646,2457,2024-06-01,7,5,SKU0024,1,2300,0.0,2300.0
8647,2457,2024-06-01,7,5,SKU0038,3,8300,0.0,24900.0
8648,2457,2024-06-01,7,5,SKU0027,4,8600,0.0,34400.0
8649,2457,2024-06-01,7,5,SKU0023,4,12900,0.1,46440.0
8650,2457,2024-06-01,7,5,SKU0006,5,2300,0.0,11500.0
8651,2458,2026-04-15,41,1,SKU0042,4,11600,0.0,46400.0
8652,2458,2026-04-15,41,1,SKU0030,4,4050,0.0,16200.0
8653,2458,2026-04-15,41,1,SKU0015,3,5800,0.15,14790.0
8654,2458,2026-04-15,41,1,SKU0020,5,2650,0.05,12587.5
8655,2459,2025-08-08,44,5,SKU0016,3,4000,0.1,10800.0
8656,2459,2025-08-08,44,5,SKU0010,5,9300,0.0,46500.0
8657,2459,2025-08-08,44,5,SKU0036,1,21500,0.0,21500.0
8658,2459,2025-08-08,44,5,SKU0038,5,8950,0.0,44750.0
8659,2460,2025-01-30,12,3,SKU0031,2,3450,0.0,6900.0
8660,2460,2025-01-30,12,3,SKU0025,1,7450,0.0,7450.0
8661,2461,2025-11-20,23,5,SKU0016,5,4000,0.1,18000.0
8662,2461,2025-11-20,23,5,SKU0029,4,6700,0.0,26800.0
8663,2461,2025-11-20,23,5,SKU0019,5,2800,0.05,13300.0
8664,2461,2025-11-20,23,5,SKU0014,3,6150,0.05,17527.5
8665,2462,2026-01-22,22,5,SKU0001,5,4400,0.0,22000.0
8666,2462,2026-01-22,22,5,SKU0013,3,5200,0.15,13260.0
8667,2462,2026-01-22,22,5,SKU0036,3,23100,0.0,69300.0
8668,2463,2026-06-26,24,4,SKU0042,5,11600,0.0,58000.0
8669,2463,2026-06-26,24,4,SKU0024,2,2650,0.0,5300.0
8670,2463,2026-06-26,24,4,SKU0013,1,5200,0.0,5200.0
8671,2463,2026-06-26,24,4,SKU0005,1,9050,0.0,9050.0
8672,2463,2026-06-26,24,4,SKU0031,2,3700,0.1,6660.0
8673,2463,2026-06-26,24,4,SKU0004,4,10450,0.0,41800.0
8674,2464,2026-01-28,25,4,SKU0011,4,5000,0.1,18000.0
8675,2464,2026-01-28,25,4,SKU0023,4,14950,0.0,59800.0
8676,2465,2024-01-20,47,2,SKU0014,5,5700,0.0,28500.0
8677,2465,2024-01-20,47,2,SKU0019,3,2600,0.05,7410.0
8678,2466,2024-03-21,14,5,SKU0028,4,2900,0.0,11600.0
8679,2467,2024-10-22,7,5,SKU0003,5,2200,0.0,11000.0
8680,2468,2024-02-18,20,5,SKU0028,2,2900,0.0,5800.0
8681,2468,2024-02-18,20,5,SKU0026,3,5500,0.0,16500.0
8682,2468,2024-02-18,20,5,SKU0002,4,4300,0.15,14620.0
8683,2468,2024-02-18,20,5,SKU0029,5,6200,0.05,29450.0
8684,2468,2024-02-18,20,5,SKU0014,2,5700,0.1,10260.0
8685,2469,2024-03-13,31,5,SKU0040,3,5400,0.0,16200.0
8686,2469,2024-03-13,31,5,SKU0024,4,2300,0.0,9200.0
8687,2469,2024-03-13,31,5,SKU0041,1,9000,0.15,7650.0
8688,2470,2026-02-14,40,1,SKU0013,3,5200,0.1,14040.0
8689,2470,2026-02-14,40,1,SKU0032,5,3600,0.0,18000.0
8690,2470,2026-02-14,40,1,SKU0007,1,5800,0.0,5800.0
8691,2470,2026-02-14,40,1,SKU0027,3,10000,0.15,25500.0
8692,2470,2026-02-14,40,1,SKU0019,4,3000,0.15,10200.0
8693,2471,2025-06-13,16,3,SKU0028,4,3150,0.15,10710.0
8694,2471,2025-06-13,16,3,SKU0037,2,16500,0.1,29700.0
8695,2471,2025-06-13,16,3,SKU0020,2,2500,0.05,4750.0
8696,2471,2025-06-13,16,3,SKU0017,4,14050,0.15,47770.0
8697,2472,2025-10-03,36,1,SKU0021,4,4100,0.0,16400.0
8698,2472,2025-10-03,36,1,SKU0009,3,3650,0.0,10950.0
8699,2472,2025-10-03,36,1,SKU0033,5,3350,0.0,16750.0
8700,2472,2025-10-03,36,1,SKU0037,4,16500,0.05,62700.0
8701,2472,2025-10-03,36,1,SKU0002,3,4650,0.1,12555.0
8702,2472,2025-10-03,36,1,SKU0022,4,2800,0.0,11200.0
8703,2473,2025-06-08,6,5,SKU0035,2,16100,0.15,27370.0
8704,2473,2025-06-08,6,5,SKU0033,3,3350,0.0,10050.0
8705,2473,2025-06-08,6,5,SKU0016,1,4000,0.05,3800.0
8706,2473,2025-06-08,6,5,SKU0029,4,6700,0.05,25460.0
8707,2473,2025-06-08,6,5,SKU0018,3,4300,0.05,12255.0
8708,2474,2025-03-21,14,5,SKU0026,2,5950,0.1,10710.0
8709,2475,2025-12-06,21,1,SKU0016,5,4000,0.15,17000.0
8710,2475,2025-12-06,21,1,SKU0003,5,2400,0.1,10800.0
8711,2476,2024-04-07,38,4,SKU0026,2,5500,0.0,11000.0
8712,2476,2024-04-07,38,4,SKU0039,2,13100,0.0,26200.0
8713,2476,2024-04-07,38,4,SKU0041,2,9000,0.0,18000.0
8714,2477,2025-07-10,17,5,SKU0039,2,14150,0.15,24055.0
8715,2477,2025-07-10,17,5,SKU0022,1,2800,0.1,2520.0
8716,2477,2025-07-10,17,5,SKU0012,3,2250,0.0,6750.0
8717,2477,2025-07-10,17,5,SKU0008,1,4200,0.15,3570.0
8718,2478,2025-09-22,16,5,SKU0005,1,8400,0.0,8400.0
8719,2478,2025-09-22,16,5,SKU0001,3,4100,0.15,10455.0
8720,2478,2025-09-22,16,5,SKU0034,3,3250,0.0,9750.0
8721,2478,2025-09-22,16,5,SKU0035,5,16100,0.0,80500.0
8722,2479,2024-11-07,25,4,SKU0020,5,2300,0.15,9775.0
8723,2480,2024-12-09,4,2,SKU0026,4,5500,0.0,22000.0
8724,2480,2024-12-09,4,2,SKU0017,5,13000,0.0,65000.0
8725,2480,2024-12-09,4,2,SKU0029,1,6200,0.0,6200.0
8726,2480,2024-12-09,4,2,SKU0018,1,4000,0.0,4000.0
8727,2481,2025-06-17,12,1,SKU0003,4,2400,0.1,8640.0
8728,2481,2025-06-17,12,1,SKU0016,3,4000,0.0,12000.0
8729,2481,2025-06-17,12,1,SKU0037,5,16500,0.15,70125.0
8730,2482,2024-08-17,27,5,SKU0005,1,7800,0.0,7800.0
8731,2482,2024-08-17,27,5,SKU0041,5,9000,0.05,42750.0
8732,2482,2024-08-17,27,5,SKU0037,2,15300,0.0,30600.0
8733,2482,2024-08-17,27,5,SKU0003,2,2200,0.0,4400.0
8734,2482,2024-08-17,27,5,SKU0039,2,13100,0.15,22270.0
8735,2482,2024-08-17,27,5,SKU0020,5,2300,0.0,11500.0
8736,2483,2026-03-03,46,4,SKU0007,2,5800,0.05,11020.0
8737,2484,2025-07-10,21,3,SKU0001,2,4100,0.15,6970.0
8738,2484,2025-07-10,21,3,SKU0002,5,4650,0.0,23250.0
8739,2484,2025-07-10,21,3,SKU0011,1,4650,0.0,4650.0
8740,2484,2025-07-10,21,3,SKU0038,1,8950,0.0,8950.0
8741,2484,2025-07-10,21,3,SKU0022,3,2800,0.15,7140.0
8742,2484,2025-07-10,21,3,SKU0031,3,3450,0.15,8797.5
8743,2485,2025-02-25,30,1,SKU0006,1,2500,0.05,2375.0
8744,2485,2025-02-25,30,1,SKU0024,3,2500,0.05,7125.0
8745,2485,2025-02-25,30,1,SKU0036,5,21500,0.15,91375.0
8746,2485,2025-02-25,30,1,SKU0004,5,9700,0.0,48500.0
8747,2485,2025-02-25,30,1,SKU0025,2,7450,0.0,14900.0
8748,2486,2025-10-09,41,3,SKU0023,3,13950,0.0,41850.0
8749,2487,2026-03-24,37,1,SKU0038,1,9650,0.05,9167.5
8750,2487,2026-03-24,37,1,SKU0015,4,5800,0.15,19720.0
8751,2487,2026-03-24,37,1,SKU0037,4,17750,0.0,71000.0
8752,2487,2026-03-24,37,1,SKU0027,4,10000,0.0,40000.0
8753,2487,2026-03-24,37,1,SKU0035,5,17300,0.0,86500.0
8754,2487,2026-03-24,37,1,SKU0029,3,7200,0.05,20520.0
8755,2488,2025-11-19,10,5,SKU0011,3,4650,0.0,13950.0
8756,2488,2025-11-19,10,5,SKU0036,4,21500,0.1,77400.0
8757,2489,2024-03-20,7,5,SKU0006,2,2300,0.15,3910.0
8758,2489,2024-03-20,7,5,SKU0010,2,8600,0.0,17200.0
8759,2489,2024-03-20,7,5,SKU0038,2,8300,0.0,16600.0
8760,2489,2024-03-20,7,5,SKU0015,5,5000,0.0,25000.0
8761,2490,2025-12-03,11,2,SKU0037,3,16500,0.0,49500.0
8762,2491,2025-12-26,43,1,SKU0031,4,3450,0.0,13800.0
8763,2491,2025-12-26,43,1,SKU0005,3,8400,0.05,23940.0
8764,2492,2026-04-03,36,3,SKU0010,1,10000,0.0,10000.0
8765,2492,2026-04-03,36,3,SKU0029,4,7200,0.0,28800.0
8766,2492,2026-04-03,36,3,SKU0017,1,15100,0.1,13590.0
8767,2492,2026-04-03,36,3,SKU0035,2,17300,0.0,34600.0
8768,2493,2024-03-11,48,2,SKU0003,1,2200,0.0,2200.0
8769,2493,2024-03-11,48,2,SKU0015,3,5000,0.0,15000.0
8770,2493,2024-03-11,48,2,SKU0004,1,9000,0.0,9000.0
8771,2493,2024-03-11,48,2,SKU0025,1,6900,0.0,6900.0
8772,2493,2024-03-11,48,2,SKU0038,5,8300,0.0,41500.0
8773,2493,2024-03-11,48,2,SKU0024,1,2300,0.15,1955.0
8774,2494,2024-04-12,42,1,SKU0006,5,2300,0.15,9775.0
8775,2494,2024-04-12,42,1,SKU0008,5,3900,0.0,19500.0
8776,2494,2024-04-12,42,1,SKU0009,2,3400,0.0,6800.0
8777,2494,2024-04-12,42,1,SKU0042,2,10000,0.0,20000.0
8778,2494,2024-04-12,42,1,SKU0015,3,5000,0.05,14250.0
8779,2495,2025-04-08,48,5,SKU0038,2,8950,0.0,17900.0
8780,2495,2025-04-08,48,5,SKU0009,1,3650,0.15,3102.5
8781,2495,2025-04-08,48,5,SKU0004,3,9700,0.15,24735.0
8782,2495,2025-04-08,48,5,SKU0028,3,3150,0.05,8977.5
8783,2496,2025-04-26,28,5,SKU0033,1,3350,0.05,3182.5
8784,2496,2025-04-26,28,5,SKU0039,4,14150,0.15,48110.0
8785,2496,2025-04-26,28,5,SKU0007,5,5400,0.0,27000.0
8786,2496,2025-04-26,28,5,SKU0002,3,4650,0.0,13950.0
8787,2496,2025-04-26,28,5,SKU0038,1,8950,0.0,8950.0
8788,2496,2025-04-26,28,5,SKU0025,2,7450,0.0,14900.0
8789,2497,2025-09-15,5,2,SKU0014,4,6150,0.0,24600.0
8790,2498,2024-12-09,34,1,SKU0018,3,4000,0.0,12000.0
8791,2498,2024-12-09,34,1,SKU0007,4,5000,0.15,17000.0
8792,2498,2024-12-09,34,1,SKU0036,1,19900,0.05,18905.0
8793,2498,2024-12-09,34,1,SKU0001,1,3800,0.1,3420.0
8794,2499,2026-01-04,40,4,SKU0017,1,15100,0.15,12835.0
8795,2500,2026-01-03,50,5,SKU0018,5,4650,0.0,23250.0
8796,2500,2026-01-03,50,5,SKU0028,3,3350,0.0,10050.0
